-- Generated SQL data for truong_pho_thong_lien_cap

USE truong_pho_thong_lien_cap;

SET FOREIGN_KEY_CHECKS=0;

INSERT INTO Con_Nguoi (ID_con_nguoi, Ho, Dem, Ten, Ngay_sinh, Gioi_tinh, Dan_toc, Dia_chi_thuong_tru) VALUES
  ('GV001', 'Vũ', 'Anh', 'Hải', '1981-11-22', 'Nữ', 'Kinh', 'Phú Lương - Hà Đông'),
  ('GV002', 'Dương', 'Anh', 'Vy', '1989-06-18', 'Nữ', 'Kinh', 'Mộ Lao - Hà Đông'),
  ('GV003', 'Vũ', 'Anh', 'Lan', '1978-11-08', 'Nam', 'Kinh', 'Khương Trung - Thanh Xuân'),
  ('GV004', 'Nguyễn', 'Hữu', 'Khoa', '1991-06-23', 'Nam', 'Kinh', 'Yên Nghĩa - Hà Đông'),
  ('GV005', 'Trần', 'Minh', 'Minh', '1997-12-24', 'Nữ', 'Kinh', 'Phú Lương - Hà Đông'),
  ('GV006', 'Phạm', 'Gia', 'Trung', '1981-02-28', 'Nữ', 'Kinh', 'Trần Phú - Hà Đông'),
  ('GV007', 'Nguyễn', 'Tuấn', 'Tân', '1985-02-25', 'Nữ', 'Kinh', 'Mộ Lao - Hà Đông'),
  ('GV008', 'Bùi', 'Thị', 'Lâm', '1999-08-15', 'Nam', 'Kinh', 'Trần Phú - Hà Đông'),
  ('GV009', 'Đỗ', 'Hữu', 'Tân', '1976-09-14', 'Nữ', 'Kinh', 'Yên Nghĩa - Hà Đông'),
  ('GV010', 'Dương', 'Tấn', 'Minh', '1998-03-04', 'Nữ', 'Kinh', 'Văn Quán - Hà Đông'),
  ('GV011', 'Hoàng', 'Quang', 'Hòa', '1991-07-14', 'Nam', 'Kinh', 'Phú La - Hà Đông'),
  ('GV012', 'Ngô', 'Phúc', 'Lan', '1989-03-05', 'Nữ', 'Kinh', 'Trần Phú - Hà Đông'),
  ('GV013', 'Phạm', 'Ngọc', 'Minh', '1992-06-23', 'Nam', 'Kinh', 'Trần Phú - Hà Đông'),
  ('GV014', 'Dương', 'Hữu', 'Lâm', '1984-11-12', 'Nam', 'Kinh', 'Khương Trung - Thanh Xuân'),
  ('GV015', 'Vũ', 'Phúc', 'Khoa', '1997-11-11', 'Nam', 'Kinh', 'Nhân Chính - Thanh Xuân'),
  ('GV016', 'Dương', 'Phúc', 'Lan', '1993-11-23', 'Nữ', 'Kinh', 'Hà Cầu - Hà Đông'),
  ('GV017', 'Nguyễn', 'Quang', 'Thủy', '2000-01-17', 'Nam', 'Kinh', 'Thanh Bình - Hà Đông'),
  ('GV018', 'Lê', 'Minh', 'Thu', '1996-01-07', 'Nữ', 'Kinh', 'Yên Nghĩa - Hà Đông'),
  ('GV019', 'Phạm', 'Phúc', 'Hải', '1976-12-26', 'Nữ', 'Kinh', 'Văn Quán - Hà Đông'),
  ('GV020', 'Dương', 'Phúc', 'Mai', '1989-02-20', 'Nam', 'Kinh', 'Phú Lương - Hà Đông');

INSERT INTO Con_Nguoi (ID_con_nguoi, Ho, Dem, Ten, Ngay_sinh, Gioi_tinh, Dan_toc, Dia_chi_thuong_tru) VALUES
  ('PH0001', 'Bùi', 'Tấn', 'Hùng', '1985-05-19', 'Nam', 'Kinh', 'Kim Giang - Thanh Xuân'),
  ('PH0002', 'Trần', 'Gia', 'Phúc', '1982-01-22', 'Nữ', 'Kinh', 'Kim Giang - Thanh Xuân'),
  ('PH0003', 'Trần', 'Minh', 'Dũng', '1996-09-23', 'Nam', 'Kinh', 'Yên Nghĩa - Hà Đông'),
  ('PH0004', 'Đỗ', 'Hữu', 'Long', '1982-04-05', 'Nữ', 'Kinh', 'Yên Nghĩa - Hà Đông'),
  ('PH0005', 'Hoàng', 'Phúc', 'Công', '1986-07-23', 'Nam', 'Kinh', 'Hà Cầu - Hà Đông'),
  ('PH0006', 'Dương', 'Văn', 'Long', '1981-04-22', 'Nữ', 'Kinh', 'Hà Cầu - Hà Đông'),
  ('PH0007', 'Đỗ', 'Tấn', 'Dũng', '1997-06-03', 'Nam', 'Kinh', 'Mộ Lao - Hà Đông'),
  ('PH0008', 'Đỗ', 'Hữu', 'Hà', '1981-10-18', 'Nam', 'Kinh', 'Nguyễn Trãi - Thanh Xuân'),
  ('PH0009', 'Dương', 'Ngọc', 'Công', '1989-02-22', 'Nam', 'Kinh', 'Kim Giang - Thanh Xuân'),
  ('PH0010', 'Đỗ', 'Quang', 'Long', '1976-08-05', 'Nữ', 'Kinh', 'Kim Giang - Thanh Xuân'),
  ('PH0011', 'Vũ', 'Minh', 'Hùng', '1992-08-22', 'Nam', 'Kinh', 'Phú Lương - Hà Đông'),
  ('PH0012', 'Bùi', 'Anh', 'Lan', '1993-02-02', 'Nữ', 'Kinh', 'Phú Lương - Hà Đông'),
  ('PH0013', 'Vũ', 'Quang', 'Hà', '1990-01-10', 'Nam', 'Kinh', 'Phú La - Hà Đông'),
  ('PH0014', 'Đỗ', 'Quang', 'Huệ', '1988-06-13', 'Nữ', 'Kinh', 'Phú La - Hà Đông'),
  ('PH0015', 'Đặng', 'Anh', 'Dũng', '1992-03-21', 'Nam', 'Kinh', 'Phú Lương - Hà Đông'),
  ('PH0016', 'Nguyễn', 'Thị', 'Phúc', '1979-12-08', 'Nữ', 'Kinh', 'Phú Lương - Hà Đông'),
  ('PH0017', 'Dương', 'Phúc', 'Huệ', '1998-09-14', 'Nam', 'Kinh', 'Thanh Bình - Hà Đông'),
  ('PH0018', 'Phạm', 'Văn', 'Thảo', '1986-03-09', 'Nữ', 'Kinh', 'Thanh Bình - Hà Đông'),
  ('PH0019', 'Đỗ', 'Thị', 'Vân', '1988-10-25', 'Nam', 'Kinh', 'Mộ Lao - Hà Đông'),
  ('PH0020', 'Dương', 'Tuấn', 'Thảo', '1994-01-15', 'Nữ', 'Kinh', 'Mộ Lao - Hà Đông'),
  ('PH0021', 'Trần', 'Gia', 'Vân', '1998-01-13', 'Nam', 'Kinh', 'Nhân Chính - Thanh Xuân'),
  ('PH0022', 'Dương', 'Anh', 'Hoa', '1984-04-27', 'Nữ', 'Kinh', 'Nhân Chính - Thanh Xuân'),
  ('PH0023', 'Bùi', 'Quang', 'Phúc', '1996-09-08', 'Nam', 'Kinh', 'Khương Trung - Thanh Xuân'),
  ('PH0024', 'Đặng', 'Phúc', 'Công', '1993-12-06', 'Nữ', 'Kinh', 'Khương Trung - Thanh Xuân'),
  ('PH0025', 'Phạm', 'Quang', 'Hoa', '1986-11-22', 'Nam', 'Kinh', 'Trần Phú - Hà Đông'),
  ('PH0026', 'Ngô', 'Gia', 'Vân', '1987-03-25', 'Nữ', 'Kinh', 'Trần Phú - Hà Đông'),
  ('PH0027', 'Bùi', 'Phúc', 'Bình', '1979-08-02', 'Nam', 'Kinh', 'Phú La - Hà Đông'),
  ('PH0028', 'Phạm', 'Anh', 'Lan', '1987-04-09', 'Nữ', 'Kinh', 'Phú La - Hà Đông'),
  ('PH0029', 'Bùi', 'Ngọc', 'Thảo', '1977-09-24', 'Nam', 'Kinh', 'Khương Trung - Thanh Xuân'),
  ('PH0030', 'Trần', 'Ngọc', 'Tuấn', '1994-01-28', 'Nữ', 'Kinh', 'Khương Trung - Thanh Xuân'),
  ('PH0031', 'Phạm', 'Ngọc', 'Tuấn', '1985-05-01', 'Nam', 'Kinh', 'Trần Phú - Hà Đông'),
  ('PH0032', 'Đỗ', 'Tấn', 'Tuấn', '1990-04-23', 'Nam', 'Kinh', 'Kim Giang - Thanh Xuân'),
  ('PH0033', 'Bùi', 'Phúc', 'Quang', '1999-05-13', 'Nữ', 'Kinh', 'Kim Giang - Thanh Xuân'),
  ('PH0034', 'Dương', 'Gia', 'Dũng', '1986-09-16', 'Nam', 'Kinh', 'Hà Cầu - Hà Đông'),
  ('PH0035', 'Vũ', 'Quang', 'Thảo', '1985-04-12', 'Nữ', 'Kinh', 'Hà Cầu - Hà Đông'),
  ('PH0036', 'Đỗ', 'Minh', 'Bình', '1998-03-01', 'Nam', 'Kinh', 'Phú La - Hà Đông'),
  ('PH0037', 'Dương', 'Ngọc', 'Công', '1985-04-13', 'Nữ', 'Kinh', 'Phú La - Hà Đông'),
  ('PH0038', 'Bùi', 'Minh', 'Công', '1995-11-11', 'Nam', 'Kinh', 'Văn Quán - Hà Đông'),
  ('PH0039', 'Vũ', 'Hữu', 'Nga', '1989-03-24', 'Nữ', 'Kinh', 'Văn Quán - Hà Đông'),
  ('PH0040', 'Đỗ', 'Tuấn', 'Thảo', '1990-03-18', 'Nam', 'Kinh', 'Yên Nghĩa - Hà Đông'),
  ('PH0041', 'Dương', 'Thị', 'Bình', '1996-01-25', 'Nam', 'Kinh', 'Khương Trung - Thanh Xuân'),
  ('PH0042', 'Phạm', 'Phúc', 'Long', '1997-03-01', 'Nữ', 'Kinh', 'Khương Trung - Thanh Xuân'),
  ('PH0043', 'Bùi', 'Tấn', 'Công', '1994-11-22', 'Nam', 'Kinh', 'Mộ Lao - Hà Đông'),
  ('PH0044', 'Nguyễn', 'Phúc', 'Minh', '1992-07-01', 'Nữ', 'Kinh', 'Mộ Lao - Hà Đông'),
  ('PH0045', 'Phạm', 'Quang', 'Hà', '1991-12-22', 'Nam', 'Kinh', 'Trần Phú - Hà Đông'),
  ('PH0046', 'Ngô', 'Minh', 'Quang', '1982-04-20', 'Nữ', 'Kinh', 'Trần Phú - Hà Đông'),
  ('PH0047', 'Dương', 'Gia', 'Vân', '1977-06-13', 'Nam', 'Kinh', 'Khương Trung - Thanh Xuân'),
  ('PH0048', 'Nguyễn', 'Văn', 'Huệ', '1977-11-28', 'Nữ', 'Kinh', 'Khương Trung - Thanh Xuân'),
  ('PH0049', 'Trần', 'Tuấn', 'Hùng', '1992-08-02', 'Nam', 'Kinh', 'Hà Cầu - Hà Đông'),
  ('PH0050', 'Đặng', 'Tấn', 'Dũng', '1988-11-26', 'Nữ', 'Kinh', 'Hà Cầu - Hà Đông'),
  ('PH0051', 'Trần', 'Gia', 'Minh', '1981-12-19', 'Nam', 'Kinh', 'Phú Lương - Hà Đông'),
  ('PH0052', 'Nguyễn', 'Hữu', 'Hoa', '1983-09-19', 'Nữ', 'Kinh', 'Phú Lương - Hà Đông'),
  ('PH0053', 'Hoàng', 'Quang', 'Lan', '1993-03-25', 'Nam', 'Kinh', 'Nguyễn Trãi - Thanh Xuân'),
  ('PH0054', 'Bùi', 'Tuấn', 'Hoa', '1982-10-27', 'Nữ', 'Kinh', 'Nguyễn Trãi - Thanh Xuân'),
  ('PH0055', 'Nguyễn', 'Văn', 'Quang', '1999-12-05', 'Nam', 'Kinh', 'Hà Cầu - Hà Đông'),
  ('PH0056', 'Dương', 'Tấn', 'Huệ', '1982-02-11', 'Nữ', 'Kinh', 'Hà Cầu - Hà Đông'),
  ('PH0057', 'Trần', 'Gia', 'Công', '1975-11-09', 'Nam', 'Kinh', 'Kim Giang - Thanh Xuân'),
  ('PH0058', 'Dương', 'Tuấn', 'Huệ', '1987-07-06', 'Nữ', 'Kinh', 'Kim Giang - Thanh Xuân'),
  ('PH0059', 'Hoàng', 'Văn', 'Lan', '1984-04-23', 'Nam', 'Kinh', 'Phú Lương - Hà Đông'),
  ('PH0060', 'Bùi', 'Anh', 'Quang', '1995-03-24', 'Nữ', 'Kinh', 'Phú Lương - Hà Đông'),
  ('PH0061', 'Lê', 'Minh', 'Dũng', '1984-08-12', 'Nam', 'Kinh', 'Nguyễn Trãi - Thanh Xuân'),
  ('PH0062', 'Ngô', 'Quang', 'Dũng', '1989-09-18', 'Nữ', 'Kinh', 'Nguyễn Trãi - Thanh Xuân'),
  ('PH0063', 'Vũ', 'Tấn', 'Hoa', '1986-09-03', 'Nam', 'Kinh', 'Hà Cầu - Hà Đông'),
  ('PH0064', 'Trần', 'Phúc', 'Vân', '1988-07-25', 'Nữ', 'Kinh', 'Hà Cầu - Hà Đông'),
  ('PH0065', 'Đặng', 'Quang', 'Hà', '1991-03-22', 'Nam', 'Kinh', 'Phú La - Hà Đông'),
  ('PH0066', 'Lê', 'Quang', 'Minh', '1990-03-03', 'Nữ', 'Kinh', 'Phú La - Hà Đông'),
  ('PH0067', 'Phạm', 'Minh', 'Vân', '1990-02-12', 'Nam', 'Kinh', 'Kim Giang - Thanh Xuân'),
  ('PH0068', 'Trần', 'Hữu', 'Phúc', '1994-04-15', 'Nữ', 'Kinh', 'Kim Giang - Thanh Xuân'),
  ('PH0069', 'Lê', 'Anh', 'Long', '1985-10-13', 'Nam', 'Kinh', 'Thanh Bình - Hà Đông'),
  ('PH0070', 'Vũ', 'Anh', 'Tuấn', '1995-10-05', 'Nữ', 'Kinh', 'Thanh Bình - Hà Đông'),
  ('PH0071', 'Hoàng', 'Anh', 'Phúc', '1985-03-13', 'Nam', 'Kinh', 'Phú La - Hà Đông'),
  ('PH0072', 'Bùi', 'Minh', 'Huệ', '1993-04-11', 'Nữ', 'Kinh', 'Phú La - Hà Đông'),
  ('PH0073', 'Dương', 'Phúc', 'Hà', '1993-04-19', 'Nam', 'Kinh', 'Yên Nghĩa - Hà Đông'),
  ('PH0074', 'Phạm', 'Gia', 'Phúc', '1998-08-23', 'Nữ', 'Kinh', 'Yên Nghĩa - Hà Đông'),
  ('PH0075', 'Phạm', 'Gia', 'Nga', '2000-07-22', 'Nam', 'Kinh', 'Nguyễn Trãi - Thanh Xuân'),
  ('PH0076', 'Bùi', 'Quang', 'Lan', '1996-03-23', 'Nữ', 'Kinh', 'Nguyễn Trãi - Thanh Xuân'),
  ('PH0077', 'Đỗ', 'Phúc', 'Bình', '1990-10-13', 'Nam', 'Kinh', 'Hà Cầu - Hà Đông'),
  ('PH0078', 'Ngô', 'Tấn', 'Lan', '1986-12-26', 'Nữ', 'Kinh', 'Hà Cầu - Hà Đông'),
  ('PH0079', 'Đặng', 'Hữu', 'Thảo', '1996-11-12', 'Nam', 'Kinh', 'Nguyễn Trãi - Thanh Xuân'),
  ('PH0080', 'Bùi', 'Văn', 'Hùng', '1999-06-26', 'Nữ', 'Kinh', 'Nguyễn Trãi - Thanh Xuân'),
  ('PH0081', 'Dương', 'Phúc', 'Vân', '1991-12-17', 'Nam', 'Kinh', 'Phú Lương - Hà Đông'),
  ('PH0082', 'Đỗ', 'Hữu', 'Quang', '1999-11-19', 'Nữ', 'Kinh', 'Phú Lương - Hà Đông'),
  ('PH0083', 'Dương', 'Văn', 'Dũng', '1978-05-14', 'Nam', 'Kinh', 'Văn Quán - Hà Đông'),
  ('PH0084', 'Phạm', 'Phúc', 'Công', '1985-08-26', 'Nữ', 'Kinh', 'Văn Quán - Hà Đông'),
  ('PH0085', 'Hoàng', 'Gia', 'Hoa', '1978-08-24', 'Nam', 'Kinh', 'Thanh Bình - Hà Đông'),
  ('PH0086', 'Nguyễn', 'Anh', 'Dũng', '2000-12-04', 'Nữ', 'Kinh', 'Thanh Bình - Hà Đông'),
  ('PH0087', 'Hoàng', 'Ngọc', 'Hà', '2000-03-24', 'Nam', 'Kinh', 'Nhân Chính - Thanh Xuân'),
  ('PH0088', 'Bùi', 'Tuấn', 'Hà', '1989-04-26', 'Nữ', 'Kinh', 'Nhân Chính - Thanh Xuân'),
  ('PH0089', 'Vũ', 'Tấn', 'Tuấn', '1988-07-01', 'Nam', 'Kinh', 'Phú Lương - Hà Đông'),
  ('PH0090', 'Hoàng', 'Văn', 'Dũng', '1997-04-07', 'Nữ', 'Kinh', 'Phú Lương - Hà Đông'),
  ('PH0091', 'Đặng', 'Văn', 'Minh', '1985-04-15', 'Nam', 'Kinh', 'Văn Quán - Hà Đông'),
  ('PH0092', 'Bùi', 'Tấn', 'Huệ', '1995-06-20', 'Nữ', 'Kinh', 'Văn Quán - Hà Đông'),
  ('PH0093', 'Phạm', 'Gia', 'Hà', '1986-06-28', 'Nam', 'Kinh', 'Kim Giang - Thanh Xuân'),
  ('PH0094', 'Lê', 'Anh', 'Dũng', '1994-10-03', 'Nữ', 'Kinh', 'Kim Giang - Thanh Xuân'),
  ('PH0095', 'Dương', 'Hữu', 'Huệ', '1978-03-12', 'Nam', 'Kinh', 'Nguyễn Trãi - Thanh Xuân'),
  ('PH0096', 'Bùi', 'Tuấn', 'Hà', '1987-07-06', 'Nữ', 'Kinh', 'Nguyễn Trãi - Thanh Xuân'),
  ('PH0097', 'Đặng', 'Hữu', 'Hoa', '1990-05-05', 'Nam', 'Kinh', 'Phú Lương - Hà Đông'),
  ('PH0098', 'Lê', 'Ngọc', 'Huệ', '1986-01-16', 'Nữ', 'Kinh', 'Phú Lương - Hà Đông'),
  ('PH0099', 'Dương', 'Quang', 'Công', '1991-11-16', 'Nam', 'Kinh', 'Kim Giang - Thanh Xuân'),
  ('PH0100', 'Ngô', 'Thị', 'Vân', '1990-03-03', 'Nữ', 'Kinh', 'Kim Giang - Thanh Xuân'),
  ('PH0101', 'Vũ', 'Minh', 'Hà', '1983-04-18', 'Nam', 'Kinh', 'Trần Phú - Hà Đông'),
  ('PH0102', 'Ngô', 'Văn', 'Dũng', '1999-08-18', 'Nữ', 'Kinh', 'Trần Phú - Hà Đông'),
  ('PH0103', 'Trần', 'Anh', 'Thảo', '1999-09-27', 'Nam', 'Kinh', 'Thanh Bình - Hà Đông'),
  ('PH0104', 'Hoàng', 'Minh', 'Thảo', '1988-02-24', 'Nữ', 'Kinh', 'Thanh Bình - Hà Đông'),
  ('PH0105', 'Bùi', 'Văn', 'Vân', '1986-02-15', 'Nam', 'Kinh', 'Phú La - Hà Đông'),
  ('PH0106', 'Dương', 'Tuấn', 'Bình', '1993-12-12', 'Nữ', 'Kinh', 'Phú La - Hà Đông'),
  ('PH0107', 'Bùi', 'Ngọc', 'Tuấn', '1994-03-26', 'Nam', 'Kinh', 'Nguyễn Trãi - Thanh Xuân'),
  ('PH0108', 'Lê', 'Anh', 'Phúc', '1983-10-18', 'Nữ', 'Kinh', 'Nguyễn Trãi - Thanh Xuân'),
  ('PH0109', 'Hoàng', 'Văn', 'Nga', '1983-09-22', 'Nam', 'Kinh', 'Hà Cầu - Hà Đông'),
  ('PH0110', 'Dương', 'Hữu', 'Vân', '1995-03-23', 'Nam', 'Kinh', 'Hà Cầu - Hà Đông'),
  ('PH0111', 'Bùi', 'Hữu', 'Minh', '1982-11-13', 'Nữ', 'Kinh', 'Hà Cầu - Hà Đông'),
  ('PH0112', 'Bùi', 'Tuấn', 'Lan', '1987-08-03', 'Nam', 'Kinh', 'Nhân Chính - Thanh Xuân'),
  ('PH0113', 'Đỗ', 'Anh', 'Hùng', '1997-06-15', 'Nữ', 'Kinh', 'Nhân Chính - Thanh Xuân'),
  ('PH0114', 'Đỗ', 'Tuấn', 'Quang', '1998-08-21', 'Nam', 'Kinh', 'Mộ Lao - Hà Đông'),
  ('PH0115', 'Phạm', 'Gia', 'Minh', '1987-04-14', 'Nữ', 'Kinh', 'Mộ Lao - Hà Đông'),
  ('PH0116', 'Phạm', 'Tấn', 'Nga', '1984-06-18', 'Nam', 'Kinh', 'Yên Nghĩa - Hà Đông'),
  ('PH0117', 'Trần', 'Thị', 'Thảo', '2000-06-22', 'Nam', 'Kinh', 'Yên Nghĩa - Hà Đông'),
  ('PH0118', 'Nguyễn', 'Quang', 'Tuấn', '1980-08-15', 'Nữ', 'Kinh', 'Yên Nghĩa - Hà Đông'),
  ('PH0119', 'Lê', 'Minh', 'Lan', '1984-03-28', 'Nam', 'Kinh', 'Yên Nghĩa - Hà Đông'),
  ('PH0120', 'Phạm', 'Thị', 'Huệ', '1986-11-21', 'Nữ', 'Kinh', 'Yên Nghĩa - Hà Đông'),
  ('PH0121', 'Lê', 'Ngọc', 'Bình', '1998-12-25', 'Nam', 'Kinh', 'Kim Giang - Thanh Xuân'),
  ('PH0122', 'Phạm', 'Tấn', 'Vân', '1981-08-03', 'Nữ', 'Kinh', 'Kim Giang - Thanh Xuân'),
  ('PH0123', 'Đỗ', 'Anh', 'Dũng', '1975-01-23', 'Nam', 'Kinh', 'Khương Trung - Thanh Xuân'),
  ('PH0124', 'Trần', 'Văn', 'Dũng', '1977-04-13', 'Nữ', 'Kinh', 'Khương Trung - Thanh Xuân'),
  ('PH0125', 'Bùi', 'Hữu', 'Nga', '1984-03-13', 'Nam', 'Kinh', 'Phú Lương - Hà Đông'),
  ('PH0126', 'Lê', 'Gia', 'Quang', '1975-10-21', 'Nữ', 'Kinh', 'Phú Lương - Hà Đông'),
  ('PH0127', 'Hoàng', 'Hữu', 'Bình', '1981-11-24', 'Nam', 'Kinh', 'Mộ Lao - Hà Đông'),
  ('PH0128', 'Lê', 'Văn', 'Huệ', '1981-02-04', 'Nữ', 'Kinh', 'Mộ Lao - Hà Đông'),
  ('PH0129', 'Dương', 'Hữu', 'Vân', '1988-06-26', 'Nam', 'Kinh', 'Trần Phú - Hà Đông'),
  ('PH0130', 'Ngô', 'Minh', 'Hùng', '1994-10-24', 'Nữ', 'Kinh', 'Trần Phú - Hà Đông'),
  ('PH0131', 'Lê', 'Ngọc', 'Huệ', '1991-10-17', 'Nam', 'Kinh', 'Khương Trung - Thanh Xuân'),
  ('PH0132', 'Bùi', 'Văn', 'Vân', '2000-04-16', 'Nữ', 'Kinh', 'Khương Trung - Thanh Xuân'),
  ('PH0133', 'Phạm', 'Anh', 'Hoa', '1977-09-01', 'Nam', 'Kinh', 'Khương Trung - Thanh Xuân'),
  ('PH0134', 'Ngô', 'Tuấn', 'Hà', '1993-07-12', 'Nữ', 'Kinh', 'Khương Trung - Thanh Xuân'),
  ('PH0135', 'Bùi', 'Tấn', 'Lan', '1999-02-01', 'Nam', 'Kinh', 'Phú Lương - Hà Đông'),
  ('PH0136', 'Đặng', 'Phúc', 'Phúc', '1976-01-26', 'Nữ', 'Kinh', 'Phú Lương - Hà Đông'),
  ('PH0137', 'Đặng', 'Quang', 'Bình', '1997-09-25', 'Nam', 'Kinh', 'Phú Lương - Hà Đông'),
  ('PH0138', 'Dương', 'Hữu', 'Minh', '1995-09-18', 'Nữ', 'Kinh', 'Phú Lương - Hà Đông'),
  ('PH0139', 'Trần', 'Ngọc', 'Nga', '1984-02-17', 'Nam', 'Kinh', 'Kim Giang - Thanh Xuân'),
  ('PH0140', 'Lê', 'Minh', 'Bình', '1999-11-22', 'Nữ', 'Kinh', 'Kim Giang - Thanh Xuân'),
  ('PH0141', 'Trần', 'Văn', 'Long', '1982-02-14', 'Nam', 'Kinh', 'Nguyễn Trãi - Thanh Xuân'),
  ('PH0142', 'Phạm', 'Văn', 'Hùng', '1984-11-24', 'Nữ', 'Kinh', 'Nguyễn Trãi - Thanh Xuân'),
  ('PH0143', 'Dương', 'Hữu', 'Công', '1979-12-01', 'Nam', 'Kinh', 'Hà Cầu - Hà Đông'),
  ('PH0144', 'Lê', 'Anh', 'Nga', '2000-12-09', 'Nữ', 'Kinh', 'Hà Cầu - Hà Đông'),
  ('PH0145', 'Nguyễn', 'Văn', 'Hùng', '1999-05-24', 'Nam', 'Kinh', 'Yên Nghĩa - Hà Đông'),
  ('PH0146', 'Vũ', 'Tấn', 'Lan', '1983-09-03', 'Nữ', 'Kinh', 'Yên Nghĩa - Hà Đông'),
  ('PH0147', 'Đặng', 'Thị', 'Công', '1989-09-12', 'Nam', 'Kinh', 'Văn Quán - Hà Đông'),
  ('PH0148', 'Trần', 'Tấn', 'Dũng', '1980-05-25', 'Nữ', 'Kinh', 'Văn Quán - Hà Đông'),
  ('PH0149', 'Hoàng', 'Thị', 'Hùng', '1998-09-01', 'Nam', 'Kinh', 'Văn Quán - Hà Đông'),
  ('PH0150', 'Nguyễn', 'Phúc', 'Bình', '1987-03-06', 'Nữ', 'Kinh', 'Văn Quán - Hà Đông'),
  ('PH0151', 'Bùi', 'Anh', 'Minh', '1982-07-24', 'Nam', 'Kinh', 'Thanh Bình - Hà Đông'),
  ('PH0152', 'Lê', 'Ngọc', 'Thảo', '1991-11-02', 'Nữ', 'Kinh', 'Thanh Bình - Hà Đông'),
  ('PH0153', 'Bùi', 'Minh', 'Hoa', '1989-05-25', 'Nam', 'Kinh', 'Hà Cầu - Hà Đông'),
  ('PH0154', 'Dương', 'Minh', 'Vân', '1986-04-10', 'Nữ', 'Kinh', 'Hà Cầu - Hà Đông'),
  ('PH0155', 'Đặng', 'Ngọc', 'Vân', '1993-08-25', 'Nam', 'Kinh', 'Khương Trung - Thanh Xuân'),
  ('PH0156', 'Ngô', 'Anh', 'Hùng', '1988-01-08', 'Nữ', 'Kinh', 'Khương Trung - Thanh Xuân'),
  ('PH0157', 'Lê', 'Minh', 'Dũng', '1975-11-13', 'Nam', 'Kinh', 'Kim Giang - Thanh Xuân'),
  ('PH0158', 'Nguyễn', 'Hữu', 'Minh', '1982-07-16', 'Nữ', 'Kinh', 'Kim Giang - Thanh Xuân'),
  ('PH0159', 'Trần', 'Phúc', 'Bình', '1976-04-28', 'Nam', 'Kinh', 'Thanh Bình - Hà Đông'),
  ('PH0160', 'Đặng', 'Tấn', 'Dũng', '1989-12-03', 'Nam', 'Kinh', 'Trần Phú - Hà Đông'),
  ('PH0161', 'Nguyễn', 'Quang', 'Nga', '1977-10-19', 'Nữ', 'Kinh', 'Trần Phú - Hà Đông'),
  ('PH0162', 'Bùi', 'Anh', 'Hoa', '1985-07-23', 'Nam', 'Kinh', 'Phú Lương - Hà Đông'),
  ('PH0163', 'Dương', 'Văn', 'Nga', '1977-04-05', 'Nữ', 'Kinh', 'Phú Lương - Hà Đông'),
  ('PH0164', 'Đỗ', 'Anh', 'Bình', '1980-08-15', 'Nam', 'Kinh', 'Khương Trung - Thanh Xuân'),
  ('PH0165', 'Hoàng', 'Gia', 'Minh', '1999-04-15', 'Nữ', 'Kinh', 'Khương Trung - Thanh Xuân'),
  ('PH0166', 'Nguyễn', 'Tấn', 'Thảo', '1980-11-10', 'Nam', 'Kinh', 'Văn Quán - Hà Đông'),
  ('PH0167', 'Bùi', 'Phúc', 'Thảo', '1997-04-12', 'Nữ', 'Kinh', 'Văn Quán - Hà Đông'),
  ('PH0168', 'Nguyễn', 'Quang', 'Long', '1983-03-01', 'Nam', 'Kinh', 'Hà Cầu - Hà Đông'),
  ('PH0169', 'Phạm', 'Văn', 'Hùng', '1978-08-04', 'Nữ', 'Kinh', 'Hà Cầu - Hà Đông'),
  ('PH0170', 'Lê', 'Quang', 'Quang', '1979-04-27', 'Nam', 'Kinh', 'Phú La - Hà Đông'),
  ('PH0171', 'Dương', 'Minh', 'Lan', '1995-02-19', 'Nữ', 'Kinh', 'Phú La - Hà Đông'),
  ('PH0172', 'Vũ', 'Gia', 'Nga', '1977-04-21', 'Nam', 'Kinh', 'Trần Phú - Hà Đông'),
  ('PH0173', 'Dương', 'Quang', 'Huệ', '1989-01-06', 'Nữ', 'Kinh', 'Trần Phú - Hà Đông'),
  ('PH0174', 'Nguyễn', 'Hữu', 'Quang', '1987-11-14', 'Nam', 'Kinh', 'Khương Trung - Thanh Xuân'),
  ('PH0175', 'Dương', 'Tấn', 'Vân', '1989-03-02', 'Nữ', 'Kinh', 'Khương Trung - Thanh Xuân'),
  ('PH0176', 'Đặng', 'Gia', 'Thảo', '1990-07-18', 'Nam', 'Kinh', 'Khương Trung - Thanh Xuân'),
  ('PH0177', 'Ngô', 'Ngọc', 'Hùng', '1988-04-21', 'Nữ', 'Kinh', 'Khương Trung - Thanh Xuân'),
  ('PH0178', 'Phạm', 'Gia', 'Quang', '1986-08-18', 'Nam', 'Kinh', 'Hà Cầu - Hà Đông'),
  ('PH0179', 'Nguyễn', 'Anh', 'Vân', '1987-05-06', 'Nữ', 'Kinh', 'Hà Cầu - Hà Đông'),
  ('PH0180', 'Ngô', 'Gia', 'Quang', '2000-05-02', 'Nam', 'Kinh', 'Phú Lương - Hà Đông'),
  ('PH0181', 'Lê', 'Tuấn', 'Vân', '1980-02-08', 'Nam', 'Kinh', 'Hà Cầu - Hà Đông'),
  ('PH0182', 'Bùi', 'Anh', 'Hà', '1982-10-28', 'Nữ', 'Kinh', 'Hà Cầu - Hà Đông'),
  ('PH0183', 'Ngô', 'Anh', 'Hùng', '1985-12-23', 'Nam', 'Kinh', 'Khương Trung - Thanh Xuân'),
  ('PH0184', 'Dương', 'Ngọc', 'Công', '1993-10-05', 'Nữ', 'Kinh', 'Khương Trung - Thanh Xuân'),
  ('PH0185', 'Hoàng', 'Thị', 'Lan', '1984-03-16', 'Nam', 'Kinh', 'Phú Lương - Hà Đông'),
  ('PH0186', 'Đặng', 'Tấn', 'Tuấn', '1991-08-01', 'Nữ', 'Kinh', 'Phú Lương - Hà Đông'),
  ('PH0187', 'Hoàng', 'Thị', 'Nga', '1980-06-02', 'Nam', 'Kinh', 'Nhân Chính - Thanh Xuân'),
  ('PH0188', 'Ngô', 'Anh', 'Lan', '1979-02-28', 'Nữ', 'Kinh', 'Nhân Chính - Thanh Xuân'),
  ('PH0189', 'Đặng', 'Tấn', 'Dũng', '1997-11-13', 'Nam', 'Kinh', 'Nguyễn Trãi - Thanh Xuân'),
  ('PH0190', 'Bùi', 'Tuấn', 'Công', '1979-03-24', 'Nữ', 'Kinh', 'Nguyễn Trãi - Thanh Xuân'),
  ('PH0191', 'Bùi', 'Phúc', 'Quang', '1985-03-23', 'Nam', 'Kinh', 'Mộ Lao - Hà Đông'),
  ('PH0192', 'Hoàng', 'Hữu', 'Hà', '1980-07-10', 'Nữ', 'Kinh', 'Mộ Lao - Hà Đông'),
  ('PH0193', 'Ngô', 'Tấn', 'Thảo', '1997-10-13', 'Nam', 'Kinh', 'Thanh Bình - Hà Đông'),
  ('PH0194', 'Dương', 'Văn', 'Công', '2000-10-08', 'Nữ', 'Kinh', 'Thanh Bình - Hà Đông'),
  ('PH0195', 'Phạm', 'Ngọc', 'Quang', '1985-12-03', 'Nam', 'Kinh', 'Hà Cầu - Hà Đông'),
  ('PH0196', 'Đặng', 'Gia', 'Hùng', '1977-12-22', 'Nữ', 'Kinh', 'Hà Cầu - Hà Đông'),
  ('PH0197', 'Lê', 'Văn', 'Quang', '1981-04-23', 'Nam', 'Kinh', 'Yên Nghĩa - Hà Đông'),
  ('PH0198', 'Bùi', 'Hữu', 'Bình', '1976-07-15', 'Nữ', 'Kinh', 'Yên Nghĩa - Hà Đông'),
  ('PH0199', 'Dương', 'Văn', 'Công', '1986-09-13', 'Nam', 'Kinh', 'Văn Quán - Hà Đông'),
  ('PH0200', 'Trần', 'Thị', 'Phúc', '1982-03-15', 'Nữ', 'Kinh', 'Văn Quán - Hà Đông'),
  ('PH0201', 'Bùi', 'Anh', 'Hà', '1983-02-03', 'Nam', 'Kinh', 'Nguyễn Trãi - Thanh Xuân'),
  ('PH0202', 'Vũ', 'Tấn', 'Công', '1977-09-03', 'Nữ', 'Kinh', 'Nguyễn Trãi - Thanh Xuân'),
  ('PH0203', 'Lê', 'Hữu', 'Bình', '1975-07-21', 'Nam', 'Kinh', 'Phú La - Hà Đông'),
  ('PH0204', 'Ngô', 'Phúc', 'Minh', '1981-04-14', 'Nữ', 'Kinh', 'Phú La - Hà Đông'),
  ('PH0205', 'Vũ', 'Thị', 'Huệ', '1984-04-04', 'Nam', 'Kinh', 'Trần Phú - Hà Đông'),
  ('PH0206', 'Đặng', 'Thị', 'Bình', '1990-03-02', 'Nữ', 'Kinh', 'Trần Phú - Hà Đông'),
  ('PH0207', 'Dương', 'Tấn', 'Công', '1984-11-21', 'Nam', 'Kinh', 'Nhân Chính - Thanh Xuân'),
  ('PH0208', 'Hoàng', 'Văn', 'Công', '1981-03-21', 'Nữ', 'Kinh', 'Nhân Chính - Thanh Xuân'),
  ('PH0209', 'Hoàng', 'Gia', 'Minh', '1984-07-16', 'Nam', 'Kinh', 'Kim Giang - Thanh Xuân'),
  ('PH0210', 'Đặng', 'Hữu', 'Long', '1980-06-13', 'Nữ', 'Kinh', 'Kim Giang - Thanh Xuân'),
  ('PH0211', 'Trần', 'Ngọc', 'Minh', '1989-08-09', 'Nam', 'Kinh', 'Trần Phú - Hà Đông'),
  ('PH0212', 'Đặng', 'Phúc', 'Bình', '1996-02-03', 'Nữ', 'Kinh', 'Trần Phú - Hà Đông'),
  ('PH0213', 'Đỗ', 'Phúc', 'Bình', '1976-07-27', 'Nam', 'Kinh', 'Khương Trung - Thanh Xuân'),
  ('PH0214', 'Trần', 'Quang', 'Thảo', '1982-08-10', 'Nữ', 'Kinh', 'Khương Trung - Thanh Xuân'),
  ('PH0215', 'Đỗ', 'Tấn', 'Nga', '2000-10-22', 'Nam', 'Kinh', 'Mộ Lao - Hà Đông'),
  ('PH0216', 'Vũ', 'Ngọc', 'Tuấn', '1989-03-06', 'Nam', 'Kinh', 'Khương Trung - Thanh Xuân'),
  ('PH0217', 'Lê', 'Tấn', 'Minh', '1996-07-07', 'Nữ', 'Kinh', 'Khương Trung - Thanh Xuân'),
  ('PH0218', 'Vũ', 'Quang', 'Huệ', '2000-02-03', 'Nam', 'Kinh', 'Phú Lương - Hà Đông'),
  ('PH0219', 'Nguyễn', 'Thị', 'Bình', '1991-08-28', 'Nam', 'Kinh', 'Phú La - Hà Đông'),
  ('PH0220', 'Lê', 'Văn', 'Dũng', '1993-10-19', 'Nữ', 'Kinh', 'Phú La - Hà Đông'),
  ('PH0221', 'Đặng', 'Quang', 'Công', '1986-07-09', 'Nam', 'Kinh', 'Phú Lương - Hà Đông'),
  ('PH0222', 'Dương', 'Tấn', 'Huệ', '1983-07-05', 'Nữ', 'Kinh', 'Phú Lương - Hà Đông'),
  ('PH0223', 'Bùi', 'Gia', 'Minh', '1997-04-02', 'Nam', 'Kinh', 'Trần Phú - Hà Đông'),
  ('PH0224', 'Đỗ', 'Tuấn', 'Dũng', '1984-05-09', 'Nữ', 'Kinh', 'Trần Phú - Hà Đông'),
  ('PH0225', 'Đỗ', 'Anh', 'Minh', '1998-08-25', 'Nam', 'Kinh', 'Thanh Bình - Hà Đông'),
  ('PH0226', 'Phạm', 'Quang', 'Công', '1977-04-15', 'Nữ', 'Kinh', 'Thanh Bình - Hà Đông'),
  ('PH0227', 'Đặng', 'Hữu', 'Lan', '1976-09-26', 'Nam', 'Kinh', 'Trần Phú - Hà Đông'),
  ('PH0228', 'Ngô', 'Tấn', 'Hùng', '1987-03-25', 'Nữ', 'Kinh', 'Trần Phú - Hà Đông'),
  ('PH0229', 'Lê', 'Thị', 'Vân', '1981-04-27', 'Nam', 'Kinh', 'Trần Phú - Hà Đông'),
  ('PH0230', 'Dương', 'Anh', 'Long', '1997-04-09', 'Nam', 'Kinh', 'Yên Nghĩa - Hà Đông'),
  ('PH0231', 'Phạm', 'Anh', 'Công', '1978-11-01', 'Nữ', 'Kinh', 'Yên Nghĩa - Hà Đông'),
  ('PH0232', 'Đỗ', 'Phúc', 'Quang', '1980-08-19', 'Nam', 'Kinh', 'Trần Phú - Hà Đông'),
  ('PH0233', 'Trần', 'Minh', 'Hùng', '1983-12-27', 'Nữ', 'Kinh', 'Trần Phú - Hà Đông'),
  ('PH0234', 'Phạm', 'Ngọc', 'Vân', '1980-10-25', 'Nam', 'Kinh', 'Mộ Lao - Hà Đông'),
  ('PH0235', 'Bùi', 'Phúc', 'Hùng', '1981-05-21', 'Nữ', 'Kinh', 'Mộ Lao - Hà Đông'),
  ('PH0236', 'Nguyễn', 'Tuấn', 'Hà', '1975-08-05', 'Nam', 'Kinh', 'Khương Trung - Thanh Xuân'),
  ('PH0237', 'Vũ', 'Tuấn', 'Minh', '1982-05-20', 'Nữ', 'Kinh', 'Khương Trung - Thanh Xuân'),
  ('PH0238', 'Lê', 'Minh', 'Tuấn', '1987-06-15', 'Nam', 'Kinh', 'Mộ Lao - Hà Đông'),
  ('PH0239', 'Trần', 'Thị', 'Quang', '1994-07-19', 'Nữ', 'Kinh', 'Mộ Lao - Hà Đông'),
  ('PH0240', 'Đỗ', 'Minh', 'Dũng', '1994-10-10', 'Nam', 'Kinh', 'Nguyễn Trãi - Thanh Xuân'),
  ('PH0241', 'Hoàng', 'Minh', 'Phúc', '1983-11-11', 'Nữ', 'Kinh', 'Nguyễn Trãi - Thanh Xuân'),
  ('PH0242', 'Đỗ', 'Ngọc', 'Thảo', '1979-09-25', 'Nam', 'Kinh', 'Phú La - Hà Đông'),
  ('PH0243', 'Nguyễn', 'Tuấn', 'Công', '1996-03-24', 'Nữ', 'Kinh', 'Phú La - Hà Đông'),
  ('PH0244', 'Phạm', 'Thị', 'Tuấn', '1988-07-13', 'Nam', 'Kinh', 'Văn Quán - Hà Đông'),
  ('PH0245', 'Đỗ', 'Tuấn', 'Quang', '1996-09-21', 'Nữ', 'Kinh', 'Văn Quán - Hà Đông'),
  ('PH0246', 'Dương', 'Hữu', 'Phúc', '1980-11-18', 'Nam', 'Kinh', 'Kim Giang - Thanh Xuân'),
  ('PH0247', 'Đỗ', 'Hữu', 'Hoa', '1998-05-24', 'Nữ', 'Kinh', 'Kim Giang - Thanh Xuân'),
  ('PH0248', 'Lê', 'Ngọc', 'Phúc', '1977-04-12', 'Nam', 'Kinh', 'Kim Giang - Thanh Xuân'),
  ('PH0249', 'Dương', 'Minh', 'Long', '1985-06-09', 'Nữ', 'Kinh', 'Kim Giang - Thanh Xuân'),
  ('PH0250', 'Hoàng', 'Tuấn', 'Lan', '1990-01-28', 'Nam', 'Kinh', 'Khương Trung - Thanh Xuân'),
  ('PH0251', 'Vũ', 'Quang', 'Thảo', '1996-07-17', 'Nữ', 'Kinh', 'Khương Trung - Thanh Xuân'),
  ('PH0252', 'Vũ', 'Tấn', 'Long', '1981-06-14', 'Nam', 'Kinh', 'Trần Phú - Hà Đông'),
  ('PH0253', 'Trần', 'Anh', 'Hà', '1980-02-16', 'Nam', 'Kinh', 'Nhân Chính - Thanh Xuân'),
  ('PH0254', 'Phạm', 'Tấn', 'Hà', '1983-04-25', 'Nữ', 'Kinh', 'Nhân Chính - Thanh Xuân'),
  ('PH0255', 'Hoàng', 'Quang', 'Huệ', '1994-07-21', 'Nam', 'Kinh', 'Nguyễn Trãi - Thanh Xuân'),
  ('PH0256', 'Vũ', 'Phúc', 'Tuấn', '1987-01-02', 'Nam', 'Kinh', 'Khương Trung - Thanh Xuân'),
  ('PH0257', 'Ngô', 'Ngọc', 'Hùng', '1975-06-25', 'Nữ', 'Kinh', 'Khương Trung - Thanh Xuân'),
  ('PH0258', 'Lê', 'Ngọc', 'Vân', '1975-11-24', 'Nam', 'Kinh', 'Khương Trung - Thanh Xuân'),
  ('PH0259', 'Vũ', 'Hữu', 'Lan', '1987-09-19', 'Nữ', 'Kinh', 'Khương Trung - Thanh Xuân'),
  ('PH0260', 'Đặng', 'Tấn', 'Hoa', '1989-12-17', 'Nam', 'Kinh', 'Hà Cầu - Hà Đông'),
  ('PH0261', 'Trần', 'Ngọc', 'Hà', '1985-08-12', 'Nam', 'Kinh', 'Nguyễn Trãi - Thanh Xuân'),
  ('PH0262', 'Nguyễn', 'Tấn', 'Hà', '1998-03-07', 'Nữ', 'Kinh', 'Nguyễn Trãi - Thanh Xuân'),
  ('PH0263', 'Đỗ', 'Thị', 'Huệ', '1997-11-26', 'Nam', 'Kinh', 'Yên Nghĩa - Hà Đông'),
  ('PH0264', 'Trần', 'Tuấn', 'Hùng', '1994-01-22', 'Nữ', 'Kinh', 'Yên Nghĩa - Hà Đông'),
  ('PH0265', 'Đặng', 'Văn', 'Minh', '1988-08-13', 'Nam', 'Kinh', 'Văn Quán - Hà Đông'),
  ('PH0266', 'Nguyễn', 'Minh', 'Bình', '1997-11-21', 'Nữ', 'Kinh', 'Văn Quán - Hà Đông'),
  ('PH0267', 'Ngô', 'Tấn', 'Nga', '1996-09-09', 'Nam', 'Kinh', 'Kim Giang - Thanh Xuân'),
  ('PH0268', 'Dương', 'Văn', 'Phúc', '1978-09-24', 'Nữ', 'Kinh', 'Kim Giang - Thanh Xuân'),
  ('PH0269', 'Ngô', 'Ngọc', 'Tuấn', '2000-02-16', 'Nam', 'Kinh', 'Phú Lương - Hà Đông'),
  ('PH0270', 'Lê', 'Minh', 'Hà', '1986-12-14', 'Nam', 'Kinh', 'Kim Giang - Thanh Xuân'),
  ('PH0271', 'Đặng', 'Ngọc', 'Hùng', '1981-12-16', 'Nữ', 'Kinh', 'Kim Giang - Thanh Xuân'),
  ('PH0272', 'Bùi', 'Tấn', 'Công', '1996-02-04', 'Nam', 'Kinh', 'Nguyễn Trãi - Thanh Xuân'),
  ('PH0273', 'Nguyễn', 'Văn', 'Minh', '1999-09-03', 'Nam', 'Kinh', 'Kim Giang - Thanh Xuân'),
  ('PH0274', 'Trần', 'Văn', 'Hà', '1984-05-15', 'Nữ', 'Kinh', 'Kim Giang - Thanh Xuân'),
  ('PH0275', 'Ngô', 'Tuấn', 'Hoa', '1984-06-26', 'Nam', 'Kinh', 'Phú La - Hà Đông'),
  ('PH0276', 'Lê', 'Tuấn', 'Hà', '1999-01-01', 'Nữ', 'Kinh', 'Phú La - Hà Đông'),
  ('PH0277', 'Lê', 'Văn', 'Quang', '1989-10-09', 'Nam', 'Kinh', 'Trần Phú - Hà Đông'),
  ('PH0278', 'Bùi', 'Gia', 'Bình', '1987-08-09', 'Nữ', 'Kinh', 'Trần Phú - Hà Đông'),
  ('PH0279', 'Đỗ', 'Thị', 'Hà', '1978-03-23', 'Nam', 'Kinh', 'Yên Nghĩa - Hà Đông'),
  ('PH0280', 'Dương', 'Tuấn', 'Long', '1993-08-26', 'Nữ', 'Kinh', 'Yên Nghĩa - Hà Đông'),
  ('PH0281', 'Phạm', 'Anh', 'Hùng', '1994-07-25', 'Nam', 'Kinh', 'Văn Quán - Hà Đông'),
  ('PH0282', 'Phạm', 'Gia', 'Dũng', '1998-03-16', 'Nam', 'Kinh', 'Nhân Chính - Thanh Xuân'),
  ('PH0283', 'Nguyễn', 'Tuấn', 'Vân', '1983-11-11', 'Nữ', 'Kinh', 'Nhân Chính - Thanh Xuân'),
  ('PH0284', 'Đặng', 'Tấn', 'Dũng', '1991-09-23', 'Nam', 'Kinh', 'Kim Giang - Thanh Xuân'),
  ('PH0285', 'Bùi', 'Hữu', 'Thảo', '1990-06-22', 'Nữ', 'Kinh', 'Kim Giang - Thanh Xuân'),
  ('PH0286', 'Hoàng', 'Gia', 'Công', '1980-09-28', 'Nam', 'Kinh', 'Khương Trung - Thanh Xuân'),
  ('PH0287', 'Đặng', 'Minh', 'Thảo', '1990-06-08', 'Nữ', 'Kinh', 'Khương Trung - Thanh Xuân'),
  ('PH0288', 'Lê', 'Quang', 'Huệ', '1982-09-21', 'Nam', 'Kinh', 'Trần Phú - Hà Đông'),
  ('PH0289', 'Trần', 'Gia', 'Long', '2000-10-15', 'Nữ', 'Kinh', 'Trần Phú - Hà Đông'),
  ('PH0290', 'Nguyễn', 'Thị', 'Dũng', '1990-12-21', 'Nam', 'Kinh', 'Phú Lương - Hà Đông'),
  ('PH0291', 'Lê', 'Tấn', 'Phúc', '1992-01-27', 'Nữ', 'Kinh', 'Phú Lương - Hà Đông');

INSERT INTO Con_Nguoi (ID_con_nguoi, Ho, Dem, Ten, Ngay_sinh, Gioi_tinh, Dan_toc, Dia_chi_thuong_tru) VALUES
  ('HS6A01', 'Phạm', 'Ngọc', 'Em', '2008-12-09', 'Nam', 'Kinh', 'Trần Phú - Hà Đông'),
  ('HS6A02', 'Trần', 'Tấn', 'Linh', '2013-12-18', 'Nam', 'Kinh', 'Thanh Bình - Hà Đông'),
  ('HS6A03', 'Đỗ', 'Tấn', 'An', '2008-04-08', 'Nam', 'Kinh', 'Khương Trung - Thanh Xuân'),
  ('HS6A04', 'Đỗ', 'Quang', 'Hoa', '2013-11-23', 'Nam', 'Kinh', 'Nguyễn Trãi - Thanh Xuân'),
  ('HS6A05', 'Đặng', 'Anh', 'Hoài', '2008-03-23', 'Nữ', 'Kinh', 'Yên Nghĩa - Hà Đông'),
  ('HS6A06', 'Đặng', 'Văn', 'Khánh', '2010-02-03', 'Nam', 'Kinh', 'Văn Quán - Hà Đông'),
  ('HS6A07', 'Đỗ', 'Văn', 'Lan', '2008-12-15', 'Nữ', 'Kinh', 'Mộ Lao - Hà Đông'),
  ('HS6A08', 'Vũ', 'Tấn', 'Hạnh', '2013-10-28', 'Nữ', 'Kinh', 'Trần Phú - Hà Đông'),
  ('HS6A09', 'Hoàng', 'Văn', 'Việt', '2008-11-08', 'Nam', 'Kinh', 'Phú Lương - Hà Đông'),
  ('HS6A10', 'Dương', 'Anh', 'Hà', '2011-05-15', 'Nam', 'Kinh', 'Văn Quán - Hà Đông'),
  ('HS6A11', 'Dương', 'Tuấn', 'Cường', '2009-11-09', 'Nữ', 'Kinh', 'Nhân Chính - Thanh Xuân'),
  ('HS6A12', 'Lê', 'Gia', 'Lan', '2012-12-08', 'Nam', 'Kinh', 'Phú La - Hà Đông'),
  ('HS6A13', 'Nguyễn', 'Ngọc', 'Vân', '2013-06-27', 'Nam', 'Kinh', 'Thanh Bình - Hà Đông'),
  ('HS6A14', 'Phạm', 'Tấn', 'Thảo', '2011-05-03', 'Nữ', 'Kinh', 'Văn Quán - Hà Đông'),
  ('HS6A15', 'Dương', 'Gia', 'Em', '2013-08-13', 'Nam', 'Kinh', 'Phú La - Hà Đông'),
  ('HS6A16', 'Đỗ', 'Minh', 'Trang', '2009-12-18', 'Nam', 'Kinh', 'Nhân Chính - Thanh Xuân'),
  ('HS6A17', 'Phạm', 'Hữu', 'Nam', '2012-07-12', 'Nữ', 'Kinh', 'Nguyễn Trãi - Thanh Xuân'),
  ('HS6A18', 'Dương', 'Hữu', 'Tú', '2008-02-05', 'Nam', 'Kinh', 'Kim Giang - Thanh Xuân'),
  ('HS6A19', 'Đặng', 'Tấn', 'Mai', '2012-02-13', 'Nữ', 'Kinh', 'Khương Trung - Thanh Xuân'),
  ('HS6A20', 'Trần', 'Tuấn', 'Nga', '2012-01-22', 'Nữ', 'Kinh', 'Phú La - Hà Đông'),
  ('HS6B01', 'Lê', 'Gia', 'An', '2008-05-14', 'Nữ', 'Kinh', 'Trần Phú - Hà Đông'),
  ('HS6B02', 'Trần', 'Tuấn', 'Huy', '2012-03-17', 'Nữ', 'Kinh', 'Kim Giang - Thanh Xuân'),
  ('HS6B03', 'Lê', 'Phúc', 'Tuấn', '2009-06-25', 'Nam', 'Kinh', 'Khương Trung - Thanh Xuân'),
  ('HS6B04', 'Nguyễn', 'Văn', 'Khánh', '2012-06-16', 'Nam', 'Kinh', 'Phú La - Hà Đông'),
  ('HS6B05', 'Trần', 'Văn', 'Trang', '2008-04-19', 'Nam', 'Kinh', 'Nguyễn Trãi - Thanh Xuân'),
  ('HS6B06', 'Dương', 'Gia', 'Nga', '2012-03-05', 'Nam', 'Kinh', 'Yên Nghĩa - Hà Đông'),
  ('HS6B07', 'Phạm', 'Phúc', 'Tuấn', '2012-10-14', 'Nữ', 'Kinh', 'Trần Phú - Hà Đông'),
  ('HS6B08', 'Dương', 'Tuấn', 'Khánh', '2013-05-13', 'Nam', 'Kinh', 'Nguyễn Trãi - Thanh Xuân'),
  ('HS6B09', 'Trần', 'Anh', 'An', '2008-04-08', 'Nữ', 'Kinh', 'Nhân Chính - Thanh Xuân'),
  ('HS6B10', 'Trần', 'Tuấn', 'Bảo', '2012-04-01', 'Nam', 'Kinh', 'Phú Lương - Hà Đông'),
  ('HS6B11', 'Đỗ', 'Ngọc', 'Hoài', '2008-06-03', 'Nam', 'Kinh', 'Kim Giang - Thanh Xuân'),
  ('HS6B12', 'Ngô', 'Tấn', 'Minh', '2009-09-05', 'Nữ', 'Kinh', 'Phú Lương - Hà Đông'),
  ('HS6B13', 'Trần', 'Tuấn', 'Linh', '2011-04-04', 'Nữ', 'Kinh', 'Văn Quán - Hà Đông'),
  ('HS6B14', 'Nguyễn', 'Tuấn', 'Quỳnh', '2011-08-28', 'Nữ', 'Kinh', 'Kim Giang - Thanh Xuân'),
  ('HS6B15', 'Vũ', 'Văn', 'Hoa', '2008-07-24', 'Nam', 'Kinh', 'Phú Lương - Hà Đông'),
  ('HS6B16', 'Đặng', 'Hữu', 'Hoài', '2012-08-05', 'Nam', 'Kinh', 'Nguyễn Trãi - Thanh Xuân'),
  ('HS6B17', 'Đỗ', 'Văn', 'Bảo', '2008-08-26', 'Nam', 'Kinh', 'Kim Giang - Thanh Xuân'),
  ('HS6B18', 'Đặng', 'Gia', 'Minh', '2008-04-06', 'Nam', 'Kinh', 'Phú Lương - Hà Đông'),
  ('HS6B19', 'Nguyễn', 'Quang', 'Hoài', '2008-03-13', 'Nữ', 'Kinh', 'Nguyễn Trãi - Thanh Xuân'),
  ('HS6B20', 'Đỗ', 'Tuấn', 'Thảo', '2011-12-24', 'Nữ', 'Kinh', 'Nguyễn Trãi - Thanh Xuân'),
  ('HS7A01', 'Nguyễn', 'Tấn', 'Trang', '2009-05-07', 'Nam', 'Kinh', 'Khương Trung - Thanh Xuân'),
  ('HS7A02', 'Nguyễn', 'Tấn', 'Minh', '2013-06-02', 'Nam', 'Kinh', 'Khương Trung - Thanh Xuân'),
  ('HS7A03', 'Lê', 'Văn', 'Phương', '2008-09-03', 'Nam', 'Kinh', 'Mộ Lao - Hà Đông'),
  ('HS7A04', 'Phạm', 'Tấn', 'Phương', '2011-02-19', 'Nam', 'Kinh', 'Thanh Bình - Hà Đông'),
  ('HS7A05', 'Ngô', 'Phúc', 'Khang', '2011-11-19', 'Nam', 'Kinh', 'Phú La - Hà Đông'),
  ('HS7A06', 'Phạm', 'Minh', 'Lan', '2013-12-11', 'Nam', 'Kinh', 'Yên Nghĩa - Hà Đông'),
  ('HS7A07', 'Trần', 'Thị', 'Mai', '2011-06-25', 'Nữ', 'Kinh', 'Nhân Chính - Thanh Xuân'),
  ('HS7A08', 'Đỗ', 'Minh', 'Em', '2008-09-07', 'Nam', 'Kinh', 'Văn Quán - Hà Đông'),
  ('HS7A09', 'Lê', 'Gia', 'Vân', '2009-06-10', 'Nam', 'Kinh', 'Khương Trung - Thanh Xuân'),
  ('HS7A10', 'Nguyễn', 'Tuấn', 'Vân', '2012-11-17', 'Nữ', 'Kinh', 'Khương Trung - Thanh Xuân'),
  ('HS7A11', 'Hoàng', 'Văn', 'Duy', '2013-02-05', 'Nữ', 'Kinh', 'Trần Phú - Hà Đông'),
  ('HS7A12', 'Phạm', 'Anh', 'Hạnh', '2010-05-20', 'Nam', 'Kinh', 'Kim Giang - Thanh Xuân'),
  ('HS7A13', 'Nguyễn', 'Văn', 'Quỳnh', '2012-08-09', 'Nữ', 'Kinh', 'Hà Cầu - Hà Đông'),
  ('HS7A14', 'Lê', 'Tuấn', 'Hoài', '2008-01-11', 'Nữ', 'Kinh', 'Yên Nghĩa - Hà Đông'),
  ('HS7A15', 'Đỗ', 'Thị', 'Duy', '2012-12-14', 'Nữ', 'Kinh', 'Mộ Lao - Hà Đông'),
  ('HS7A16', 'Vũ', 'Tấn', 'Nga', '2012-01-27', 'Nam', 'Kinh', 'Yên Nghĩa - Hà Đông'),
  ('HS7A17', 'Vũ', 'Thị', 'Khánh', '2009-01-10', 'Nữ', 'Kinh', 'Phú Lương - Hà Đông'),
  ('HS7A18', 'Đỗ', 'Quang', 'Phương', '2013-02-12', 'Nam', 'Kinh', 'Trần Phú - Hà Đông'),
  ('HS7A19', 'Lê', 'Quang', 'An', '2009-03-26', 'Nam', 'Kinh', 'Yên Nghĩa - Hà Đông'),
  ('HS7A20', 'Phạm', 'Minh', 'Hà', '2011-11-28', 'Nữ', 'Kinh', 'Trần Phú - Hà Đông'),
  ('HS7B01', 'Bùi', 'Ngọc', 'Hạnh', '2011-01-28', 'Nam', 'Kinh', 'Nguyễn Trãi - Thanh Xuân'),
  ('HS7B02', 'Nguyễn', 'Tuấn', 'Hạnh', '2010-04-08', 'Nữ', 'Kinh', 'Hà Cầu - Hà Đông'),
  ('HS7B03', 'Hoàng', 'Anh', 'Quỳnh', '2010-02-25', 'Nữ', 'Kinh', 'Khương Trung - Thanh Xuân'),
  ('HS7B04', 'Nguyễn', 'Văn', 'Hoài', '2013-09-11', 'Nữ', 'Kinh', 'Yên Nghĩa - Hà Đông'),
  ('HS7B05', 'Đặng', 'Anh', 'Trang', '2008-02-20', 'Nữ', 'Kinh', 'Văn Quán - Hà Đông'),
  ('HS7B06', 'Đặng', 'Tấn', 'Hạnh', '2012-09-04', 'Nữ', 'Kinh', 'Phú La - Hà Đông'),
  ('HS7B07', 'Đỗ', 'Phúc', 'Sơn', '2013-07-01', 'Nam', 'Kinh', 'Trần Phú - Hà Đông'),
  ('HS7B08', 'Dương', 'Anh', 'Phương', '2010-07-03', 'Nam', 'Kinh', 'Văn Quán - Hà Đông'),
  ('HS7B09', 'Hoàng', 'Tuấn', 'Linh', '2013-05-17', 'Nam', 'Kinh', 'Văn Quán - Hà Đông'),
  ('HS7B10', 'Lê', 'Ngọc', 'Linh', '2013-05-18', 'Nữ', 'Kinh', 'Kim Giang - Thanh Xuân'),
  ('HS7B11', 'Ngô', 'Tấn', 'Huy', '2013-12-06', 'Nữ', 'Kinh', 'Hà Cầu - Hà Đông'),
  ('HS7B12', 'Đặng', 'Tấn', 'Phương', '2010-05-07', 'Nam', 'Kinh', 'Kim Giang - Thanh Xuân'),
  ('HS7B13', 'Dương', 'Ngọc', 'Nam', '2011-08-15', 'Nữ', 'Kinh', 'Nguyễn Trãi - Thanh Xuân'),
  ('HS7B14', 'Đỗ', 'Tuấn', 'Quỳnh', '2013-02-10', 'Nam', 'Kinh', 'Nhân Chính - Thanh Xuân'),
  ('HS7B15', 'Hoàng', 'Ngọc', 'Tú', '2008-04-22', 'Nữ', 'Kinh', 'Phú Lương - Hà Đông'),
  ('HS7B16', 'Bùi', 'Tấn', 'Việt', '2008-01-08', 'Nam', 'Kinh', 'Mộ Lao - Hà Đông'),
  ('HS7B17', 'Phạm', 'Quang', 'Minh', '2011-11-19', 'Nữ', 'Kinh', 'Hà Cầu - Hà Đông'),
  ('HS7B18', 'Nguyễn', 'Văn', 'Tuấn', '2009-11-23', 'Nam', 'Kinh', 'Hà Cầu - Hà Đông'),
  ('HS7B19', 'Bùi', 'Thị', 'Nga', '2009-12-17', 'Nam', 'Kinh', 'Phú Lương - Hà Đông'),
  ('HS7B20', 'Bùi', 'Tuấn', 'Nam', '2011-03-26', 'Nam', 'Kinh', 'Khương Trung - Thanh Xuân'),
  ('HS8A01', 'Đỗ', 'Quang', 'Vân', '2011-10-27', 'Nữ', 'Kinh', 'Khương Trung - Thanh Xuân'),
  ('HS8A02', 'Bùi', 'Gia', 'Hoài', '2009-12-28', 'Nữ', 'Kinh', 'Phú Lương - Hà Đông'),
  ('HS8A03', 'Phạm', 'Minh', 'Mai', '2012-08-21', 'Nữ', 'Kinh', 'Mộ Lao - Hà Đông'),
  ('HS8A04', 'Vũ', 'Phúc', 'Cường', '2009-05-11', 'Nữ', 'Kinh', 'Yên Nghĩa - Hà Đông'),
  ('HS8A05', 'Lê', 'Ngọc', 'Cường', '2009-07-23', 'Nam', 'Kinh', 'Hà Cầu - Hà Đông'),
  ('HS8A06', 'Đặng', 'Thị', 'Hạnh', '2010-09-15', 'Nữ', 'Kinh', 'Hà Cầu - Hà Đông'),
  ('HS8A07', 'Ngô', 'Quang', 'Minh', '2012-12-01', 'Nữ', 'Kinh', 'Thanh Bình - Hà Đông'),
  ('HS8A08', 'Đặng', 'Phúc', 'Trang', '2010-07-28', 'Nữ', 'Kinh', 'Trần Phú - Hà Đông'),
  ('HS8A09', 'Đặng', 'Gia', 'An', '2011-04-09', 'Nam', 'Kinh', 'Hà Cầu - Hà Đông'),
  ('HS8A10', 'Đặng', 'Hữu', 'Vân', '2013-11-26', 'Nữ', 'Kinh', 'Nguyễn Trãi - Thanh Xuân'),
  ('HS8A11', 'Đặng', 'Tấn', 'Ngọc', '2012-09-01', 'Nam', 'Kinh', 'Kim Giang - Thanh Xuân'),
  ('HS8A12', 'Lê', 'Gia', 'Hà', '2008-11-14', 'Nam', 'Kinh', 'Thanh Bình - Hà Đông'),
  ('HS8A13', 'Bùi', 'Anh', 'Khang', '2011-06-07', 'Nữ', 'Kinh', 'Hà Cầu - Hà Đông'),
  ('HS8A14', 'Trần', 'Gia', 'An', '2011-05-27', 'Nữ', 'Kinh', 'Trần Phú - Hà Đông'),
  ('HS8A15', 'Trần', 'Tuấn', 'Bảo', '2010-04-21', 'Nam', 'Kinh', 'Thanh Bình - Hà Đông'),
  ('HS8A16', 'Lê', 'Ngọc', 'Em', '2009-01-20', 'Nam', 'Kinh', 'Nguyễn Trãi - Thanh Xuân'),
  ('HS8A17', 'Hoàng', 'Anh', 'Hà', '2012-04-15', 'Nam', 'Kinh', 'Nhân Chính - Thanh Xuân'),
  ('HS8A18', 'Ngô', 'Thị', 'Huy', '2009-05-04', 'Nam', 'Kinh', 'Nhân Chính - Thanh Xuân'),
  ('HS8A19', 'Trần', 'Tấn', 'Thảo', '2011-12-07', 'Nữ', 'Kinh', 'Kim Giang - Thanh Xuân'),
  ('HS8A20', 'Hoàng', 'Tuấn', 'Phương', '2008-12-25', 'Nam', 'Kinh', 'Mộ Lao - Hà Đông'),
  ('HS8B01', 'Dương', 'Anh', 'Cường', '2010-09-14', 'Nam', 'Kinh', 'Khương Trung - Thanh Xuân'),
  ('HS8B02', 'Bùi', 'Văn', 'Linh', '2008-07-27', 'Nữ', 'Kinh', 'Văn Quán - Hà Đông'),
  ('HS8B03', 'Lê', 'Phúc', 'Quỳnh', '2013-03-14', 'Nữ', 'Kinh', 'Phú La - Hà Đông'),
  ('HS8B04', 'Ngô', 'Minh', 'Khang', '2011-07-27', 'Nữ', 'Kinh', 'Phú Lương - Hà Đông'),
  ('HS8B05', 'Bùi', 'Tấn', 'Phương', '2010-08-08', 'Nam', 'Kinh', 'Kim Giang - Thanh Xuân'),
  ('HS8B06', 'Vũ', 'Hữu', 'Minh', '2010-01-16', 'Nữ', 'Kinh', 'Phú Lương - Hà Đông'),
  ('HS8B07', 'Ngô', 'Minh', 'Nga', '2010-06-09', 'Nữ', 'Kinh', 'Thanh Bình - Hà Đông'),
  ('HS8B08', 'Đặng', 'Gia', 'Nga', '2008-04-24', 'Nam', 'Kinh', 'Phú Lương - Hà Đông'),
  ('HS8B09', 'Bùi', 'Thị', 'Cường', '2013-12-16', 'Nữ', 'Kinh', 'Phú La - Hà Đông'),
  ('HS8B10', 'Hoàng', 'Tuấn', 'Ngọc', '2011-12-08', 'Nam', 'Kinh', 'Văn Quán - Hà Đông'),
  ('HS8B11', 'Đặng', 'Phúc', 'Khang', '2012-09-12', 'Nữ', 'Kinh', 'Văn Quán - Hà Đông'),
  ('HS8B12', 'Phạm', 'Văn', 'Trang', '2010-05-09', 'Nữ', 'Kinh', 'Phú Lương - Hà Đông'),
  ('HS8B13', 'Lê', 'Ngọc', 'Hạnh', '2008-12-18', 'Nữ', 'Kinh', 'Trần Phú - Hà Đông'),
  ('HS8B14', 'Đỗ', 'Tấn', 'Huy', '2010-12-19', 'Nữ', 'Kinh', 'Mộ Lao - Hà Đông'),
  ('HS8B15', 'Lê', 'Minh', 'An', '2010-04-12', 'Nam', 'Kinh', 'Trần Phú - Hà Đông'),
  ('HS8B16', 'Đỗ', 'Minh', 'Thảo', '2010-01-02', 'Nam', 'Kinh', 'Yên Nghĩa - Hà Đông'),
  ('HS8B17', 'Hoàng', 'Gia', 'Minh', '2008-01-19', 'Nữ', 'Kinh', 'Nguyễn Trãi - Thanh Xuân'),
  ('HS8B18', 'Bùi', 'Văn', 'Vân', '2009-01-09', 'Nữ', 'Kinh', 'Mộ Lao - Hà Đông'),
  ('HS8B19', 'Dương', 'Tuấn', 'Bảo', '2011-02-19', 'Nữ', 'Kinh', 'Yên Nghĩa - Hà Đông'),
  ('HS8B20', 'Phạm', 'Văn', 'Nga', '2012-05-03', 'Nam', 'Kinh', 'Hà Cầu - Hà Đông'),
  ('HS9A01', 'Bùi', 'Minh', 'Việt', '2012-07-15', 'Nam', 'Kinh', 'Nhân Chính - Thanh Xuân'),
  ('HS9A02', 'Nguyễn', 'Tấn', 'Trang', '2010-10-20', 'Nữ', 'Kinh', 'Mộ Lao - Hà Đông'),
  ('HS9A03', 'Dương', 'Văn', 'Hà', '2013-04-09', 'Nam', 'Kinh', 'Phú Lương - Hà Đông'),
  ('HS9A04', 'Nguyễn', 'Quang', 'Mai', '2012-02-06', 'Nam', 'Kinh', 'Trần Phú - Hà Đông'),
  ('HS9A05', 'Hoàng', 'Minh', 'Thảo', '2010-01-08', 'Nữ', 'Kinh', 'Nguyễn Trãi - Thanh Xuân'),
  ('HS9A06', 'Dương', 'Tấn', 'Sơn', '2013-04-09', 'Nam', 'Kinh', 'Phú Lương - Hà Đông'),
  ('HS9A07', 'Dương', 'Hữu', 'Hoài', '2008-09-08', 'Nữ', 'Kinh', 'Yên Nghĩa - Hà Đông'),
  ('HS9A08', 'Hoàng', 'Tấn', 'Trang', '2008-03-26', 'Nam', 'Kinh', 'Nhân Chính - Thanh Xuân'),
  ('HS9A09', 'Hoàng', 'Quang', 'Hoài', '2011-02-15', 'Nữ', 'Kinh', 'Khương Trung - Thanh Xuân'),
  ('HS9A10', 'Nguyễn', 'Quang', 'Trang', '2011-02-20', 'Nữ', 'Kinh', 'Văn Quán - Hà Đông'),
  ('HS9A11', 'Dương', 'Tấn', 'Ngọc', '2008-02-08', 'Nữ', 'Kinh', 'Thanh Bình - Hà Đông'),
  ('HS9A12', 'Lê', 'Gia', 'Nam', '2012-01-25', 'Nữ', 'Kinh', 'Kim Giang - Thanh Xuân'),
  ('HS9A13', 'Đặng', 'Tuấn', 'Vân', '2010-03-19', 'Nữ', 'Kinh', 'Nguyễn Trãi - Thanh Xuân'),
  ('HS9A14', 'Vũ', 'Anh', 'Sơn', '2011-06-14', 'Nam', 'Kinh', 'Mộ Lao - Hà Đông'),
  ('HS9A15', 'Bùi', 'Minh', 'Sơn', '2010-07-23', 'Nam', 'Kinh', 'Hà Cầu - Hà Đông'),
  ('HS9A16', 'Hoàng', 'Anh', 'Duy', '2011-02-11', 'Nam', 'Kinh', 'Hà Cầu - Hà Đông'),
  ('HS9A17', 'Đặng', 'Thị', 'Hạnh', '2013-09-15', 'Nam', 'Kinh', 'Khương Trung - Thanh Xuân'),
  ('HS9A18', 'Bùi', 'Thị', 'Hạnh', '2012-08-21', 'Nữ', 'Kinh', 'Phú La - Hà Đông'),
  ('HS9A19', 'Bùi', 'Văn', 'An', '2010-08-23', 'Nam', 'Kinh', 'Kim Giang - Thanh Xuân'),
  ('HS9A20', 'Đỗ', 'Thị', 'Nga', '2013-03-10', 'Nam', 'Kinh', 'Hà Cầu - Hà Đông'),
  ('HS9B01', 'Trần', 'Tuấn', 'Vân', '2009-02-15', 'Nam', 'Kinh', 'Yên Nghĩa - Hà Đông'),
  ('HS9B02', 'Hoàng', 'Quang', 'Vân', '2013-05-17', 'Nữ', 'Kinh', 'Nguyễn Trãi - Thanh Xuân'),
  ('HS9B03', 'Lê', 'Quang', 'Hạnh', '2009-08-18', 'Nữ', 'Kinh', 'Nhân Chính - Thanh Xuân'),
  ('HS9B04', 'Đặng', 'Anh', 'Tú', '2008-05-25', 'Nam', 'Kinh', 'Khương Trung - Thanh Xuân'),
  ('HS9B05', 'Hoàng', 'Tấn', 'Ngọc', '2008-05-24', 'Nữ', 'Kinh', 'Kim Giang - Thanh Xuân'),
  ('HS9B06', 'Bùi', 'Anh', 'Khang', '2009-08-18', 'Nữ', 'Kinh', 'Khương Trung - Thanh Xuân'),
  ('HS9B07', 'Phạm', 'Ngọc', 'Ngọc', '2011-06-28', 'Nữ', 'Kinh', 'Hà Cầu - Hà Đông'),
  ('HS9B08', 'Bùi', 'Quang', 'Lan', '2011-01-11', 'Nam', 'Kinh', 'Kim Giang - Thanh Xuân'),
  ('HS9B09', 'Đỗ', 'Tấn', 'Khang', '2011-01-05', 'Nam', 'Kinh', 'Mộ Lao - Hà Đông'),
  ('HS9B10', 'Nguyễn', 'Hữu', 'Linh', '2008-09-15', 'Nữ', 'Kinh', 'Kim Giang - Thanh Xuân'),
  ('HS9B11', 'Hoàng', 'Anh', 'Phương', '2008-08-26', 'Nam', 'Kinh', 'Trần Phú - Hà Đông'),
  ('HS9B12', 'Vũ', 'Tuấn', 'Việt', '2013-02-28', 'Nữ', 'Kinh', 'Khương Trung - Thanh Xuân'),
  ('HS9B13', 'Bùi', 'Phúc', 'Bảo', '2010-11-23', 'Nữ', 'Kinh', 'Nhân Chính - Thanh Xuân'),
  ('HS9B14', 'Hoàng', 'Ngọc', 'Trang', '2009-11-22', 'Nam', 'Kinh', 'Mộ Lao - Hà Đông'),
  ('HS9B15', 'Trần', 'Gia', 'Hà', '2008-11-23', 'Nữ', 'Kinh', 'Trần Phú - Hà Đông'),
  ('HS9B16', 'Nguyễn', 'Minh', 'Khánh', '2008-01-11', 'Nữ', 'Kinh', 'Văn Quán - Hà Đông'),
  ('HS9B17', 'Đặng', 'Tấn', 'Sơn', '2009-04-17', 'Nữ', 'Kinh', 'Yên Nghĩa - Hà Đông'),
  ('HS9B18', 'Đặng', 'Tấn', 'Sơn', '2009-02-20', 'Nam', 'Kinh', 'Phú Lương - Hà Đông'),
  ('HS9B19', 'Bùi', 'Tuấn', 'Hoài', '2012-03-08', 'Nữ', 'Kinh', 'Nguyễn Trãi - Thanh Xuân'),
  ('HS9B20', 'Bùi', 'Minh', 'Sơn', '2013-01-26', 'Nữ', 'Kinh', 'Khương Trung - Thanh Xuân'),
  ('HS10A01', 'Ngô', 'Minh', 'Quỳnh', '2008-08-12', 'Nam', 'Kinh', 'Hà Cầu - Hà Đông'),
  ('HS10A02', 'Đặng', 'Gia', 'Duy', '2011-05-07', 'Nữ', 'Kinh', 'Phú Lương - Hà Đông'),
  ('HS10A03', 'Hoàng', 'Minh', 'An', '2012-06-19', 'Nữ', 'Kinh', 'Kim Giang - Thanh Xuân'),
  ('HS10A04', 'Dương', 'Thị', 'Phương', '2010-01-19', 'Nữ', 'Kinh', 'Trần Phú - Hà Đông'),
  ('HS10A05', 'Vũ', 'Ngọc', 'Quỳnh', '2010-04-20', 'Nữ', 'Kinh', 'Phú Lương - Hà Đông'),
  ('HS10A06', 'Dương', 'Tuấn', 'Vân', '2013-12-25', 'Nữ', 'Kinh', 'Yên Nghĩa - Hà Đông'),
  ('HS10A07', 'Hoàng', 'Gia', 'Bảo', '2013-11-02', 'Nam', 'Kinh', 'Nhân Chính - Thanh Xuân'),
  ('HS10A08', 'Hoàng', 'Anh', 'Trang', '2013-03-03', 'Nữ', 'Kinh', 'Hà Cầu - Hà Đông'),
  ('HS10A09', 'Đỗ', 'Anh', 'Nam', '2009-03-26', 'Nam', 'Kinh', 'Khương Trung - Thanh Xuân'),
  ('HS10A10', 'Bùi', 'Minh', 'Trang', '2009-05-27', 'Nữ', 'Kinh', 'Văn Quán - Hà Đông'),
  ('HS10A11', 'Phạm', 'Tuấn', 'Trang', '2011-02-05', 'Nam', 'Kinh', 'Kim Giang - Thanh Xuân'),
  ('HS10A12', 'Đặng', 'Thị', 'Hoài', '2012-06-03', 'Nữ', 'Kinh', 'Khương Trung - Thanh Xuân'),
  ('HS10A13', 'Dương', 'Minh', 'Ngọc', '2011-06-22', 'Nam', 'Kinh', 'Hà Cầu - Hà Đông'),
  ('HS10A14', 'Bùi', 'Thị', 'Phương', '2008-11-08', 'Nữ', 'Kinh', 'Khương Trung - Thanh Xuân'),
  ('HS10A15', 'Trần', 'Tuấn', 'Vân', '2012-04-21', 'Nữ', 'Kinh', 'Nguyễn Trãi - Thanh Xuân'),
  ('HS10A16', 'Lê', 'Thị', 'Bảo', '2013-07-04', 'Nữ', 'Kinh', 'Phú La - Hà Đông'),
  ('HS10A17', 'Đỗ', 'Hữu', 'Lan', '2008-02-08', 'Nữ', 'Kinh', 'Nguyễn Trãi - Thanh Xuân'),
  ('HS10A18', 'Đỗ', 'Quang', 'Ngọc', '2013-12-23', 'Nữ', 'Kinh', 'Trần Phú - Hà Đông'),
  ('HS10A19', 'Bùi', 'Tấn', 'Linh', '2011-11-04', 'Nam', 'Kinh', 'Phú La - Hà Đông'),
  ('HS10A20', 'Bùi', 'Gia', 'Hoa', '2013-06-07', 'Nam', 'Kinh', 'Văn Quán - Hà Đông'),
  ('HS10B01', 'Dương', 'Anh', 'Bảo', '2013-06-18', 'Nam', 'Kinh', 'Hà Cầu - Hà Đông'),
  ('HS10B02', 'Bùi', 'Văn', 'Sơn', '2009-02-28', 'Nữ', 'Kinh', 'Phú Lương - Hà Đông'),
  ('HS10B03', 'Lê', 'Tấn', 'Hạnh', '2008-06-08', 'Nam', 'Kinh', 'Mộ Lao - Hà Đông'),
  ('HS10B04', 'Phạm', 'Anh', 'Tuấn', '2012-04-27', 'Nam', 'Kinh', 'Yên Nghĩa - Hà Đông'),
  ('HS10B05', 'Đỗ', 'Minh', 'Tú', '2010-03-05', 'Nam', 'Kinh', 'Yên Nghĩa - Hà Đông'),
  ('HS10B06', 'Nguyễn', 'Anh', 'Tú', '2013-01-05', 'Nam', 'Kinh', 'Phú Lương - Hà Đông'),
  ('HS10B07', 'Nguyễn', 'Hữu', 'Trang', '2008-03-09', 'Nữ', 'Kinh', 'Hà Cầu - Hà Đông'),
  ('HS10B08', 'Bùi', 'Anh', 'Nam', '2013-02-16', 'Nam', 'Kinh', 'Nhân Chính - Thanh Xuân'),
  ('HS10B09', 'Ngô', 'Thị', 'Trang', '2011-09-08', 'Nam', 'Kinh', 'Kim Giang - Thanh Xuân'),
  ('HS10B10', 'Nguyễn', 'Gia', 'Việt', '2011-11-01', 'Nữ', 'Kinh', 'Hà Cầu - Hà Đông'),
  ('HS10B11', 'Bùi', 'Văn', 'Cường', '2013-02-16', 'Nữ', 'Kinh', 'Văn Quán - Hà Đông'),
  ('HS10B12', 'Ngô', 'Tuấn', 'Ngọc', '2008-03-09', 'Nam', 'Kinh', 'Khương Trung - Thanh Xuân'),
  ('HS10B13', 'Hoàng', 'Gia', 'Nam', '2011-10-17', 'Nữ', 'Kinh', 'Nhân Chính - Thanh Xuân'),
  ('HS10B14', 'Dương', 'Tuấn', 'Tuấn', '2008-12-04', 'Nữ', 'Kinh', 'Khương Trung - Thanh Xuân'),
  ('HS10B15', 'Đặng', 'Anh', 'Vân', '2011-08-08', 'Nam', 'Kinh', 'Nguyễn Trãi - Thanh Xuân'),
  ('HS10B16', 'Vũ', 'Quang', 'Khang', '2011-12-04', 'Nữ', 'Kinh', 'Kim Giang - Thanh Xuân'),
  ('HS10B17', 'Bùi', 'Văn', 'Cường', '2010-03-22', 'Nữ', 'Kinh', 'Mộ Lao - Hà Đông'),
  ('HS10B18', 'Vũ', 'Hữu', 'Nga', '2011-02-24', 'Nam', 'Kinh', 'Thanh Bình - Hà Đông'),
  ('HS10B19', 'Vũ', 'Tuấn', 'Tuấn', '2013-02-14', 'Nữ', 'Kinh', 'Hà Cầu - Hà Đông'),
  ('HS10B20', 'Vũ', 'Văn', 'Ngọc', '2010-10-10', 'Nam', 'Kinh', 'Khương Trung - Thanh Xuân'),
  ('HS11A01', 'Phạm', 'Văn', 'Khánh', '2009-11-16', 'Nam', 'Kinh', 'Khương Trung - Thanh Xuân'),
  ('HS11A02', 'Phạm', 'Quang', 'Việt', '2008-05-19', 'Nữ', 'Kinh', 'Khương Trung - Thanh Xuân'),
  ('HS11A03', 'Hoàng', 'Thị', 'Hà', '2012-11-27', 'Nam', 'Kinh', 'Phú La - Hà Đông'),
  ('HS11A04', 'Lê', 'Hữu', 'Ngọc', '2010-06-01', 'Nữ', 'Kinh', 'Kim Giang - Thanh Xuân'),
  ('HS11A05', 'Dương', 'Thị', 'Cường', '2008-03-24', 'Nữ', 'Kinh', 'Trần Phú - Hà Đông'),
  ('HS11A06', 'Vũ', 'Hữu', 'Khánh', '2011-07-15', 'Nam', 'Kinh', 'Phú La - Hà Đông'),
  ('HS11A07', 'Nguyễn', 'Hữu', 'Hà', '2012-10-03', 'Nữ', 'Kinh', 'Nhân Chính - Thanh Xuân'),
  ('HS11A08', 'Bùi', 'Tuấn', 'Linh', '2013-02-09', 'Nam', 'Kinh', 'Nguyễn Trãi - Thanh Xuân'),
  ('HS11A09', 'Đỗ', 'Văn', 'Khánh', '2011-05-07', 'Nữ', 'Kinh', 'Hà Cầu - Hà Đông'),
  ('HS11A10', 'Ngô', 'Gia', 'Nam', '2010-11-22', 'Nam', 'Kinh', 'Kim Giang - Thanh Xuân'),
  ('HS11A11', 'Ngô', 'Thị', 'An', '2008-04-13', 'Nữ', 'Kinh', 'Phú Lương - Hà Đông'),
  ('HS11A12', 'Hoàng', 'Minh', 'Khang', '2009-03-25', 'Nữ', 'Kinh', 'Mộ Lao - Hà Đông'),
  ('HS11A13', 'Lê', 'Hữu', 'Lan', '2011-12-14', 'Nam', 'Kinh', 'Khương Trung - Thanh Xuân'),
  ('HS11A14', 'Dương', 'Anh', 'Cường', '2012-09-27', 'Nam', 'Kinh', 'Hà Cầu - Hà Đông'),
  ('HS11A15', 'Trần', 'Anh', 'Ngọc', '2011-01-15', 'Nam', 'Kinh', 'Hà Cầu - Hà Đông'),
  ('HS11A16', 'Hoàng', 'Văn', 'Lan', '2013-11-14', 'Nữ', 'Kinh', 'Thanh Bình - Hà Đông'),
  ('HS11A17', 'Vũ', 'Văn', 'Linh', '2009-10-15', 'Nữ', 'Kinh', 'Mộ Lao - Hà Đông'),
  ('HS11A18', 'Đỗ', 'Văn', 'Lan', '2011-10-13', 'Nam', 'Kinh', 'Phú La - Hà Đông'),
  ('HS11A19', 'Lê', 'Văn', 'Nam', '2009-06-25', 'Nữ', 'Kinh', 'Kim Giang - Thanh Xuân'),
  ('HS11A20', 'Vũ', 'Anh', 'Trang', '2012-09-07', 'Nam', 'Kinh', 'Kim Giang - Thanh Xuân'),
  ('HS11B01', 'Hoàng', 'Ngọc', 'Hà', '2009-02-05', 'Nam', 'Kinh', 'Nhân Chính - Thanh Xuân'),
  ('HS11B02', 'Dương', 'Gia', 'Mai', '2013-02-06', 'Nam', 'Kinh', 'Nhân Chính - Thanh Xuân'),
  ('HS11B03', 'Dương', 'Tấn', 'Khang', '2013-10-21', 'Nữ', 'Kinh', 'Kim Giang - Thanh Xuân'),
  ('HS11B04', 'Bùi', 'Gia', 'Quỳnh', '2009-08-03', 'Nữ', 'Kinh', 'Phú La - Hà Đông'),
  ('HS11B05', 'Đỗ', 'Văn', 'Huy', '2012-01-12', 'Nữ', 'Kinh', 'Nguyễn Trãi - Thanh Xuân'),
  ('HS11B06', 'Hoàng', 'Văn', 'Quỳnh', '2008-01-12', 'Nữ', 'Kinh', 'Mộ Lao - Hà Đông'),
  ('HS11B07', 'Nguyễn', 'Gia', 'Tú', '2011-10-18', 'Nữ', 'Kinh', 'Nhân Chính - Thanh Xuân'),
  ('HS11B08', 'Đỗ', 'Hữu', 'Bảo', '2010-10-16', 'Nam', 'Kinh', 'Nguyễn Trãi - Thanh Xuân'),
  ('HS11B09', 'Đỗ', 'Tuấn', 'Hà', '2010-12-03', 'Nam', 'Kinh', 'Thanh Bình - Hà Đông'),
  ('HS11B10', 'Đỗ', 'Phúc', 'Phương', '2013-08-15', 'Nam', 'Kinh', 'Yên Nghĩa - Hà Đông'),
  ('HS11B11', 'Đặng', 'Anh', 'Sơn', '2010-05-13', 'Nữ', 'Kinh', 'Nhân Chính - Thanh Xuân'),
  ('HS11B12', 'Trần', 'Anh', 'Duy', '2013-11-11', 'Nam', 'Kinh', 'Khương Trung - Thanh Xuân'),
  ('HS11B13', 'Dương', 'Tấn', 'Việt', '2010-05-24', 'Nữ', 'Kinh', 'Yên Nghĩa - Hà Đông'),
  ('HS11B14', 'Lê', 'Anh', 'Huy', '2008-10-22', 'Nữ', 'Kinh', 'Kim Giang - Thanh Xuân'),
  ('HS11B15', 'Trần', 'Minh', 'Nga', '2009-10-23', 'Nữ', 'Kinh', 'Hà Cầu - Hà Đông'),
  ('HS11B16', 'Dương', 'Phúc', 'Cường', '2009-11-23', 'Nữ', 'Kinh', 'Kim Giang - Thanh Xuân'),
  ('HS11B17', 'Vũ', 'Minh', 'Hà', '2012-06-01', 'Nữ', 'Kinh', 'Phú Lương - Hà Đông'),
  ('HS11B18', 'Lê', 'Hữu', 'Cường', '2011-04-08', 'Nữ', 'Kinh', 'Phú La - Hà Đông'),
  ('HS11B19', 'Đỗ', 'Thị', 'Sơn', '2012-09-27', 'Nam', 'Kinh', 'Văn Quán - Hà Đông'),
  ('HS11B20', 'Lê', 'Hữu', 'Vân', '2012-07-05', 'Nam', 'Kinh', 'Trần Phú - Hà Đông'),
  ('HS12A01', 'Đặng', 'Anh', 'Sơn', '2013-08-02', 'Nam', 'Kinh', 'Trần Phú - Hà Đông'),
  ('HS12A02', 'Bùi', 'Ngọc', 'Nga', '2011-10-10', 'Nam', 'Kinh', 'Phú Lương - Hà Đông'),
  ('HS12A03', 'Dương', 'Tấn', 'Mai', '2011-04-12', 'Nữ', 'Kinh', 'Nguyễn Trãi - Thanh Xuân'),
  ('HS12A04', 'Đặng', 'Hữu', 'Vân', '2011-09-17', 'Nữ', 'Kinh', 'Phú Lương - Hà Đông'),
  ('HS12A05', 'Bùi', 'Anh', 'Nga', '2010-01-21', 'Nam', 'Kinh', 'Mộ Lao - Hà Đông'),
  ('HS12A06', 'Lê', 'Minh', 'Mai', '2010-02-25', 'Nam', 'Kinh', 'Khương Trung - Thanh Xuân'),
  ('HS12A07', 'Bùi', 'Anh', 'An', '2011-02-08', 'Nam', 'Kinh', 'Hà Cầu - Hà Đông'),
  ('HS12A08', 'Phạm', 'Quang', 'Cường', '2011-09-12', 'Nam', 'Kinh', 'Văn Quán - Hà Đông'),
  ('HS12A09', 'Dương', 'Anh', 'Tú', '2008-06-04', 'Nam', 'Kinh', 'Yên Nghĩa - Hà Đông'),
  ('HS12A10', 'Bùi', 'Hữu', 'Tuấn', '2008-05-27', 'Nam', 'Kinh', 'Trần Phú - Hà Đông'),
  ('HS12A11', 'Trần', 'Thị', 'Hoài', '2011-10-01', 'Nữ', 'Kinh', 'Phú Lương - Hà Đông'),
  ('HS12A12', 'Đỗ', 'Quang', 'Duy', '2012-12-20', 'Nam', 'Kinh', 'Phú La - Hà Đông'),
  ('HS12A13', 'Phạm', 'Quang', 'Quỳnh', '2010-02-02', 'Nam', 'Kinh', 'Nhân Chính - Thanh Xuân'),
  ('HS12A14', 'Bùi', 'Tấn', 'Nga', '2008-02-27', 'Nữ', 'Kinh', 'Thanh Bình - Hà Đông'),
  ('HS12A15', 'Đặng', 'Thị', 'Phương', '2013-03-10', 'Nam', 'Kinh', 'Văn Quán - Hà Đông'),
  ('HS12A16', 'Dương', 'Tuấn', 'Cường', '2012-07-06', 'Nam', 'Kinh', 'Khương Trung - Thanh Xuân'),
  ('HS12A17', 'Đỗ', 'Phúc', 'Nga', '2008-09-18', 'Nữ', 'Kinh', 'Thanh Bình - Hà Đông'),
  ('HS12A18', 'Đặng', 'Anh', 'Hoài', '2011-01-21', 'Nữ', 'Kinh', 'Trần Phú - Hà Đông'),
  ('HS12A19', 'Phạm', 'Tuấn', 'Quỳnh', '2010-02-12', 'Nam', 'Kinh', 'Mộ Lao - Hà Đông'),
  ('HS12A20', 'Đỗ', 'Anh', 'Vân', '2009-01-12', 'Nữ', 'Kinh', 'Kim Giang - Thanh Xuân'),
  ('HS12B01', 'Bùi', 'Tuấn', 'Hà', '2013-08-23', 'Nam', 'Kinh', 'Yên Nghĩa - Hà Đông'),
  ('HS12B02', 'Hoàng', 'Ngọc', 'Bảo', '2013-08-02', 'Nam', 'Kinh', 'Phú Lương - Hà Đông'),
  ('HS12B03', 'Đặng', 'Phúc', 'Minh', '2010-05-17', 'Nam', 'Kinh', 'Phú La - Hà Đông'),
  ('HS12B04', 'Vũ', 'Thị', 'Việt', '2013-04-10', 'Nam', 'Kinh', 'Kim Giang - Thanh Xuân'),
  ('HS12B05', 'Vũ', 'Quang', 'Lan', '2010-02-26', 'Nữ', 'Kinh', 'Trần Phú - Hà Đông'),
  ('HS12B06', 'Bùi', 'Gia', 'Khánh', '2011-06-06', 'Nữ', 'Kinh', 'Khương Trung - Thanh Xuân'),
  ('HS12B07', 'Trần', 'Quang', 'Phương', '2008-12-14', 'Nữ', 'Kinh', 'Yên Nghĩa - Hà Đông'),
  ('HS12B08', 'Vũ', 'Tuấn', 'Huy', '2010-02-03', 'Nữ', 'Kinh', 'Phú La - Hà Đông'),
  ('HS12B09', 'Lê', 'Gia', 'Khánh', '2012-12-14', 'Nữ', 'Kinh', 'Nguyễn Trãi - Thanh Xuân'),
  ('HS12B10', 'Đặng', 'Minh', 'Quỳnh', '2013-06-20', 'Nam', 'Kinh', 'Thanh Bình - Hà Đông'),
  ('HS12B11', 'Vũ', 'Phúc', 'Tú', '2013-11-13', 'Nam', 'Kinh', 'Trần Phú - Hà Đông'),
  ('HS12B12', 'Ngô', 'Tuấn', 'Tú', '2008-03-28', 'Nam', 'Kinh', 'Nguyễn Trãi - Thanh Xuân'),
  ('HS12B13', 'Dương', 'Anh', 'Khánh', '2009-02-08', 'Nam', 'Kinh', 'Hà Cầu - Hà Đông'),
  ('HS12B14', 'Bùi', 'Anh', 'Khánh', '2012-03-22', 'Nam', 'Kinh', 'Nguyễn Trãi - Thanh Xuân'),
  ('HS12B15', 'Vũ', 'Quang', 'Khang', '2012-03-17', 'Nam', 'Kinh', 'Kim Giang - Thanh Xuân'),
  ('HS12B16', 'Lê', 'Gia', 'Nam', '2009-02-01', 'Nữ', 'Kinh', 'Hà Cầu - Hà Đông'),
  ('HS12B17', 'Bùi', 'Ngọc', 'Phương', '2010-05-23', 'Nam', 'Kinh', 'Phú La - Hà Đông'),
  ('HS12B18', 'Trần', 'Gia', 'Hà', '2009-02-05', 'Nữ', 'Kinh', 'Trần Phú - Hà Đông'),
  ('HS12B19', 'Vũ', 'Tuấn', 'Khánh', '2008-11-28', 'Nữ', 'Kinh', 'Trần Phú - Hà Đông'),
  ('HS12B20', 'Hoàng', 'Hữu', 'Thảo', '2012-09-10', 'Nam', 'Kinh', 'Trần Phú - Hà Đông');

INSERT INTO Giao_Vien (ID_giao_vien, Ngay_vao_lam, Chuyen_mon_chinh, Chuyen_mon_phu, Trang_thai, Chuc_vu, Trinh_do_hoc_van,Ma_to) VALUES
  ('GV001', '2017-02-04', 'Hải', 'Ngữ văn', 'Đang làm việc', 'Giáo viên', 'Cử nhân','TO_VAN'),
  ('GV002', '2000-05-19', 'Vy', 'Địa lý', 'Đang làm việc', 'Giáo viên', 'Cử nhân','TO_VAN'),
  ('GV003', '2000-01-28', 'Lan', 'Tin học', 'Đang làm việc', 'Giáo viên', 'Cử nhân','TO_IT'),
  ('GV004', '2020-03-02', 'Khoa', 'Ngữ văn', 'Đang làm việc', 'Giáo viên', 'Cử nhân','TO_VAN'),
  ('GV005', '2016-09-27', 'Minh', 'Lý', 'Đang làm việc', 'Giáo viên', 'Cử nhân','TO_SCI'),
  ('GV006', '2013-02-13', 'Trung', 'Địa lý', 'Đang làm việc', 'Giáo viên', 'Cử nhân','TO_VAN'),
  ('GV007', '2002-10-20', 'Tân', 'Toán', 'Đang làm việc', 'Giáo viên', 'Cử nhân','TO_MATH'),
  ('GV008', '2007-05-05', 'Lâm', 'Toán', 'Đang làm việc', 'Giáo viên', 'Cử nhân','TO_MATH'),
  ('GV009', '2006-05-17', 'Tân', 'Tin học', 'Đang làm việc', 'Giáo viên', 'Cử nhân','TO_IT'),
  ('GV010', '2009-09-09', 'Minh', 'Lịch sử', 'Đang làm việc', 'Giáo viên', 'Cử nhân','TO_SOC'),
  ('GV011', '2001-04-11', 'Hòa', 'Lý', 'Đang làm việc', 'Giáo viên', 'Cử nhân','TO_SCI'),
  ('GV012', '2002-07-02', 'Lan', 'Hóa', 'Đang làm việc', 'Giáo viên', 'Cử nhân','TO_SCI'),
  ('GV013', '2018-11-04', 'Minh', 'Thể dục', 'Đang làm việc', 'Giáo viên', 'Cử nhân','TO_PE'),
  ('GV014', '2018-02-07', 'Lâm', 'Thể dục', 'Đang làm việc', 'Giáo viên', 'Cử nhân','TO_PE'),
  ('GV015', '2001-02-11', 'Khoa', 'Địa lý', 'Đang làm việc', 'Giáo viên', 'Cử nhân','TO_SOC'),
  ('GV016', '2003-12-03', 'Lan', 'Thể dục', 'Đang làm việc', 'Giáo viên', 'Cử nhân','TO_PE'),
  ('GV017', '2003-04-05', 'Thủy', 'Thể dục', 'Đang làm việc', 'Giáo viên', 'Cử nhân','TO_PE'),
  ('GV018', '2018-11-10', 'Thu', 'Tin học', 'Đang làm việc', 'Giáo viên', 'Cử nhân','TO_PE'),
  ('GV019', '2004-05-15', 'Hải', 'Toán', 'Đang làm việc', 'Giáo viên', 'Cử nhân','TO_PE'),
  ('GV020', '2005-09-18', 'Mai', 'Toán', 'Đang làm việc', 'Giáo viên', 'Cử nhân','TO_PE');

INSERT INTO Phu_Huynh (ID_phu_huynh, Nghe_nghiep, Noi_lam_viec) VALUES
  ('PH0001', 'Kinh doanh', 'Bệnh viện C'),
  ('PH0002', 'Kinh doanh', 'Công ty A'),
  ('PH0003', 'Giáo viên', 'Công ty D'),
  ('PH0004', 'Kỹ sư', 'Bệnh viện C'),
  ('PH0005', 'Giáo viên', 'Công ty D'),
  ('PH0006', 'Kinh doanh', 'Trường THCS B'),
  ('PH0007', 'Công chức', 'Công ty D'),
  ('PH0008', 'Bác sĩ', 'Bệnh viện C'),
  ('PH0009', 'Công chức', 'Công ty D'),
  ('PH0010', 'Kỹ sư', 'Công ty D'),
  ('PH0011', 'Giáo viên', 'Công ty A'),
  ('PH0012', 'Giáo viên', 'Công ty A'),
  ('PH0013', 'Kinh doanh', 'Công ty D'),
  ('PH0014', 'Kỹ sư', 'Công ty A'),
  ('PH0015', 'Công chức', 'Công ty A'),
  ('PH0016', 'Bác sĩ', 'Bệnh viện C'),
  ('PH0017', 'Giáo viên', 'Trường THCS B'),
  ('PH0018', 'Giáo viên', 'Công ty A'),
  ('PH0019', 'Kỹ sư', 'Bệnh viện C'),
  ('PH0020', 'Kinh doanh', 'Công ty A'),
  ('PH0021', 'Giáo viên', 'Công ty A'),
  ('PH0022', 'Kỹ sư', 'Trường THCS B'),
  ('PH0023', 'Kỹ sư', 'Công ty A'),
  ('PH0024', 'Công chức', 'Công ty D'),
  ('PH0025', 'Giáo viên', 'Công ty D'),
  ('PH0026', 'Kinh doanh', 'Công ty D'),
  ('PH0027', 'Bác sĩ', 'Bệnh viện C'),
  ('PH0028', 'Kỹ sư', 'Bệnh viện C'),
  ('PH0029', 'Giáo viên', 'Bệnh viện C'),
  ('PH0030', 'Giáo viên', 'Công ty D'),
  ('PH0031', 'Kỹ sư', 'Công ty A'),
  ('PH0032', 'Kinh doanh', 'Trường THCS B'),
  ('PH0033', 'Kỹ sư', 'Bệnh viện C'),
  ('PH0034', 'Công chức', 'Công ty A'),
  ('PH0035', 'Công chức', 'Bệnh viện C'),
  ('PH0036', 'Bác sĩ', 'Bệnh viện C'),
  ('PH0037', 'Công chức', 'Công ty D'),
  ('PH0038', 'Bác sĩ', 'Bệnh viện C'),
  ('PH0039', 'Bác sĩ', 'Trường THCS B'),
  ('PH0040', 'Kinh doanh', 'Công ty A'),
  ('PH0041', 'Kỹ sư', 'Công ty A'),
  ('PH0042', 'Bác sĩ', 'Bệnh viện C'),
  ('PH0043', 'Công chức', 'Công ty D'),
  ('PH0044', 'Kỹ sư', 'Công ty D'),
  ('PH0045', 'Giáo viên', 'Bệnh viện C'),
  ('PH0046', 'Kỹ sư', 'Bệnh viện C'),
  ('PH0047', 'Giáo viên', 'Trường THCS B'),
  ('PH0048', 'Công chức', 'Công ty A'),
  ('PH0049', 'Công chức', 'Trường THCS B'),
  ('PH0050', 'Công chức', 'Công ty D'),
  ('PH0051', 'Giáo viên', 'Bệnh viện C'),
  ('PH0052', 'Công chức', 'Bệnh viện C'),
  ('PH0053', 'Kinh doanh', 'Bệnh viện C'),
  ('PH0054', 'Công chức', 'Công ty A'),
  ('PH0055', 'Công chức', 'Công ty A'),
  ('PH0056', 'Kinh doanh', 'Công ty A'),
  ('PH0057', 'Kỹ sư', 'Bệnh viện C'),
  ('PH0058', 'Kinh doanh', 'Trường THCS B'),
  ('PH0059', 'Kinh doanh', 'Công ty D'),
  ('PH0060', 'Bác sĩ', 'Công ty D'),
  ('PH0061', 'Giáo viên', 'Bệnh viện C'),
  ('PH0062', 'Kinh doanh', 'Công ty D'),
  ('PH0063', 'Kinh doanh', 'Công ty A'),
  ('PH0064', 'Kinh doanh', 'Công ty D'),
  ('PH0065', 'Công chức', 'Công ty A'),
  ('PH0066', 'Kỹ sư', 'Công ty A'),
  ('PH0067', 'Công chức', 'Trường THCS B'),
  ('PH0068', 'Bác sĩ', 'Trường THCS B'),
  ('PH0069', 'Kinh doanh', 'Công ty D'),
  ('PH0070', 'Công chức', 'Trường THCS B'),
  ('PH0071', 'Giáo viên', 'Công ty A'),
  ('PH0072', 'Kinh doanh', 'Bệnh viện C'),
  ('PH0073', 'Giáo viên', 'Trường THCS B'),
  ('PH0074', 'Giáo viên', 'Trường THCS B'),
  ('PH0075', 'Bác sĩ', 'Trường THCS B'),
  ('PH0076', 'Giáo viên', 'Trường THCS B'),
  ('PH0077', 'Bác sĩ', 'Trường THCS B'),
  ('PH0078', 'Kỹ sư', 'Công ty A'),
  ('PH0079', 'Bác sĩ', 'Bệnh viện C'),
  ('PH0080', 'Công chức', 'Bệnh viện C'),
  ('PH0081', 'Giáo viên', 'Trường THCS B'),
  ('PH0082', 'Kỹ sư', 'Bệnh viện C'),
  ('PH0083', 'Kinh doanh', 'Công ty A'),
  ('PH0084', 'Kỹ sư', 'Công ty A'),
  ('PH0085', 'Kinh doanh', 'Bệnh viện C'),
  ('PH0086', 'Công chức', 'Công ty A'),
  ('PH0087', 'Giáo viên', 'Bệnh viện C'),
  ('PH0088', 'Kinh doanh', 'Công ty A'),
  ('PH0089', 'Giáo viên', 'Bệnh viện C'),
  ('PH0090', 'Kinh doanh', 'Bệnh viện C'),
  ('PH0091', 'Giáo viên', 'Bệnh viện C'),
  ('PH0092', 'Công chức', 'Trường THCS B'),
  ('PH0093', 'Giáo viên', 'Trường THCS B'),
  ('PH0094', 'Kinh doanh', 'Công ty D'),
  ('PH0095', 'Kỹ sư', 'Công ty A'),
  ('PH0096', 'Kỹ sư', 'Công ty D'),
  ('PH0097', 'Bác sĩ', 'Công ty A'),
  ('PH0098', 'Bác sĩ', 'Công ty D'),
  ('PH0099', 'Bác sĩ', 'Trường THCS B'),
  ('PH0100', 'Kinh doanh', 'Trường THCS B'),
  ('PH0101', 'Bác sĩ', 'Công ty A'),
  ('PH0102', 'Kinh doanh', 'Công ty A'),
  ('PH0103', 'Kỹ sư', 'Công ty A'),
  ('PH0104', 'Bác sĩ', 'Bệnh viện C'),
  ('PH0105', 'Kỹ sư', 'Trường THCS B'),
  ('PH0106', 'Kỹ sư', 'Công ty A'),
  ('PH0107', 'Bác sĩ', 'Bệnh viện C'),
  ('PH0108', 'Giáo viên', 'Công ty A'),
  ('PH0109', 'Kỹ sư', 'Bệnh viện C'),
  ('PH0110', 'Công chức', 'Công ty D'),
  ('PH0111', 'Công chức', 'Bệnh viện C'),
  ('PH0112', 'Giáo viên', 'Công ty A'),
  ('PH0113', 'Giáo viên', 'Công ty A'),
  ('PH0114', 'Bác sĩ', 'Trường THCS B'),
  ('PH0115', 'Kinh doanh', 'Công ty D'),
  ('PH0116', 'Giáo viên', 'Bệnh viện C'),
  ('PH0117', 'Công chức', 'Công ty A'),
  ('PH0118', 'Giáo viên', 'Công ty D'),
  ('PH0119', 'Bác sĩ', 'Công ty A'),
  ('PH0120', 'Giáo viên', 'Công ty A'),
  ('PH0121', 'Giáo viên', 'Công ty D'),
  ('PH0122', 'Kỹ sư', 'Trường THCS B'),
  ('PH0123', 'Công chức', 'Công ty A'),
  ('PH0124', 'Kỹ sư', 'Bệnh viện C'),
  ('PH0125', 'Bác sĩ', 'Bệnh viện C'),
  ('PH0126', 'Kỹ sư', 'Công ty D'),
  ('PH0127', 'Kỹ sư', 'Bệnh viện C'),
  ('PH0128', 'Kinh doanh', 'Bệnh viện C'),
  ('PH0129', 'Giáo viên', 'Công ty A'),
  ('PH0130', 'Công chức', 'Công ty D'),
  ('PH0131', 'Bác sĩ', 'Công ty A'),
  ('PH0132', 'Kỹ sư', 'Bệnh viện C'),
  ('PH0133', 'Giáo viên', 'Công ty D'),
  ('PH0134', 'Kinh doanh', 'Công ty D'),
  ('PH0135', 'Kinh doanh', 'Công ty A'),
  ('PH0136', 'Công chức', 'Bệnh viện C'),
  ('PH0137', 'Công chức', 'Công ty D'),
  ('PH0138', 'Giáo viên', 'Trường THCS B'),
  ('PH0139', 'Công chức', 'Bệnh viện C'),
  ('PH0140', 'Kỹ sư', 'Công ty D'),
  ('PH0141', 'Kinh doanh', 'Công ty A'),
  ('PH0142', 'Công chức', 'Bệnh viện C'),
  ('PH0143', 'Giáo viên', 'Công ty D'),
  ('PH0144', 'Công chức', 'Công ty A'),
  ('PH0145', 'Giáo viên', 'Công ty D'),
  ('PH0146', 'Bác sĩ', 'Công ty A'),
  ('PH0147', 'Kỹ sư', 'Công ty A'),
  ('PH0148', 'Giáo viên', 'Bệnh viện C'),
  ('PH0149', 'Giáo viên', 'Công ty A'),
  ('PH0150', 'Bác sĩ', 'Bệnh viện C'),
  ('PH0151', 'Giáo viên', 'Công ty D'),
  ('PH0152', 'Công chức', 'Trường THCS B'),
  ('PH0153', 'Bác sĩ', 'Công ty D'),
  ('PH0154', 'Kỹ sư', 'Bệnh viện C'),
  ('PH0155', 'Kỹ sư', 'Công ty D'),
  ('PH0156', 'Công chức', 'Trường THCS B'),
  ('PH0157', 'Kỹ sư', 'Công ty A'),
  ('PH0158', 'Bác sĩ', 'Bệnh viện C'),
  ('PH0159', 'Giáo viên', 'Trường THCS B'),
  ('PH0160', 'Giáo viên', 'Bệnh viện C'),
  ('PH0161', 'Giáo viên', 'Trường THCS B'),
  ('PH0162', 'Kỹ sư', 'Công ty A'),
  ('PH0163', 'Kinh doanh', 'Bệnh viện C'),
  ('PH0164', 'Kinh doanh', 'Công ty D'),
  ('PH0165', 'Giáo viên', 'Bệnh viện C'),
  ('PH0166', 'Kinh doanh', 'Bệnh viện C'),
  ('PH0167', 'Kỹ sư', 'Trường THCS B'),
  ('PH0168', 'Công chức', 'Công ty A'),
  ('PH0169', 'Kỹ sư', 'Bệnh viện C'),
  ('PH0170', 'Kỹ sư', 'Công ty D'),
  ('PH0171', 'Kỹ sư', 'Công ty A'),
  ('PH0172', 'Công chức', 'Trường THCS B'),
  ('PH0173', 'Công chức', 'Công ty D'),
  ('PH0174', 'Kinh doanh', 'Trường THCS B'),
  ('PH0175', 'Kỹ sư', 'Trường THCS B'),
  ('PH0176', 'Kỹ sư', 'Công ty D'),
  ('PH0177', 'Kinh doanh', 'Trường THCS B'),
  ('PH0178', 'Giáo viên', 'Trường THCS B'),
  ('PH0179', 'Giáo viên', 'Bệnh viện C'),
  ('PH0180', 'Bác sĩ', 'Bệnh viện C'),
  ('PH0181', 'Kỹ sư', 'Trường THCS B'),
  ('PH0182', 'Giáo viên', 'Công ty A'),
  ('PH0183', 'Kỹ sư', 'Trường THCS B'),
  ('PH0184', 'Bác sĩ', 'Công ty D'),
  ('PH0185', 'Giáo viên', 'Công ty A'),
  ('PH0186', 'Kỹ sư', 'Công ty A'),
  ('PH0187', 'Giáo viên', 'Công ty D'),
  ('PH0188', 'Công chức', 'Trường THCS B'),
  ('PH0189', 'Bác sĩ', 'Công ty A'),
  ('PH0190', 'Công chức', 'Trường THCS B'),
  ('PH0191', 'Kinh doanh', 'Công ty D'),
  ('PH0192', 'Kỹ sư', 'Trường THCS B'),
  ('PH0193', 'Bác sĩ', 'Trường THCS B'),
  ('PH0194', 'Giáo viên', 'Công ty A'),
  ('PH0195', 'Kỹ sư', 'Công ty A'),
  ('PH0196', 'Công chức', 'Công ty D'),
  ('PH0197', 'Bác sĩ', 'Trường THCS B'),
  ('PH0198', 'Kinh doanh', 'Bệnh viện C'),
  ('PH0199', 'Giáo viên', 'Trường THCS B'),
  ('PH0200', 'Công chức', 'Công ty D'),
  ('PH0201', 'Bác sĩ', 'Trường THCS B'),
  ('PH0202', 'Công chức', 'Công ty A'),
  ('PH0203', 'Công chức', 'Trường THCS B'),
  ('PH0204', 'Giáo viên', 'Bệnh viện C'),
  ('PH0205', 'Kinh doanh', 'Trường THCS B'),
  ('PH0206', 'Kinh doanh', 'Trường THCS B'),
  ('PH0207', 'Bác sĩ', 'Trường THCS B'),
  ('PH0208', 'Bác sĩ', 'Công ty A'),
  ('PH0209', 'Kỹ sư', 'Bệnh viện C'),
  ('PH0210', 'Kinh doanh', 'Trường THCS B'),
  ('PH0211', 'Giáo viên', 'Công ty A'),
  ('PH0212', 'Công chức', 'Công ty A'),
  ('PH0213', 'Bác sĩ', 'Công ty A'),
  ('PH0214', 'Kinh doanh', 'Trường THCS B'),
  ('PH0215', 'Giáo viên', 'Trường THCS B'),
  ('PH0216', 'Kỹ sư', 'Trường THCS B'),
  ('PH0217', 'Công chức', 'Công ty D'),
  ('PH0218', 'Kinh doanh', 'Công ty A'),
  ('PH0219', 'Kinh doanh', 'Công ty A'),
  ('PH0220', 'Kinh doanh', 'Trường THCS B'),
  ('PH0221', 'Bác sĩ', 'Bệnh viện C'),
  ('PH0222', 'Công chức', 'Công ty A'),
  ('PH0223', 'Công chức', 'Trường THCS B'),
  ('PH0224', 'Giáo viên', 'Bệnh viện C'),
  ('PH0225', 'Công chức', 'Bệnh viện C'),
  ('PH0226', 'Công chức', 'Công ty A'),
  ('PH0227', 'Bác sĩ', 'Bệnh viện C'),
  ('PH0228', 'Kỹ sư', 'Bệnh viện C'),
  ('PH0229', 'Kinh doanh', 'Công ty D'),
  ('PH0230', 'Bác sĩ', 'Trường THCS B'),
  ('PH0231', 'Giáo viên', 'Công ty A'),
  ('PH0232', 'Kỹ sư', 'Bệnh viện C'),
  ('PH0233', 'Giáo viên', 'Trường THCS B'),
  ('PH0234', 'Giáo viên', 'Công ty A'),
  ('PH0235', 'Công chức', 'Công ty D'),
  ('PH0236', 'Công chức', 'Công ty A'),
  ('PH0237', 'Kỹ sư', 'Bệnh viện C'),
  ('PH0238', 'Công chức', 'Bệnh viện C'),
  ('PH0239', 'Công chức', 'Bệnh viện C'),
  ('PH0240', 'Giáo viên', 'Công ty D'),
  ('PH0241', 'Kinh doanh', 'Công ty A'),
  ('PH0242', 'Bác sĩ', 'Bệnh viện C'),
  ('PH0243', 'Kỹ sư', 'Trường THCS B'),
  ('PH0244', 'Bác sĩ', 'Công ty A'),
  ('PH0245', 'Kinh doanh', 'Công ty D'),
  ('PH0246', 'Công chức', 'Công ty D'),
  ('PH0247', 'Công chức', 'Công ty D'),
  ('PH0248', 'Kỹ sư', 'Công ty A'),
  ('PH0249', 'Kỹ sư', 'Trường THCS B'),
  ('PH0250', 'Công chức', 'Công ty D'),
  ('PH0251', 'Kinh doanh', 'Trường THCS B'),
  ('PH0252', 'Kinh doanh', 'Trường THCS B'),
  ('PH0253', 'Bác sĩ', 'Công ty A'),
  ('PH0254', 'Kỹ sư', 'Công ty D'),
  ('PH0255', 'Bác sĩ', 'Công ty A'),
  ('PH0256', 'Công chức', 'Công ty A'),
  ('PH0257', 'Bác sĩ', 'Công ty A'),
  ('PH0258', 'Giáo viên', 'Trường THCS B'),
  ('PH0259', 'Giáo viên', 'Công ty A'),
  ('PH0260', 'Kinh doanh', 'Công ty D'),
  ('PH0261', 'Công chức', 'Công ty D'),
  ('PH0262', 'Kinh doanh', 'Công ty D'),
  ('PH0263', 'Công chức', 'Công ty D'),
  ('PH0264', 'Giáo viên', 'Bệnh viện C'),
  ('PH0265', 'Giáo viên', 'Trường THCS B'),
  ('PH0266', 'Giáo viên', 'Trường THCS B'),
  ('PH0267', 'Công chức', 'Công ty A'),
  ('PH0268', 'Bác sĩ', 'Bệnh viện C'),
  ('PH0269', 'Bác sĩ', 'Trường THCS B'),
  ('PH0270', 'Kinh doanh', 'Trường THCS B'),
  ('PH0271', 'Công chức', 'Bệnh viện C'),
  ('PH0272', 'Bác sĩ', 'Bệnh viện C'),
  ('PH0273', 'Công chức', 'Trường THCS B'),
  ('PH0274', 'Công chức', 'Công ty A'),
  ('PH0275', 'Kinh doanh', 'Bệnh viện C'),
  ('PH0276', 'Giáo viên', 'Bệnh viện C'),
  ('PH0277', 'Giáo viên', 'Công ty A'),
  ('PH0278', 'Kinh doanh', 'Công ty A'),
  ('PH0279', 'Giáo viên', 'Công ty D'),
  ('PH0280', 'Kỹ sư', 'Trường THCS B'),
  ('PH0281', 'Bác sĩ', 'Trường THCS B'),
  ('PH0282', 'Giáo viên', 'Công ty A'),
  ('PH0283', 'Giáo viên', 'Trường THCS B'),
  ('PH0284', 'Kỹ sư', 'Công ty D'),
  ('PH0285', 'Kỹ sư', 'Công ty D'),
  ('PH0286', 'Công chức', 'Trường THCS B'),
  ('PH0287', 'Giáo viên', 'Công ty D'),
  ('PH0288', 'Bác sĩ', 'Bệnh viện C'),
  ('PH0289', 'Kinh doanh', 'Công ty D'),
  ('PH0290', 'Bác sĩ', 'Trường THCS B'),
  ('PH0291', 'Công chức', 'Công ty D');

INSERT INTO To_Bo_Mon (Ma_to, Ten_to, Mo_ta, ID_giao_vien_truong) VALUES
  ('TO_MATH', 'Tổ TO_MATH', 'Phụ trách TO_MATH', 'GV017'),
  ('TO_VAN', 'Tổ TO_VAN', 'Phụ trách TO_VAN', 'GV010'),
  ('TO_ENG', 'Tổ TO_ENG', 'Phụ trách TO_ENG', 'GV002'),
  ('TO_SCI', 'Tổ TO_SCI', 'Phụ trách TO_SCI', 'GV013'),
  ('TO_SOC', 'Tổ TO_SOC', 'Phụ trách TO_SOC', 'GV013'),
  ('TO_IT', 'Tổ TO_IT', 'Phụ trách TO_IT', 'GV014'),
  ('TO_PE', 'Tổ TO_PE', 'Phụ trách TO_PE', 'GV011');

INSERT INTO Mon_Hoc (Ma_mon_hoc, Ten_mon_hoc, Ma_to, Loai_mon, So_tiet_tren_nam, So_tiet_tren_tuan) VALUES
  ('MATH', 'Toán', 'TO_MATH', 'Bắt buộc', 120, 4),
  ('LIT', 'Ngữ văn', 'TO_VAN', 'Bắt buộc', 120, 4),
  ('ENG', 'Tiếng Anh', 'TO_ENG', 'Bắt buộc', 120, 4),
  ('PHY', 'Vật lý', 'TO_SCI', 'Bắt buộc', 120, 4),
  ('CHE', 'Hóa học', 'TO_SCI', 'Bắt buộc', 120, 4),
  ('BIO', 'Sinh học', 'TO_SCI', 'Tự chọn', 60, 2),
  ('HIS', 'Lịch sử', 'TO_SOC', 'Bắt buộc', 120, 4),
  ('GEO', 'Địa lý', 'TO_SOC', 'Bắt buộc', 120, 4),
  ('IT', 'Tin học', 'TO_IT', 'Tự chọn', 60, 2),
  ('PE', 'Thể dục', 'TO_PE', 'Tự chọn', 60, 2),
  ('CIV', 'GDCD', 'TO_VAN', 'Tự chọn', 60, 2),
  ('TEC', 'Công nghệ', 'TO_IT', 'Tự chọn', 60, 2);

INSERT INTO Lop_Hoc (Ma_lop_hoc, Ten_lop, Khoi_hoc, Loai_lop, Si_so, ID_giao_vien_chu_nhiem) VALUES
  ('6A', 'Lớp 6A', 6, 'Thường', 20, 'GV001'),
  ('6B', 'Lớp 6B', 6, 'Thường', 20, 'GV002'),
  ('7A', 'Lớp 7A', 7, 'Thường', 20, 'GV003'),
  ('7B', 'Lớp 7B', 7, 'Thường', 20, 'GV004'),
  ('8A', 'Lớp 8A', 8, 'Thường', 20, 'GV005'),
  ('8B', 'Lớp 8B', 8, 'Thường', 20, 'GV006'),
  ('9A', 'Lớp 9A', 9, 'Thường', 20, 'GV007'),
  ('9B', 'Lớp 9B', 9, 'Thường', 20, 'GV008'),
  ('10A', 'Lớp 10A', 10, 'Thường', 20, 'GV009'),
  ('10B', 'Lớp 10B', 10, 'Thường', 20, 'GV010'),
  ('11A', 'Lớp 11A', 11, 'Thường', 20, 'GV011'),
  ('11B', 'Lớp 11B', 11, 'Thường', 20, 'GV012'),
  ('12A', 'Lớp 12A', 12, 'Thường', 20, 'GV013'),
  ('12B', 'Lớp 12B', 12, 'Thường', 20, 'GV014');

INSERT INTO Hoc_Sinh (ID_hoc_sinh, Ma_so_BHYT, Ngay_nhap_hoc, Hanh_kiem, Trang_thai, Ma_lop_hoc) VALUES
  ('HS6A01', 'BHYT306012', '2024-09-05', 'Trung bình', 'Đang học', '6A'),
  ('HS6A02', 'BHYT302897', '2024-09-05', 'Khá', 'Đang học', '6A'),
  ('HS6A03', 'BHYT570616', '2024-09-05', 'Tốt', 'Đang học', '6A'),
  ('HS6A04', 'BHYT815819', '2024-09-05', 'Tốt', 'Đang học', '6A'),
  ('HS6A05', 'BHYT296059', '2024-09-05', 'Tốt', 'Đang học', '6A'),
  ('HS6A06', 'BHYT870786', '2024-09-05', 'Trung bình', 'Đang học', '6A'),
  ('HS6A07', 'BHYT225151', '2024-09-05', 'Khá', 'Đang học', '6A'),
  ('HS6A08', 'BHYT142608', '2024-09-05', 'Khá', 'Đang học', '6A'),
  ('HS6A09', 'BHYT392670', '2024-09-05', 'Trung bình', 'Đang học', '6A'),
  ('HS6A10', 'BHYT377075', '2024-09-05', 'Tốt', 'Đang học', '6A'),
  ('HS6A11', 'BHYT268746', '2024-09-05', 'Trung bình', 'Đang học', '6A'),
  ('HS6A12', 'BHYT987110', '2024-09-05', 'Khá', 'Đang học', '6A'),
  ('HS6A13', 'BHYT105919', '2024-09-05', 'Khá', 'Đang học', '6A'),
  ('HS6A14', 'BHYT588983', '2024-09-05', 'Trung bình', 'Đang học', '6A'),
  ('HS6A15', 'BHYT262325', '2024-09-05', 'Tốt', 'Đang học', '6A'),
  ('HS6A16', 'BHYT261169', '2024-09-05', 'Khá', 'Đang học', '6A'),
  ('HS6A17', 'BHYT725874', '2024-09-05', 'Tốt', 'Đang học', '6A'),
  ('HS6A18', 'BHYT911242', '2024-09-05', 'Trung bình', 'Đang học', '6A'),
  ('HS6A19', 'BHYT745512', '2024-09-05', 'Trung bình', 'Đang học', '6A'),
  ('HS6A20', 'BHYT415783', '2024-09-05', 'Khá', 'Đang học', '6A'),
  ('HS6B01', 'BHYT928278', '2024-09-05', 'Trung bình', 'Đang học', '6B'),
  ('HS6B02', 'BHYT676884', '2024-09-05', 'Khá', 'Đang học', '6B'),
  ('HS6B03', 'BHYT176421', '2024-09-05', 'Trung bình', 'Đang học', '6B'),
  ('HS6B04', 'BHYT433299', '2024-09-05', 'Trung bình', 'Đang học', '6B'),
  ('HS6B05', 'BHYT330646', '2024-09-05', 'Tốt', 'Đang học', '6B'),
  ('HS6B06', 'BHYT645895', '2024-09-05', 'Tốt', 'Đang học', '6B'),
  ('HS6B07', 'BHYT924451', '2024-09-05', 'Trung bình', 'Đang học', '6B'),
  ('HS6B08', 'BHYT267112', '2024-09-05', 'Khá', 'Đang học', '6B'),
  ('HS6B09', 'BHYT669460', '2024-09-05', 'Trung bình', 'Đang học', '6B'),
  ('HS6B10', 'BHYT523013', '2024-09-05', 'Tốt', 'Đang học', '6B'),
  ('HS6B11', 'BHYT466375', '2024-09-05', 'Tốt', 'Đang học', '6B'),
  ('HS6B12', 'BHYT323717', '2024-09-05', 'Trung bình', 'Đang học', '6B'),
  ('HS6B13', 'BHYT448005', '2024-09-05', 'Khá', 'Đang học', '6B'),
  ('HS6B14', 'BHYT478323', '2024-09-05', 'Khá', 'Đang học', '6B'),
  ('HS6B15', 'BHYT329056', '2024-09-05', 'Trung bình', 'Đang học', '6B'),
  ('HS6B16', 'BHYT656268', '2024-09-05', 'Khá', 'Đang học', '6B'),
  ('HS6B17', 'BHYT688602', '2024-09-05', 'Trung bình', 'Đang học', '6B'),
  ('HS6B18', 'BHYT109231', '2024-09-05', 'Tốt', 'Đang học', '6B'),
  ('HS6B19', 'BHYT801432', '2024-09-05', 'Khá', 'Đang học', '6B'),
  ('HS6B20', 'BHYT567315', '2024-09-05', 'Tốt', 'Đang học', '6B'),
  ('HS7A01', 'BHYT773462', '2024-09-05', 'Trung bình', 'Đang học', '7A'),
  ('HS7A02', 'BHYT751303', '2024-09-05', 'Tốt', 'Đang học', '7A'),
  ('HS7A03', 'BHYT141814', '2024-09-05', 'Trung bình', 'Đang học', '7A'),
  ('HS7A04', 'BHYT436526', '2024-09-05', 'Khá', 'Đang học', '7A'),
  ('HS7A05', 'BHYT934883', '2024-09-05', 'Tốt', 'Đang học', '7A'),
  ('HS7A06', 'BHYT504620', '2024-09-05', 'Khá', 'Đang học', '7A'),
  ('HS7A07', 'BHYT666479', '2024-09-05', 'Trung bình', 'Đang học', '7A'),
  ('HS7A08', 'BHYT396567', '2024-09-05', 'Tốt', 'Đang học', '7A'),
  ('HS7A09', 'BHYT641975', '2024-09-05', 'Khá', 'Đang học', '7A'),
  ('HS7A10', 'BHYT639292', '2024-09-05', 'Trung bình', 'Đang học', '7A'),
  ('HS7A11', 'BHYT567200', '2024-09-05', 'Khá', 'Đang học', '7A'),
  ('HS7A12', 'BHYT145981', '2024-09-05', 'Khá', 'Đang học', '7A'),
  ('HS7A13', 'BHYT783176', '2024-09-05', 'Tốt', 'Đang học', '7A'),
  ('HS7A14', 'BHYT435872', '2024-09-05', 'Trung bình', 'Đang học', '7A'),
  ('HS7A15', 'BHYT186345', '2024-09-05', 'Tốt', 'Đang học', '7A'),
  ('HS7A16', 'BHYT275526', '2024-09-05', 'Trung bình', 'Đang học', '7A'),
  ('HS7A17', 'BHYT659106', '2024-09-05', 'Tốt', 'Đang học', '7A'),
  ('HS7A18', 'BHYT757386', '2024-09-05', 'Tốt', 'Đang học', '7A'),
  ('HS7A19', 'BHYT321020', '2024-09-05', 'Trung bình', 'Đang học', '7A'),
  ('HS7A20', 'BHYT760093', '2024-09-05', 'Tốt', 'Đang học', '7A'),
  ('HS7B01', 'BHYT818699', '2024-09-05', 'Khá', 'Đang học', '7B'),
  ('HS7B02', 'BHYT976258', '2024-09-05', 'Tốt', 'Đang học', '7B'),
  ('HS7B03', 'BHYT315565', '2024-09-05', 'Trung bình', 'Đang học', '7B'),
  ('HS7B04', 'BHYT969005', '2024-09-05', 'Trung bình', 'Đang học', '7B'),
  ('HS7B05', 'BHYT877388', '2024-09-05', 'Khá', 'Đang học', '7B'),
  ('HS7B06', 'BHYT777968', '2024-09-05', 'Tốt', 'Đang học', '7B'),
  ('HS7B07', 'BHYT883171', '2024-09-05', 'Trung bình', 'Đang học', '7B'),
  ('HS7B08', 'BHYT261223', '2024-09-05', 'Tốt', 'Đang học', '7B'),
  ('HS7B09', 'BHYT581532', '2024-09-05', 'Trung bình', 'Đang học', '7B'),
  ('HS7B10', 'BHYT447828', '2024-09-05', 'Tốt', 'Đang học', '7B'),
  ('HS7B11', 'BHYT191772', '2024-09-05', 'Tốt', 'Đang học', '7B'),
  ('HS7B12', 'BHYT156904', '2024-09-05', 'Tốt', 'Đang học', '7B'),
  ('HS7B13', 'BHYT932794', '2024-09-05', 'Khá', 'Đang học', '7B'),
  ('HS7B14', 'BHYT685193', '2024-09-05', 'Tốt', 'Đang học', '7B'),
  ('HS7B15', 'BHYT702891', '2024-09-05', 'Tốt', 'Đang học', '7B'),
  ('HS7B16', 'BHYT371212', '2024-09-05', 'Khá', 'Đang học', '7B'),
  ('HS7B17', 'BHYT506881', '2024-09-05', 'Khá', 'Đang học', '7B'),
  ('HS7B18', 'BHYT760830', '2024-09-05', 'Khá', 'Đang học', '7B'),
  ('HS7B19', 'BHYT554059', '2024-09-05', 'Khá', 'Đang học', '7B'),
  ('HS7B20', 'BHYT117711', '2024-09-05', 'Khá', 'Đang học', '7B'),
  ('HS8A01', 'BHYT806004', '2024-09-05', 'Tốt', 'Đang học', '8A'),
  ('HS8A02', 'BHYT660814', '2024-09-05', 'Tốt', 'Đang học', '8A'),
  ('HS8A03', 'BHYT772580', '2024-09-05', 'Trung bình', 'Đang học', '8A'),
  ('HS8A04', 'BHYT748386', '2024-09-05', 'Tốt', 'Đang học', '8A'),
  ('HS8A05', 'BHYT892682', '2024-09-05', 'Trung bình', 'Đang học', '8A'),
  ('HS8A06', 'BHYT714054', '2024-09-05', 'Tốt', 'Đang học', '8A'),
  ('HS8A07', 'BHYT834928', '2024-09-05', 'Tốt', 'Đang học', '8A'),
  ('HS8A08', 'BHYT475075', '2024-09-05', 'Trung bình', 'Đang học', '8A'),
  ('HS8A09', 'BHYT211291', '2024-09-05', 'Khá', 'Đang học', '8A'),
  ('HS8A10', 'BHYT925115', '2024-09-05', 'Trung bình', 'Đang học', '8A'),
  ('HS8A11', 'BHYT415989', '2024-09-05', 'Trung bình', 'Đang học', '8A'),
  ('HS8A12', 'BHYT190707', '2024-09-05', 'Khá', 'Đang học', '8A'),
  ('HS8A13', 'BHYT902448', '2024-09-05', 'Khá', 'Đang học', '8A'),
  ('HS8A14', 'BHYT499941', '2024-09-05', 'Khá', 'Đang học', '8A'),
  ('HS8A15', 'BHYT962057', '2024-09-05', 'Trung bình', 'Đang học', '8A'),
  ('HS8A16', 'BHYT132316', '2024-09-05', 'Khá', 'Đang học', '8A'),
  ('HS8A17', 'BHYT263917', '2024-09-05', 'Trung bình', 'Đang học', '8A'),
  ('HS8A18', 'BHYT330545', '2024-09-05', 'Tốt', 'Đang học', '8A'),
  ('HS8A19', 'BHYT883028', '2024-09-05', 'Khá', 'Đang học', '8A'),
  ('HS8A20', 'BHYT935474', '2024-09-05', 'Trung bình', 'Đang học', '8A'),
  ('HS8B01', 'BHYT409307', '2024-09-05', 'Trung bình', 'Đang học', '8B'),
  ('HS8B02', 'BHYT251074', '2024-09-05', 'Khá', 'Đang học', '8B'),
  ('HS8B03', 'BHYT810189', '2024-09-05', 'Trung bình', 'Đang học', '8B'),
  ('HS8B04', 'BHYT779414', '2024-09-05', 'Khá', 'Đang học', '8B'),
  ('HS8B05', 'BHYT111691', '2024-09-05', 'Trung bình', 'Đang học', '8B'),
  ('HS8B06', 'BHYT682032', '2024-09-05', 'Tốt', 'Đang học', '8B'),
  ('HS8B07', 'BHYT229221', '2024-09-05', 'Tốt', 'Đang học', '8B'),
  ('HS8B08', 'BHYT105274', '2024-09-05', 'Trung bình', 'Đang học', '8B'),
  ('HS8B09', 'BHYT725637', '2024-09-05', 'Khá', 'Đang học', '8B'),
  ('HS8B10', 'BHYT663244', '2024-09-05', 'Trung bình', 'Đang học', '8B'),
  ('HS8B11', 'BHYT189261', '2024-09-05', 'Khá', 'Đang học', '8B'),
  ('HS8B12', 'BHYT320256', '2024-09-05', 'Trung bình', 'Đang học', '8B'),
  ('HS8B13', 'BHYT877446', '2024-09-05', 'Trung bình', 'Đang học', '8B'),
  ('HS8B14', 'BHYT460554', '2024-09-05', 'Tốt', 'Đang học', '8B'),
  ('HS8B15', 'BHYT532699', '2024-09-05', 'Trung bình', 'Đang học', '8B'),
  ('HS8B16', 'BHYT992819', '2024-09-05', 'Trung bình', 'Đang học', '8B'),
  ('HS8B17', 'BHYT249375', '2024-09-05', 'Tốt', 'Đang học', '8B'),
  ('HS8B18', 'BHYT292930', '2024-09-05', 'Tốt', 'Đang học', '8B'),
  ('HS8B19', 'BHYT746850', '2024-09-05', 'Khá', 'Đang học', '8B'),
  ('HS8B20', 'BHYT303765', '2024-09-05', 'Tốt', 'Đang học', '8B'),
  ('HS9A01', 'BHYT290167', '2024-09-05', 'Trung bình', 'Đang học', '9A'),
  ('HS9A02', 'BHYT938504', '2024-09-05', 'Trung bình', 'Đang học', '9A'),
  ('HS9A03', 'BHYT993650', '2024-09-05', 'Tốt', 'Đang học', '9A'),
  ('HS9A04', 'BHYT992744', '2024-09-05', 'Trung bình', 'Đang học', '9A'),
  ('HS9A05', 'BHYT583671', '2024-09-05', 'Trung bình', 'Đang học', '9A'),
  ('HS9A06', 'BHYT676365', '2024-09-05', 'Tốt', 'Đang học', '9A'),
  ('HS9A07', 'BHYT404771', '2024-09-05', 'Trung bình', 'Đang học', '9A'),
  ('HS9A08', 'BHYT170634', '2024-09-05', 'Khá', 'Đang học', '9A'),
  ('HS9A09', 'BHYT202972', '2024-09-05', 'Tốt', 'Đang học', '9A'),
  ('HS9A10', 'BHYT860835', '2024-09-05', 'Trung bình', 'Đang học', '9A'),
  ('HS9A11', 'BHYT610856', '2024-09-05', 'Khá', 'Đang học', '9A'),
  ('HS9A12', 'BHYT474486', '2024-09-05', 'Tốt', 'Đang học', '9A'),
  ('HS9A13', 'BHYT803904', '2024-09-05', 'Trung bình', 'Đang học', '9A'),
  ('HS9A14', 'BHYT345925', '2024-09-05', 'Tốt', 'Đang học', '9A'),
  ('HS9A15', 'BHYT398987', '2024-09-05', 'Trung bình', 'Đang học', '9A'),
  ('HS9A16', 'BHYT173199', '2024-09-05', 'Tốt', 'Đang học', '9A'),
  ('HS9A17', 'BHYT433222', '2024-09-05', 'Khá', 'Đang học', '9A'),
  ('HS9A18', 'BHYT572536', '2024-09-05', 'Khá', 'Đang học', '9A'),
  ('HS9A19', 'BHYT746281', '2024-09-05', 'Trung bình', 'Đang học', '9A'),
  ('HS9A20', 'BHYT420523', '2024-09-05', 'Trung bình', 'Đang học', '9A'),
  ('HS9B01', 'BHYT712546', '2024-09-05', 'Tốt', 'Đang học', '9B'),
  ('HS9B02', 'BHYT693024', '2024-09-05', 'Trung bình', 'Đang học', '9B'),
  ('HS9B03', 'BHYT482199', '2024-09-05', 'Khá', 'Đang học', '9B'),
  ('HS9B04', 'BHYT549112', '2024-09-05', 'Tốt', 'Đang học', '9B'),
  ('HS9B05', 'BHYT105066', '2024-09-05', 'Khá', 'Đang học', '9B'),
  ('HS9B06', 'BHYT358133', '2024-09-05', 'Tốt', 'Đang học', '9B'),
  ('HS9B07', 'BHYT846794', '2024-09-05', 'Trung bình', 'Đang học', '9B'),
  ('HS9B08', 'BHYT771967', '2024-09-05', 'Khá', 'Đang học', '9B'),
  ('HS9B09', 'BHYT390119', '2024-09-05', 'Khá', 'Đang học', '9B'),
  ('HS9B10', 'BHYT240829', '2024-09-05', 'Trung bình', 'Đang học', '9B'),
  ('HS9B11', 'BHYT868577', '2024-09-05', 'Khá', 'Đang học', '9B'),
  ('HS9B12', 'BHYT603268', '2024-09-05', 'Khá', 'Đang học', '9B'),
  ('HS9B13', 'BHYT566991', '2024-09-05', 'Khá', 'Đang học', '9B'),
  ('HS9B14', 'BHYT912402', '2024-09-05', 'Khá', 'Đang học', '9B'),
  ('HS9B15', 'BHYT610626', '2024-09-05', 'Trung bình', 'Đang học', '9B'),
  ('HS9B16', 'BHYT214119', '2024-09-05', 'Tốt', 'Đang học', '9B'),
  ('HS9B17', 'BHYT776909', '2024-09-05', 'Trung bình', 'Đang học', '9B'),
  ('HS9B18', 'BHYT185955', '2024-09-05', 'Khá', 'Đang học', '9B'),
  ('HS9B19', 'BHYT966589', '2024-09-05', 'Tốt', 'Đang học', '9B'),
  ('HS9B20', 'BHYT664781', '2024-09-05', 'Tốt', 'Đang học', '9B'),
  ('HS10A01', 'BHYT376021', '2024-09-05', 'Trung bình', 'Đang học', '10A'),
  ('HS10A02', 'BHYT757057', '2024-09-05', 'Tốt', 'Đang học', '10A'),
  ('HS10A03', 'BHYT862760', '2024-09-05', 'Tốt', 'Đang học', '10A'),
  ('HS10A04', 'BHYT119535', '2024-09-05', 'Trung bình', 'Đang học', '10A'),
  ('HS10A05', 'BHYT762308', '2024-09-05', 'Tốt', 'Đang học', '10A'),
  ('HS10A06', 'BHYT952117', '2024-09-05', 'Trung bình', 'Đang học', '10A'),
  ('HS10A07', 'BHYT707021', '2024-09-05', 'Khá', 'Đang học', '10A'),
  ('HS10A08', 'BHYT906564', '2024-09-05', 'Trung bình', 'Đang học', '10A'),
  ('HS10A09', 'BHYT323095', '2024-09-05', 'Tốt', 'Đang học', '10A'),
  ('HS10A10', 'BHYT678388', '2024-09-05', 'Khá', 'Đang học', '10A'),
  ('HS10A11', 'BHYT669868', '2024-09-05', 'Trung bình', 'Đang học', '10A'),
  ('HS10A12', 'BHYT595036', '2024-09-05', 'Trung bình', 'Đang học', '10A'),
  ('HS10A13', 'BHYT912853', '2024-09-05', 'Tốt', 'Đang học', '10A'),
  ('HS10A14', 'BHYT483588', '2024-09-05', 'Khá', 'Đang học', '10A'),
  ('HS10A15', 'BHYT334153', '2024-09-05', 'Trung bình', 'Đang học', '10A'),
  ('HS10A16', 'BHYT868844', '2024-09-05', 'Khá', 'Đang học', '10A'),
  ('HS10A17', 'BHYT240384', '2024-09-05', 'Khá', 'Đang học', '10A'),
  ('HS10A18', 'BHYT625465', '2024-09-05', 'Trung bình', 'Đang học', '10A'),
  ('HS10A19', 'BHYT194952', '2024-09-05', 'Khá', 'Đang học', '10A'),
  ('HS10A20', 'BHYT481540', '2024-09-05', 'Trung bình', 'Đang học', '10A'),
  ('HS10B01', 'BHYT111106', '2024-09-05', 'Trung bình', 'Đang học', '10B'),
  ('HS10B02', 'BHYT350484', '2024-09-05', 'Trung bình', 'Đang học', '10B'),
  ('HS10B03', 'BHYT817395', '2024-09-05', 'Tốt', 'Đang học', '10B'),
  ('HS10B04', 'BHYT893988', '2024-09-05', 'Trung bình', 'Đang học', '10B'),
  ('HS10B05', 'BHYT247189', '2024-09-05', 'Khá', 'Đang học', '10B'),
  ('HS10B06', 'BHYT266956', '2024-09-05', 'Tốt', 'Đang học', '10B'),
  ('HS10B07', 'BHYT693868', '2024-09-05', 'Trung bình', 'Đang học', '10B'),
  ('HS10B08', 'BHYT791444', '2024-09-05', 'Tốt', 'Đang học', '10B'),
  ('HS10B09', 'BHYT871667', '2024-09-05', 'Trung bình', 'Đang học', '10B'),
  ('HS10B10', 'BHYT606990', '2024-09-05', 'Khá', 'Đang học', '10B'),
  ('HS10B11', 'BHYT142383', '2024-09-05', 'Tốt', 'Đang học', '10B'),
  ('HS10B12', 'BHYT898461', '2024-09-05', 'Khá', 'Đang học', '10B'),
  ('HS10B13', 'BHYT343007', '2024-09-05', 'Tốt', 'Đang học', '10B'),
  ('HS10B14', 'BHYT377198', '2024-09-05', 'Khá', 'Đang học', '10B'),
  ('HS10B15', 'BHYT345386', '2024-09-05', 'Tốt', 'Đang học', '10B'),
  ('HS10B16', 'BHYT801062', '2024-09-05', 'Tốt', 'Đang học', '10B'),
  ('HS10B17', 'BHYT643042', '2024-09-05', 'Khá', 'Đang học', '10B'),
  ('HS10B18', 'BHYT506945', '2024-09-05', 'Khá', 'Đang học', '10B'),
  ('HS10B19', 'BHYT576728', '2024-09-05', 'Tốt', 'Đang học', '10B'),
  ('HS10B20', 'BHYT141843', '2024-09-05', 'Trung bình', 'Đang học', '10B'),
  ('HS11A01', 'BHYT439813', '2024-09-05', 'Tốt', 'Đang học', '11A'),
  ('HS11A02', 'BHYT837920', '2024-09-05', 'Trung bình', 'Đang học', '11A'),
  ('HS11A03', 'BHYT764343', '2024-09-05', 'Khá', 'Đang học', '11A'),
  ('HS11A04', 'BHYT975427', '2024-09-05', 'Trung bình', 'Đang học', '11A'),
  ('HS11A05', 'BHYT376106', '2024-09-05', 'Trung bình', 'Đang học', '11A'),
  ('HS11A06', 'BHYT670792', '2024-09-05', 'Trung bình', 'Đang học', '11A'),
  ('HS11A07', 'BHYT282294', '2024-09-05', 'Khá', 'Đang học', '11A'),
  ('HS11A08', 'BHYT785428', '2024-09-05', 'Khá', 'Đang học', '11A'),
  ('HS11A09', 'BHYT483041', '2024-09-05', 'Trung bình', 'Đang học', '11A'),
  ('HS11A10', 'BHYT785073', '2024-09-05', 'Tốt', 'Đang học', '11A'),
  ('HS11A11', 'BHYT641760', '2024-09-05', 'Khá', 'Đang học', '11A'),
  ('HS11A12', 'BHYT494609', '2024-09-05', 'Tốt', 'Đang học', '11A'),
  ('HS11A13', 'BHYT641455', '2024-09-05', 'Khá', 'Đang học', '11A'),
  ('HS11A14', 'BHYT470040', '2024-09-05', 'Khá', 'Đang học', '11A'),
  ('HS11A15', 'BHYT610511', '2024-09-05', 'Khá', 'Đang học', '11A'),
  ('HS11A16', 'BHYT733561', '2024-09-05', 'Tốt', 'Đang học', '11A'),
  ('HS11A17', 'BHYT626214', '2024-09-05', 'Tốt', 'Đang học', '11A'),
  ('HS11A18', 'BHYT561267', '2024-09-05', 'Tốt', 'Đang học', '11A'),
  ('HS11A19', 'BHYT341162', '2024-09-05', 'Tốt', 'Đang học', '11A'),
  ('HS11A20', 'BHYT639535', '2024-09-05', 'Trung bình', 'Đang học', '11A'),
  ('HS11B01', 'BHYT394450', '2024-09-05', 'Tốt', 'Đang học', '11B'),
  ('HS11B02', 'BHYT257538', '2024-09-05', 'Tốt', 'Đang học', '11B'),
  ('HS11B03', 'BHYT265001', '2024-09-05', 'Khá', 'Đang học', '11B'),
  ('HS11B04', 'BHYT731264', '2024-09-05', 'Trung bình', 'Đang học', '11B'),
  ('HS11B05', 'BHYT956639', '2024-09-05', 'Tốt', 'Đang học', '11B'),
  ('HS11B06', 'BHYT793223', '2024-09-05', 'Tốt', 'Đang học', '11B'),
  ('HS11B07', 'BHYT534753', '2024-09-05', 'Khá', 'Đang học', '11B'),
  ('HS11B08', 'BHYT855242', '2024-09-05', 'Tốt', 'Đang học', '11B'),
  ('HS11B09', 'BHYT604906', '2024-09-05', 'Trung bình', 'Đang học', '11B'),
  ('HS11B10', 'BHYT602073', '2024-09-05', 'Khá', 'Đang học', '11B'),
  ('HS11B11', 'BHYT320939', '2024-09-05', 'Trung bình', 'Đang học', '11B'),
  ('HS11B12', 'BHYT269078', '2024-09-05', 'Trung bình', 'Đang học', '11B'),
  ('HS11B13', 'BHYT973846', '2024-09-05', 'Khá', 'Đang học', '11B'),
  ('HS11B14', 'BHYT123536', '2024-09-05', 'Tốt', 'Đang học', '11B'),
  ('HS11B15', 'BHYT145240', '2024-09-05', 'Tốt', 'Đang học', '11B'),
  ('HS11B16', 'BHYT701344', '2024-09-05', 'Trung bình', 'Đang học', '11B'),
  ('HS11B17', 'BHYT268956', '2024-09-05', 'Tốt', 'Đang học', '11B'),
  ('HS11B18', 'BHYT760120', '2024-09-05', 'Trung bình', 'Đang học', '11B'),
  ('HS11B19', 'BHYT141094', '2024-09-05', 'Trung bình', 'Đang học', '11B'),
  ('HS11B20', 'BHYT253999', '2024-09-05', 'Tốt', 'Đang học', '11B'),
  ('HS12A01', 'BHYT274421', '2024-09-05', 'Khá', 'Đang học', '12A'),
  ('HS12A02', 'BHYT288783', '2024-09-05', 'Trung bình', 'Đang học', '12A'),
  ('HS12A03', 'BHYT525151', '2024-09-05', 'Trung bình', 'Đang học', '12A'),
  ('HS12A04', 'BHYT690982', '2024-09-05', 'Trung bình', 'Đang học', '12A'),
  ('HS12A05', 'BHYT119524', '2024-09-05', 'Trung bình', 'Đang học', '12A'),
  ('HS12A06', 'BHYT863336', '2024-09-05', 'Trung bình', 'Đang học', '12A'),
  ('HS12A07', 'BHYT961198', '2024-09-05', 'Khá', 'Đang học', '12A'),
  ('HS12A08', 'BHYT189913', '2024-09-05', 'Tốt', 'Đang học', '12A'),
  ('HS12A09', 'BHYT571023', '2024-09-05', 'Trung bình', 'Đang học', '12A'),
  ('HS12A10', 'BHYT594312', '2024-09-05', 'Khá', 'Đang học', '12A'),
  ('HS12A11', 'BHYT278852', '2024-09-05', 'Tốt', 'Đang học', '12A'),
  ('HS12A12', 'BHYT970699', '2024-09-05', 'Khá', 'Đang học', '12A'),
  ('HS12A13', 'BHYT730025', '2024-09-05', 'Tốt', 'Đang học', '12A'),
  ('HS12A14', 'BHYT933215', '2024-09-05', 'Trung bình', 'Đang học', '12A'),
  ('HS12A15', 'BHYT960307', '2024-09-05', 'Tốt', 'Đang học', '12A'),
  ('HS12A16', 'BHYT753484', '2024-09-05', 'Trung bình', 'Đang học', '12A'),
  ('HS12A17', 'BHYT635617', '2024-09-05', 'Khá', 'Đang học', '12A'),
  ('HS12A18', 'BHYT275868', '2024-09-05', 'Trung bình', 'Đang học', '12A'),
  ('HS12A19', 'BHYT818894', '2024-09-05', 'Khá', 'Đang học', '12A'),
  ('HS12A20', 'BHYT575497', '2024-09-05', 'Trung bình', 'Đang học', '12A'),
  ('HS12B01', 'BHYT719284', '2024-09-05', 'Tốt', 'Đang học', '12B'),
  ('HS12B02', 'BHYT340977', '2024-09-05', 'Khá', 'Đang học', '12B'),
  ('HS12B03', 'BHYT504186', '2024-09-05', 'Tốt', 'Đang học', '12B'),
  ('HS12B04', 'BHYT213844', '2024-09-05', 'Tốt', 'Đang học', '12B'),
  ('HS12B05', 'BHYT312177', '2024-09-05', 'Trung bình', 'Đang học', '12B'),
  ('HS12B06', 'BHYT628859', '2024-09-05', 'Trung bình', 'Đang học', '12B'),
  ('HS12B07', 'BHYT540186', '2024-09-05', 'Tốt', 'Đang học', '12B'),
  ('HS12B08', 'BHYT734924', '2024-09-05', 'Tốt', 'Đang học', '12B'),
  ('HS12B09', 'BHYT286040', '2024-09-05', 'Khá', 'Đang học', '12B'),
  ('HS12B10', 'BHYT744610', '2024-09-05', 'Trung bình', 'Đang học', '12B'),
  ('HS12B11', 'BHYT140932', '2024-09-05', 'Trung bình', 'Đang học', '12B'),
  ('HS12B12', 'BHYT627778', '2024-09-05', 'Tốt', 'Đang học', '12B'),
  ('HS12B13', 'BHYT197716', '2024-09-05', 'Khá', 'Đang học', '12B'),
  ('HS12B14', 'BHYT791423', '2024-09-05', 'Tốt', 'Đang học', '12B'),
  ('HS12B15', 'BHYT732789', '2024-09-05', 'Trung bình', 'Đang học', '12B'),
  ('HS12B16', 'BHYT967719', '2024-09-05', 'Tốt', 'Đang học', '12B'),
  ('HS12B17', 'BHYT912510', '2024-09-05', 'Trung bình', 'Đang học', '12B'),
  ('HS12B18', 'BHYT780768', '2024-09-05', 'Khá', 'Đang học', '12B'),
  ('HS12B19', 'BHYT647403', '2024-09-05', 'Khá', 'Đang học', '12B'),
  ('HS12B20', 'BHYT488368', '2024-09-05', 'Tốt', 'Đang học', '12B');

INSERT INTO PhuHuynh_HocSinh (ID_phu_huynh, ID_hoc_sinh, Moi_quan_he) VALUES
  ('PH0001', 'HS8B05', 'Chú'),
  ('PH0001', 'HS9B17', 'Bác'),
  ('PH0002', 'HS8B05', 'Mẹ'),
  ('PH0002', 'HS9B17', 'Dì'),
  ('PH0003', 'HS12B07', 'Bác'),
  ('PH0003', 'HS10A17', 'Chú'),
  ('PH0004', 'HS12B07', 'Bác'),
  ('PH0004', 'HS10A17', 'Bác'),
  ('PH0005', 'HS10A08', 'Bác'),
  ('PH0006', 'HS10A08', 'Bác'),
  ('PH0007', 'HS8B14', 'Ba'),
  ('PH0007', 'HS8A11', 'Bác'),
  ('PH0008', 'HS6A04', 'Chú'),
  ('PH0009', 'HS11B16', 'Ba'),
  ('PH0009', 'HS8B01', 'Bác'),
  ('PH0010', 'HS11B16', 'Bác'),
  ('PH0010', 'HS8B01', 'Mẹ'),
  ('PH0011', 'HS7A17', 'Chú'),
  ('PH0011', 'HS9A06', 'Chú'),
  ('PH0011', 'HS9A14', 'Ba'),
  ('PH0012', 'HS7A17', 'Bác'),
  ('PH0012', 'HS9A06', 'Mẹ'),
  ('PH0012', 'HS9A14', 'Mẹ'),
  ('PH0013', 'HS12B08', 'Ba'),
  ('PH0013', 'HS9A07', 'Bác'),
  ('PH0013', 'HS8A13', 'Bác'),
  ('PH0014', 'HS12B08', 'Mẹ'),
  ('PH0014', 'HS9A07', 'Bác'),
  ('PH0014', 'HS8A13', 'Bác'),
  ('PH0015', 'HS12A04', 'Ba'),
  ('PH0015', 'HS11B09', 'Bác'),
  ('PH0016', 'HS12A04', 'Dì'),
  ('PH0016', 'HS11B09', 'Bác'),
  ('PH0017', 'HS9A11', 'Ba'),
  ('PH0018', 'HS9A11', 'Bác'),
  ('PH0019', 'HS7A15', 'Ba'),
  ('PH0020', 'HS7A15', 'Mẹ'),
  ('PH0021', 'HS6B09', 'Bác'),
  ('PH0021', 'HS10B04', 'Ba'),
  ('PH0021', 'HS9A15', 'Ba'),
  ('PH0022', 'HS6B09', 'Mẹ'),
  ('PH0022', 'HS10B04', 'Dì'),
  ('PH0022', 'HS9A15', 'Mẹ'),
  ('PH0023', 'HS12B06', 'Chú'),
  ('PH0024', 'HS12B06', 'Mẹ'),
  ('PH0025', 'HS6A01', 'Bác'),
  ('PH0025', 'HS8A06', 'Chú'),
  ('PH0025', 'HS6B03', 'Chú'),
  ('PH0026', 'HS6A01', 'Mẹ'),
  ('PH0026', 'HS8A06', 'Dì'),
  ('PH0026', 'HS6B03', 'Bác'),
  ('PH0027', 'HS11B04', 'Chú'),
  ('PH0027', 'HS10A18', 'Bác'),
  ('PH0028', 'HS11B04', 'Dì'),
  ('PH0028', 'HS10A18', 'Dì'),
  ('PH0029', 'HS10A14', 'Chú'),
  ('PH0029', 'HS11B08', 'Chú'),
  ('PH0030', 'HS10A14', 'Dì'),
  ('PH0030', 'HS11B08', 'Mẹ'),
  ('PH0031', 'HS6B07', 'Bác'),
  ('PH0031', 'HS10B03', 'Ba'),
  ('PH0031', 'HS7B14', 'Bác'),
  ('PH0032', 'HS12A20', 'Chú'),
  ('PH0032', 'HS8B06', 'Ba'),
  ('PH0033', 'HS12A20', 'Dì'),
  ('PH0033', 'HS8B06', 'Dì'),
  ('PH0034', 'HS12B13', 'Bác'),
  ('PH0034', 'HS9B10', 'Chú'),
  ('PH0035', 'HS12B13', 'Bác'),
  ('PH0035', 'HS9B10', 'Mẹ'),
  ('PH0036', 'HS11A18', 'Chú'),
  ('PH0037', 'HS11A18', 'Bác'),
  ('PH0038', 'HS10B11', 'Bác'),
  ('PH0038', 'HS6B15', 'Bác'),
  ('PH0039', 'HS10B11', 'Bác'),
  ('PH0039', 'HS6B15', 'Bác'),
  ('PH0040', 'HS11B10', 'Bác'),
  ('PH0040', 'HS10B08', 'Ba'),
  ('PH0040', 'HS8B09', 'Ba'),
  ('PH0041', 'HS12A16', 'Ba'),
  ('PH0041', 'HS6A20', 'Bác'),
  ('PH0042', 'HS12A16', 'Dì'),
  ('PH0042', 'HS6A20', 'Mẹ'),
  ('PH0043', 'HS7B16', 'Bác'),
  ('PH0043', 'HS7B10', 'Chú'),
  ('PH0043', 'HS10B16', 'Ba'),
  ('PH0044', 'HS7B16', 'Bác'),
  ('PH0044', 'HS7B10', 'Dì'),
  ('PH0044', 'HS10B16', 'Mẹ'),
  ('PH0045', 'HS7A20', 'Ba'),
  ('PH0045', 'HS12B03', 'Ba'),
  ('PH0046', 'HS7A20', 'Dì'),
  ('PH0046', 'HS12B03', 'Dì'),
  ('PH0047', 'HS10B14', 'Bác'),
  ('PH0047', 'HS12B12', 'Ba'),
  ('PH0048', 'HS10B14', 'Dì'),
  ('PH0048', 'HS12B12', 'Dì'),
  ('PH0049', 'HS11A15', 'Bác'),
  ('PH0049', 'HS6B19', 'Ba'),
  ('PH0049', 'HS8B10', 'Ba'),
  ('PH0050', 'HS11A15', 'Bác'),
  ('PH0050', 'HS6B19', 'Mẹ'),
  ('PH0050', 'HS8B10', 'Mẹ'),
  ('PH0051', 'HS6B10', 'Ba'),
  ('PH0051', 'HS8B02', 'Ba'),
  ('PH0052', 'HS6B10', 'Mẹ'),
  ('PH0052', 'HS8B02', 'Mẹ'),
  ('PH0053', 'HS9A05', 'Chú'),
  ('PH0054', 'HS9A05', 'Dì'),
  ('PH0055', 'HS10B10', 'Ba'),
  ('PH0056', 'HS10B10', 'Dì'),
  ('PH0057', 'HS6B02', 'Ba'),
  ('PH0057', 'HS8B18', 'Chú'),
  ('PH0058', 'HS6B02', 'Mẹ'),
  ('PH0058', 'HS8B18', 'Bác'),
  ('PH0059', 'HS6A09', 'Chú'),
  ('PH0059', 'HS6A05', 'Ba'),
  ('PH0059', 'HS12B09', 'Chú'),
  ('PH0060', 'HS6A09', 'Mẹ'),
  ('PH0060', 'HS6A05', 'Mẹ'),
  ('PH0060', 'HS12B09', 'Mẹ'),
  ('PH0061', 'HS8A16', 'Ba'),
  ('PH0061', 'HS8A05', 'Ba'),
  ('PH0062', 'HS8A16', 'Mẹ'),
  ('PH0062', 'HS8A05', 'Mẹ'),
  ('PH0063', 'HS10B19', 'Chú'),
  ('PH0064', 'HS10B19', 'Bác'),
  ('PH0065', 'HS7B06', 'Ba'),
  ('PH0065', 'HS6B06', 'Chú'),
  ('PH0066', 'HS7B06', 'Dì'),
  ('PH0066', 'HS6B06', 'Dì'),
  ('PH0067', 'HS10A11', 'Bác'),
  ('PH0067', 'HS12B20', 'Bác'),
  ('PH0068', 'HS10A11', 'Mẹ'),
  ('PH0068', 'HS12B20', 'Dì'),
  ('PH0069', 'HS8A12', 'Chú'),
  ('PH0070', 'HS8A12', 'Dì'),
  ('PH0071', 'HS11A03', 'Bác'),
  ('PH0071', 'HS7A08', 'Bác'),
  ('PH0072', 'HS11A03', 'Dì'),
  ('PH0072', 'HS7A08', 'Mẹ'),
  ('PH0073', 'HS10A06', 'Bác'),
  ('PH0073', 'HS11B02', 'Bác'),
  ('PH0074', 'HS10A06', 'Bác'),
  ('PH0074', 'HS11B02', 'Mẹ'),
  ('PH0075', 'HS6A17', 'Bác'),
  ('PH0075', 'HS10A10', 'Chú'),
  ('PH0076', 'HS6A17', 'Dì'),
  ('PH0076', 'HS10A10', 'Bác'),
  ('PH0077', 'HS11A09', 'Bác'),
  ('PH0077', 'HS7B20', 'Ba'),
  ('PH0078', 'HS11A09', 'Mẹ'),
  ('PH0078', 'HS7B20', 'Mẹ'),
  ('PH0079', 'HS6B16', 'Bác'),
  ('PH0079', 'HS11A12', 'Bác'),
  ('PH0079', 'HS11B06', 'Bác'),
  ('PH0080', 'HS6B16', 'Mẹ'),
  ('PH0080', 'HS11A12', 'Dì'),
  ('PH0080', 'HS11B06', 'Mẹ'),
  ('PH0081', 'HS9A03', 'Chú'),
  ('PH0081', 'HS7A10', 'Chú'),
  ('PH0082', 'HS9A03', 'Mẹ'),
  ('PH0082', 'HS7A10', 'Dì'),
  ('PH0083', 'HS6A10', 'Bác'),
  ('PH0083', 'HS8B12', 'Ba'),
  ('PH0084', 'HS6A10', 'Dì'),
  ('PH0084', 'HS8B12', 'Dì'),
  ('PH0085', 'HS11A16', 'Ba'),
  ('PH0086', 'HS11A16', 'Bác'),
  ('PH0087', 'HS8A17', 'Bác'),
  ('PH0087', 'HS9B03', 'Ba'),
  ('PH0087', 'HS12B14', 'Chú'),
  ('PH0088', 'HS8A17', 'Mẹ'),
  ('PH0088', 'HS9B03', 'Bác'),
  ('PH0088', 'HS12B14', 'Bác'),
  ('PH0089', 'HS11B17', 'Chú'),
  ('PH0089', 'HS9B06', 'Bác'),
  ('PH0089', 'HS10A20', 'Chú'),
  ('PH0090', 'HS11B17', 'Bác'),
  ('PH0090', 'HS9B06', 'Mẹ'),
  ('PH0090', 'HS10A20', 'Dì'),
  ('PH0091', 'HS6A06', 'Bác'),
  ('PH0091', 'HS8A20', 'Chú'),
  ('PH0092', 'HS6A06', 'Bác'),
  ('PH0092', 'HS8A20', 'Mẹ'),
  ('PH0093', 'HS7A12', 'Bác'),
  ('PH0093', 'HS8A18', 'Bác'),
  ('PH0094', 'HS7A12', 'Mẹ'),
  ('PH0094', 'HS8A18', 'Dì'),
  ('PH0095', 'HS12A03', 'Chú'),
  ('PH0095', 'HS8A14', 'Bác'),
  ('PH0096', 'HS12A03', 'Bác'),
  ('PH0096', 'HS8A14', 'Mẹ'),
  ('PH0097', 'HS10A02', 'Chú'),
  ('PH0098', 'HS10A02', 'Bác'),
  ('PH0099', 'HS6A18', 'Chú'),
  ('PH0099', 'HS7A16', 'Bác'),
  ('PH0100', 'HS6A18', 'Dì'),
  ('PH0100', 'HS7A16', 'Mẹ'),
  ('PH0101', 'HS12B11', 'Chú'),
  ('PH0102', 'HS12B11', 'Dì'),
  ('PH0103', 'HS6A02', 'Bác'),
  ('PH0103', 'HS10B07', 'Chú'),
  ('PH0104', 'HS6A02', 'Dì'),
  ('PH0104', 'HS10B07', 'Dì'),
  ('PH0105', 'HS12B17', 'Ba'),
  ('PH0106', 'HS12B17', 'Mẹ'),
  ('PH0107', 'HS7B01', 'Ba'),
  ('PH0107', 'HS10B18', 'Bác'),
  ('PH0108', 'HS7B01', 'Dì'),
  ('PH0108', 'HS10B18', 'Bác'),
  ('PH0109', 'HS9A16', 'Chú'),
  ('PH0109', 'HS9A19', 'Ba'),
  ('PH0110', 'HS10A13', 'Ba'),
  ('PH0110', 'HS9A18', 'Bác'),
  ('PH0111', 'HS10A13', 'Bác'),
  ('PH0111', 'HS9A18', 'Dì'),
  ('PH0112', 'HS9B13', 'Chú'),
  ('PH0112', 'HS10A12', 'Bác'),
  ('PH0113', 'HS9B13', 'Bác'),
  ('PH0113', 'HS10A12', 'Mẹ'),
  ('PH0114', 'HS6A07', 'Ba'),
  ('PH0115', 'HS6A07', 'Dì'),
  ('PH0116', 'HS7A06', 'Bác'),
  ('PH0117', 'HS9B01', 'Ba'),
  ('PH0117', 'HS11A06', 'Bác'),
  ('PH0117', 'HS6B11', 'Chú'),
  ('PH0118', 'HS9B01', 'Bác'),
  ('PH0118', 'HS11A06', 'Mẹ'),
  ('PH0118', 'HS6B11', 'Bác'),
  ('PH0119', 'HS7A19', 'Bác'),
  ('PH0119', 'HS11A20', 'Chú'),
  ('PH0120', 'HS7A19', 'Bác'),
  ('PH0120', 'HS11A20', 'Dì'),
  ('PH0121', 'HS11A19', 'Bác'),
  ('PH0121', 'HS9A01', 'Ba'),
  ('PH0121', 'HS10B13', 'Bác'),
  ('PH0122', 'HS11A19', 'Bác'),
  ('PH0122', 'HS9A01', 'Bác'),
  ('PH0122', 'HS10B13', 'Dì'),
  ('PH0123', 'HS6A03', 'Chú'),
  ('PH0123', 'HS9A10', 'Bác'),
  ('PH0124', 'HS6A03', 'Dì'),
  ('PH0124', 'HS9A10', 'Dì'),
  ('PH0125', 'HS7B19', 'Ba'),
  ('PH0126', 'HS7B19', 'Bác'),
  ('PH0127', 'HS9B14', 'Bác'),
  ('PH0128', 'HS9B14', 'Dì'),
  ('PH0129', 'HS11A05', 'Chú'),
  ('PH0129', 'HS11B07', 'Bác'),
  ('PH0129', 'HS12B18', 'Ba'),
  ('PH0130', 'HS11A05', 'Bác'),
  ('PH0130', 'HS11B07', 'Dì'),
  ('PH0130', 'HS12B18', 'Mẹ'),
  ('PH0131', 'HS7A09', 'Chú'),
  ('PH0131', 'HS11A01', 'Bác'),
  ('PH0131', 'HS8A04', 'Ba'),
  ('PH0132', 'HS7A09', 'Dì'),
  ('PH0132', 'HS11A01', 'Bác'),
  ('PH0132', 'HS8A04', 'Bác'),
  ('PH0133', 'HS11A02', 'Ba'),
  ('PH0134', 'HS11A02', 'Dì'),
  ('PH0135', 'HS12A02', 'Ba'),
  ('PH0136', 'HS12A02', 'Bác'),
  ('PH0137', 'HS8B08', 'Bác'),
  ('PH0138', 'HS8B08', 'Mẹ'),
  ('PH0139', 'HS8A19', 'Bác'),
  ('PH0139', 'HS10A19', 'Chú'),
  ('PH0139', 'HS6A13', 'Chú'),
  ('PH0140', 'HS8A19', 'Bác'),
  ('PH0140', 'HS10A19', 'Mẹ'),
  ('PH0140', 'HS6A13', 'Mẹ'),
  ('PH0141', 'HS6B05', 'Bác'),
  ('PH0142', 'HS6B05', 'Bác'),
  ('PH0143', 'HS10B01', 'Chú'),
  ('PH0144', 'HS10B01', 'Bác'),
  ('PH0145', 'HS7B04', 'Chú'),
  ('PH0146', 'HS7B04', 'Dì'),
  ('PH0147', 'HS12A15', 'Bác'),
  ('PH0148', 'HS12A15', 'Mẹ'),
  ('PH0149', 'HS7B09', 'Ba'),
  ('PH0149', 'HS11B18', 'Ba'),
  ('PH0150', 'HS7B09', 'Mẹ'),
  ('PH0150', 'HS11B18', 'Dì'),
  ('PH0151', 'HS12A14', 'Ba'),
  ('PH0151', 'HS7B02', 'Bác'),
  ('PH0152', 'HS12A14', 'Dì'),
  ('PH0152', 'HS7B02', 'Mẹ'),
  ('PH0153', 'HS12A07', 'Ba'),
  ('PH0153', 'HS6B08', 'Bác'),
  ('PH0154', 'HS12A07', 'Dì'),
  ('PH0154', 'HS6B08', 'Dì'),
  ('PH0155', 'HS9B04', 'Ba'),
  ('PH0156', 'HS9B04', 'Dì'),
  ('PH0157', 'HS9A12', 'Ba'),
  ('PH0158', 'HS9A12', 'Mẹ'),
  ('PH0159', 'HS8A15', 'Bác'),
  ('PH0160', 'HS12A01', 'Bác'),
  ('PH0160', 'HS12B15', 'Ba'),
  ('PH0160', 'HS12A09', 'Bác'),
  ('PH0161', 'HS12A01', 'Mẹ'),
  ('PH0161', 'HS12B15', 'Dì'),
  ('PH0161', 'HS12A09', 'Dì'),
  ('PH0162', 'HS8A02', 'Chú'),
  ('PH0163', 'HS8A02', 'Mẹ'),
  ('PH0164', 'HS8A01', 'Ba'),
  ('PH0164', 'HS6B17', 'Bác'),
  ('PH0165', 'HS8A01', 'Mẹ'),
  ('PH0165', 'HS6B17', 'Mẹ'),
  ('PH0166', 'HS9B16', 'Ba'),
  ('PH0166', 'HS8A08', 'Chú'),
  ('PH0167', 'HS9B16', 'Bác'),
  ('PH0167', 'HS8A08', 'Dì'),
  ('PH0168', 'HS7A13', 'Bác'),
  ('PH0168', 'HS8B19', 'Bác'),
  ('PH0169', 'HS7A13', 'Mẹ'),
  ('PH0169', 'HS8B19', 'Mẹ'),
  ('PH0170', 'HS10A16', 'Bác'),
  ('PH0171', 'HS10A16', 'Mẹ'),
  ('PH0172', 'HS12B19', 'Ba'),
  ('PH0172', 'HS8B13', 'Chú'),
  ('PH0173', 'HS12B19', 'Dì'),
  ('PH0173', 'HS8B13', 'Mẹ'),
  ('PH0174', 'HS7A01', 'Ba'),
  ('PH0174', 'HS6A16', 'Ba'),
  ('PH0175', 'HS7A01', 'Bác'),
  ('PH0175', 'HS6A16', 'Dì'),
  ('PH0176', 'HS6A19', 'Ba'),
  ('PH0176', 'HS8B17', 'Chú'),
  ('PH0177', 'HS6A19', 'Dì'),
  ('PH0177', 'HS8B17', 'Bác'),
  ('PH0178', 'HS7B17', 'Bác'),
  ('PH0179', 'HS7B17', 'Mẹ'),
  ('PH0180', 'HS8B04', 'Bác'),
  ('PH0181', 'HS12B16', 'Chú'),
  ('PH0181', 'HS9A04', 'Bác'),
  ('PH0181', 'HS11B15', 'Bác'),
  ('PH0182', 'HS12B16', 'Mẹ'),
  ('PH0182', 'HS9A04', 'Mẹ'),
  ('PH0182', 'HS11B15', 'Bác'),
  ('PH0183', 'HS10B12', 'Bác'),
  ('PH0184', 'HS10B12', 'Bác'),
  ('PH0185', 'HS7B15', 'Ba'),
  ('PH0185', 'HS9A20', 'Ba'),
  ('PH0185', 'HS11A14', 'Bác'),
  ('PH0186', 'HS7B15', 'Mẹ'),
  ('PH0186', 'HS9A20', 'Dì'),
  ('PH0186', 'HS11A14', 'Bác'),
  ('PH0187', 'HS9A08', 'Bác'),
  ('PH0188', 'HS9A08', 'Dì'),
  ('PH0189', 'HS10B15', 'Chú'),
  ('PH0190', 'HS10B15', 'Bác'),
  ('PH0191', 'HS12A05', 'Ba'),
  ('PH0191', 'HS12B04', 'Bác'),
  ('PH0192', 'HS12A05', 'Bác'),
  ('PH0192', 'HS12B04', 'Mẹ'),
  ('PH0193', 'HS8B07', 'Ba'),
  ('PH0194', 'HS8B07', 'Mẹ'),
  ('PH0195', 'HS9B07', 'Chú'),
  ('PH0196', 'HS9B07', 'Dì'),
  ('PH0197', 'HS7A14', 'Chú'),
  ('PH0197', 'HS10A07', 'Ba'),
  ('PH0198', 'HS7A14', 'Dì'),
  ('PH0198', 'HS10A07', 'Dì'),
  ('PH0199', 'HS7B08', 'Bác'),
  ('PH0199', 'HS9B08', 'Bác'),
  ('PH0200', 'HS7B08', 'Mẹ'),
  ('PH0200', 'HS9B08', 'Dì'),
  ('PH0201', 'HS11A08', 'Chú'),
  ('PH0202', 'HS11A08', 'Bác'),
  ('PH0203', 'HS6A12', 'Ba'),
  ('PH0203', 'HS11B01', 'Ba'),
  ('PH0204', 'HS6A12', 'Bác'),
  ('PH0204', 'HS11B01', 'Dì'),
  ('PH0205', 'HS6A08', 'Bác'),
  ('PH0206', 'HS6A08', 'Mẹ'),
  ('PH0207', 'HS6A11', 'Ba'),
  ('PH0208', 'HS6A11', 'Mẹ'),
  ('PH0209', 'HS9B05', 'Ba'),
  ('PH0209', 'HS8A07', 'Bác'),
  ('PH0210', 'HS9B05', 'Mẹ'),
  ('PH0210', 'HS8A07', 'Dì'),
  ('PH0211', 'HS9B15', 'Bác'),
  ('PH0211', 'HS12B10', 'Ba'),
  ('PH0211', 'HS9B20', 'Ba'),
  ('PH0212', 'HS9B15', 'Bác'),
  ('PH0212', 'HS12B10', 'Mẹ'),
  ('PH0212', 'HS9B20', 'Bác'),
  ('PH0213', 'HS10A09', 'Bác'),
  ('PH0213', 'HS11A07', 'Bác'),
  ('PH0213', 'HS11B12', 'Chú'),
  ('PH0214', 'HS10A09', 'Bác'),
  ('PH0214', 'HS11A07', 'Bác'),
  ('PH0214', 'HS11B12', 'Bác'),
  ('PH0215', 'HS9B09', 'Ba'),
  ('PH0216', 'HS9B12', 'Ba'),
  ('PH0216', 'HS7A04', 'Ba'),
  ('PH0217', 'HS9B12', 'Dì'),
  ('PH0217', 'HS7A04', 'Bác'),
  ('PH0218', 'HS10A05', 'Bác'),
  ('PH0218', 'HS11B19', 'Chú'),
  ('PH0219', 'HS6B04', 'Ba'),
  ('PH0219', 'HS9A17', 'Chú'),
  ('PH0220', 'HS6B04', 'Dì'),
  ('PH0220', 'HS9A17', 'Bác'),
  ('PH0221', 'HS9B18', 'Bác'),
  ('PH0221', 'HS11B11', 'Bác'),
  ('PH0221', 'HS10A01', 'Chú'),
  ('PH0222', 'HS9B18', 'Mẹ'),
  ('PH0222', 'HS11B11', 'Dì'),
  ('PH0222', 'HS10A01', 'Dì'),
  ('PH0223', 'HS12A10', 'Chú'),
  ('PH0223', 'HS7B11', 'Ba'),
  ('PH0223', 'HS12B02', 'Chú'),
  ('PH0224', 'HS12A10', 'Mẹ'),
  ('PH0224', 'HS7B11', 'Mẹ'),
  ('PH0224', 'HS12B02', 'Dì'),
  ('PH0225', 'HS12A17', 'Bác'),
  ('PH0225', 'HS7A11', 'Chú'),
  ('PH0226', 'HS12A17', 'Bác'),
  ('PH0226', 'HS7A11', 'Dì'),
  ('PH0227', 'HS12A18', 'Chú'),
  ('PH0228', 'HS12A18', 'Mẹ'),
  ('PH0229', 'HS6B01', 'Ba'),
  ('PH0229', 'HS11A17', 'Chú'),
  ('PH0229', 'HS7B13', 'Ba'),
  ('PH0230', 'HS11B13', 'Bác'),
  ('PH0230', 'HS12A11', 'Chú'),
  ('PH0231', 'HS11B13', 'Bác'),
  ('PH0231', 'HS12A11', 'Dì'),
  ('PH0232', 'HS7A18', 'Chú'),
  ('PH0232', 'HS10B02', 'Ba'),
  ('PH0233', 'HS7A18', 'Dì'),
  ('PH0233', 'HS10B02', 'Mẹ'),
  ('PH0234', 'HS8A03', 'Bác'),
  ('PH0235', 'HS8A03', 'Bác'),
  ('PH0236', 'HS7A02', 'Bác'),
  ('PH0237', 'HS7A02', 'Dì'),
  ('PH0238', 'HS7A03', 'Chú'),
  ('PH0238', 'HS7B18', 'Chú'),
  ('PH0239', 'HS7A03', 'Bác'),
  ('PH0239', 'HS7B18', 'Bác'),
  ('PH0240', 'HS6B20', 'Chú'),
  ('PH0241', 'HS6B20', 'Mẹ'),
  ('PH0242', 'HS12A12', 'Bác'),
  ('PH0242', 'HS6B12', 'Chú'),
  ('PH0243', 'HS12A12', 'Dì'),
  ('PH0243', 'HS6B12', 'Dì'),
  ('PH0244', 'HS12A08', 'Chú'),
  ('PH0244', 'HS6A15', 'Bác'),
  ('PH0245', 'HS12A08', 'Bác'),
  ('PH0245', 'HS6A15', 'Dì'),
  ('PH0246', 'HS11B03', 'Ba'),
  ('PH0247', 'HS11B03', 'Bác'),
  ('PH0248', 'HS11B14', 'Chú'),
  ('PH0249', 'HS11B14', 'Mẹ'),
  ('PH0250', 'HS9A09', 'Chú'),
  ('PH0250', 'HS8B11', 'Ba'),
  ('PH0251', 'HS9A09', 'Mẹ'),
  ('PH0251', 'HS8B11', 'Mẹ'),
  ('PH0252', 'HS12B05', 'Ba'),
  ('PH0252', 'HS10B17', 'Chú'),
  ('PH0253', 'HS7A07', 'Chú'),
  ('PH0253', 'HS9B11', 'Bác'),
  ('PH0253', 'HS10A04', 'Ba'),
  ('PH0254', 'HS7A07', 'Dì'),
  ('PH0254', 'HS9B11', 'Mẹ'),
  ('PH0254', 'HS10A04', 'Mẹ'),
  ('PH0255', 'HS9B02', 'Chú'),
  ('PH0256', 'HS10B20', 'Bác'),
  ('PH0257', 'HS10B20', 'Bác'),
  ('PH0258', 'HS11A13', 'Bác'),
  ('PH0258', 'HS11B05', 'Chú'),
  ('PH0258', 'HS6B13', 'Chú'),
  ('PH0259', 'HS11A13', 'Mẹ'),
  ('PH0259', 'HS11B05', 'Dì'),
  ('PH0259', 'HS6B13', 'Dì'),
  ('PH0260', 'HS8A09', 'Chú'),
  ('PH0260', 'HS9A13', 'Bác'),
  ('PH0261', 'HS10A15', 'Chú'),
  ('PH0261', 'HS8B20', 'Ba'),
  ('PH0262', 'HS10A15', 'Mẹ'),
  ('PH0262', 'HS8B20', 'Dì'),
  ('PH0263', 'HS8B16', 'Bác'),
  ('PH0263', 'HS12A19', 'Chú'),
  ('PH0263', 'HS10A03', 'Bác'),
  ('PH0264', 'HS8B16', 'Mẹ'),
  ('PH0264', 'HS12A19', 'Bác'),
  ('PH0264', 'HS10A03', 'Mẹ'),
  ('PH0265', 'HS7B05', 'Chú'),
  ('PH0265', 'HS6B18', 'Bác'),
  ('PH0266', 'HS7B05', 'Bác'),
  ('PH0266', 'HS6B18', 'Mẹ'),
  ('PH0267', 'HS11A10', 'Chú'),
  ('PH0268', 'HS11A10', 'Mẹ'),
  ('PH0269', 'HS11A11', 'Chú'),
  ('PH0269', 'HS12A06', 'Bác'),
  ('PH0270', 'HS11A04', 'Ba'),
  ('PH0271', 'HS11A04', 'Mẹ'),
  ('PH0272', 'HS9B19', 'Ba'),
  ('PH0273', 'HS6B14', 'Bác'),
  ('PH0274', 'HS6B14', 'Mẹ'),
  ('PH0275', 'HS7A05', 'Chú'),
  ('PH0275', 'HS7B07', 'Bác'),
  ('PH0276', 'HS7A05', 'Dì'),
  ('PH0276', 'HS7B07', 'Dì'),
  ('PH0277', 'HS11B20', 'Chú'),
  ('PH0277', 'HS10B09', 'Ba'),
  ('PH0278', 'HS11B20', 'Bác'),
  ('PH0278', 'HS10B09', 'Mẹ'),
  ('PH0279', 'HS10B05', 'Ba'),
  ('PH0280', 'HS10B05', 'Mẹ'),
  ('PH0281', 'HS6A14', 'Bác'),
  ('PH0282', 'HS12A13', 'Chú'),
  ('PH0282', 'HS9A02', 'Chú'),
  ('PH0283', 'HS12A13', 'Bác'),
  ('PH0283', 'HS9A02', 'Dì'),
  ('PH0284', 'HS7B12', 'Chú'),
  ('PH0284', 'HS8B03', 'Bác'),
  ('PH0285', 'HS7B12', 'Mẹ'),
  ('PH0285', 'HS8B03', 'Bác'),
  ('PH0286', 'HS7B03', 'Ba'),
  ('PH0287', 'HS7B03', 'Bác'),
  ('PH0288', 'HS8B15', 'Ba'),
  ('PH0288', 'HS12B01', 'Ba'),
  ('PH0289', 'HS8B15', 'Dì'),
  ('PH0289', 'HS12B01', 'Mẹ'),
  ('PH0290', 'HS10B06', 'Chú'),
  ('PH0290', 'HS8A10', 'Chú'),
  ('PH0291', 'HS10B06', 'Bác'),
  ('PH0291', 'HS8A10', 'Bác');

INSERT INTO Lich_Hoc (Ma_lich_hoc, Tiet_hoc, Thu, Ngay_bat_dau, Ngay_ket_thuc, ID_giao_vien, Ma_hoc_ky, Ma_lop_hoc, Ma_phong) VALUES
  ('LH0001', 1, 'Thứ 2', '2024-09-01', '2024-12-20', 'GV020', 'HK1', '6A', 'P101'),
  ('LH0002', 2, 'Thứ 3', '2024-09-01', '2024-12-20', 'GV012', 'HK1', '6A', 'LAB01'),
  ('LH0003', 3, 'Thứ 4', '2024-09-01', '2024-12-20', 'GV015', 'HK1', '6A', 'P102'),
  ('LH0004', 4, 'Thứ 5', '2024-09-01', '2024-12-20', 'GV009', 'HK1', '6A', 'P201'),
  ('LH0005', 5, 'Thứ 6', '2024-09-01', '2024-12-20', 'GV008', 'HK1', '6A', 'LAB01'),
  ('LH0006', 1, 'Thứ 2', '2024-09-01', '2024-12-20', 'GV009', 'HK1', '6B', 'P101'),
  ('LH0007', 2, 'Thứ 3', '2024-09-01', '2024-12-20', 'GV002', 'HK1', '6B', 'P101'),
  ('LH0008', 3, 'Thứ 4', '2024-09-01', '2024-12-20', 'GV007', 'HK1', '6B', 'P101'),
  ('LH0009', 4, 'Thứ 5', '2024-09-01', '2024-12-20', 'GV012', 'HK1', '6B', 'LAB01'),
  ('LH0010', 5, 'Thứ 6', '2024-09-01', '2024-12-20', 'GV015', 'HK1', '6B', 'P102'),
  ('LH0011', 1, 'Thứ 2', '2024-09-01', '2024-12-20', 'GV020', 'HK1', '7A', 'P201'),
  ('LH0012', 2, 'Thứ 3', '2024-09-01', '2024-12-20', 'GV020', 'HK1', '7A', 'P201'),
  ('LH0013', 3, 'Thứ 4', '2024-09-01', '2024-12-20', 'GV015', 'HK1', '7A', 'LAB01'),
  ('LH0014', 4, 'Thứ 5', '2024-09-01', '2024-12-20', 'GV018', 'HK1', '7A', 'P201'),
  ('LH0015', 5, 'Thứ 6', '2024-09-01', '2024-12-20', 'GV002', 'HK1', '7A', 'P201'),
  ('LH0016', 1, 'Thứ 2', '2024-09-01', '2024-12-20', 'GV018', 'HK1', '7B', 'LAB01'),
  ('LH0017', 2, 'Thứ 3', '2024-09-01', '2024-12-20', 'GV015', 'HK1', '7B', 'P201'),
  ('LH0018', 3, 'Thứ 4', '2024-09-01', '2024-12-20', 'GV009', 'HK1', '7B', 'P201'),
  ('LH0019', 4, 'Thứ 5', '2024-09-01', '2024-12-20', 'GV020', 'HK1', '7B', 'P201'),
  ('LH0020', 5, 'Thứ 6', '2024-09-01', '2024-12-20', 'GV008', 'HK1', '7B', 'LAB01'),
  ('LH0021', 1, 'Thứ 2', '2024-09-01', '2024-12-20', 'GV020', 'HK1', '8A', 'P101'),
  ('LH0022', 2, 'Thứ 3', '2024-09-01', '2024-12-20', 'GV001', 'HK1', '8A', 'P102'),
  ('LH0023', 3, 'Thứ 4', '2024-09-01', '2024-12-20', 'GV002', 'HK1', '8A', 'LAB01'),
  ('LH0024', 4, 'Thứ 5', '2024-09-01', '2024-12-20', 'GV009', 'HK1', '8A', 'P201'),
  ('LH0025', 5, 'Thứ 6', '2024-09-01', '2024-12-20', 'GV008', 'HK1', '8A', 'P101'),
  ('LH0026', 1, 'Thứ 2', '2024-09-01', '2024-12-20', 'GV001', 'HK1', '8B', 'P101'),
  ('LH0027', 2, 'Thứ 3', '2024-09-01', '2024-12-20', 'GV015', 'HK1', '8B', 'P101'),
  ('LH0028', 3, 'Thứ 4', '2024-09-01', '2024-12-20', 'GV018', 'HK1', '8B', 'P201'),
  ('LH0029', 4, 'Thứ 5', '2024-09-01', '2024-12-20', 'GV002', 'HK1', '8B', 'P102'),
  ('LH0030', 5, 'Thứ 6', '2024-09-01', '2024-12-20', 'GV020', 'HK1', '8B', 'P201'),
  ('LH0031', 1, 'Thứ 2', '2024-09-01', '2024-12-20', 'GV002', 'HK1', '9A', 'P201'),
  ('LH0032', 2, 'Thứ 3', '2024-09-01', '2024-12-20', 'GV019', 'HK1', '9A', 'P101'),
  ('LH0033', 3, 'Thứ 4', '2024-09-01', '2024-12-20', 'GV018', 'HK1', '9A', 'P102'),
  ('LH0034', 4, 'Thứ 5', '2024-09-01', '2024-12-20', 'GV015', 'HK1', '9A', 'LAB01'),
  ('LH0035', 5, 'Thứ 6', '2024-09-01', '2024-12-20', 'GV012', 'HK1', '9A', 'LAB01'),
  ('LH0036', 1, 'Thứ 2', '2024-09-01', '2024-12-20', 'GV018', 'HK1', '9B', 'P102'),
  ('LH0037', 2, 'Thứ 3', '2024-09-01', '2024-12-20', 'GV009', 'HK1', '9B', 'P102'),
  ('LH0038', 3, 'Thứ 4', '2024-09-01', '2024-12-20', 'GV012', 'HK1', '9B', 'P101'),
  ('LH0039', 4, 'Thứ 5', '2024-09-01', '2024-12-20', 'GV007', 'HK1', '9B', 'P201'),
  ('LH0040', 5, 'Thứ 6', '2024-09-01', '2024-12-20', 'GV018', 'HK1', '9B', 'P102'),
  ('LH0041', 1, 'Thứ 2', '2024-09-01', '2024-12-20', 'GV018', 'HK1', '10A', 'LAB01'),
  ('LH0042', 2, 'Thứ 3', '2024-09-01', '2024-12-20', 'GV018', 'HK1', '10A', 'LAB01'),
  ('LH0043', 3, 'Thứ 4', '2024-09-01', '2024-12-20', 'GV001', 'HK1', '10A', 'P102'),
  ('LH0044', 4, 'Thứ 5', '2024-09-01', '2024-12-20', 'GV002', 'HK1', '10A', 'P101'),
  ('LH0045', 5, 'Thứ 6', '2024-09-01', '2024-12-20', 'GV007', 'HK1', '10A', 'P101'),
  ('LH0046', 1, 'Thứ 2', '2024-09-01', '2024-12-20', 'GV002', 'HK1', '10B', 'P102'),
  ('LH0047', 2, 'Thứ 3', '2024-09-01', '2024-12-20', 'GV012', 'HK1', '10B', 'LAB01'),
  ('LH0048', 3, 'Thứ 4', '2024-09-01', '2024-12-20', 'GV007', 'HK1', '10B', 'LAB01'),
  ('LH0049', 4, 'Thứ 5', '2024-09-01', '2024-12-20', 'GV018', 'HK1', '10B', 'P101'),
  ('LH0050', 5, 'Thứ 6', '2024-09-01', '2024-12-20', 'GV020', 'HK1', '10B', 'P201'),
  ('LH0051', 1, 'Thứ 2', '2024-09-01', '2024-12-20', 'GV001', 'HK1', '11A', 'P101'),
  ('LH0052', 2, 'Thứ 3', '2024-09-01', '2024-12-20', 'GV015', 'HK1', '11A', 'P201'),
  ('LH0053', 3, 'Thứ 4', '2024-09-01', '2024-12-20', 'GV012', 'HK1', '11A', 'P201'),
  ('LH0054', 4, 'Thứ 5', '2024-09-01', '2024-12-20', 'GV002', 'HK1', '11A', 'LAB01'),
  ('LH0055', 5, 'Thứ 6', '2024-09-01', '2024-12-20', 'GV019', 'HK1', '11A', 'LAB01'),
  ('LH0056', 1, 'Thứ 2', '2024-09-01', '2024-12-20', 'GV019', 'HK1', '11B', 'P101'),
  ('LH0057', 2, 'Thứ 3', '2024-09-01', '2024-12-20', 'GV008', 'HK1', '11B', 'LAB01'),
  ('LH0058', 3, 'Thứ 4', '2024-09-01', '2024-12-20', 'GV009', 'HK1', '11B', 'P101'),
  ('LH0059', 4, 'Thứ 5', '2024-09-01', '2024-12-20', 'GV020', 'HK1', '11B', 'P201'),
  ('LH0060', 5, 'Thứ 6', '2024-09-01', '2024-12-20', 'GV018', 'HK1', '11B', 'P101'),
  ('LH0061', 1, 'Thứ 2', '2024-09-01', '2024-12-20', 'GV015', 'HK1', '12A', 'P101'),
  ('LH0062', 2, 'Thứ 3', '2024-09-01', '2024-12-20', 'GV018', 'HK1', '12A', 'P201'),
  ('LH0063', 3, 'Thứ 4', '2024-09-01', '2024-12-20', 'GV009', 'HK1', '12A', 'P102'),
  ('LH0064', 4, 'Thứ 5', '2024-09-01', '2024-12-20', 'GV019', 'HK1', '12A', 'P201'),
  ('LH0065', 5, 'Thứ 6', '2024-09-01', '2024-12-20', 'GV020', 'HK1', '12A', 'P101'),
  ('LH0066', 1, 'Thứ 2', '2024-09-01', '2024-12-20', 'GV015', 'HK1', '12B', 'P102'),
  ('LH0067', 2, 'Thứ 3', '2024-09-01', '2024-12-20', 'GV018', 'HK1', '12B', 'P201'),
  ('LH0068', 3, 'Thứ 4', '2024-09-01', '2024-12-20', 'GV020', 'HK1', '12B', 'P102'),
  ('LH0069', 4, 'Thứ 5', '2024-09-01', '2024-12-20', 'GV002', 'HK1', '12B', 'P102'),
  ('LH0070', 5, 'Thứ 6', '2024-09-01', '2024-12-20', 'GV001', 'HK1', '12B', 'LAB01');

INSERT INTO DiemSo_Loai (Loai_diem, He_so) VALUES
  ('Miệng', 1),
  ('15 phút', 1),
  ('1 tiết', 2),
  ('Cuối kỳ', 3);

INSERT INTO Diem_So (Ma_diem, Diem, Ngay_ghi_diem, ID_hoc_sinh, Ma_mon_hoc, Loai_diem) VALUES
  ('D000001', 5.2, '2024-09-27', 'HS6A01', 'TEC', '15 phút'),
  ('D000002', 9.0, '2024-10-05', 'HS6A01', 'TEC', 'Miệng'),
  ('D000003', 4.7, '2024-09-22', 'HS6A01', 'TEC', 'Cuối kỳ'),
  ('D000004', 7.7, '2024-11-02', 'HS6A01', 'TEC', 'Cuối kỳ'),
  ('D000005', 6.2, '2024-10-16', 'HS6A01', 'TEC', '1 tiết'),
  ('D000006', 5.1, '2024-11-09', 'HS6A01', 'PHY', 'Cuối kỳ'),
  ('D000007', 5.3, '2024-11-05', 'HS6A01', 'PHY', 'Miệng'),
  ('D000008', 7.2, '2024-10-16', 'HS6A01', 'PHY', 'Miệng'),
  ('D000009', 7.0, '2024-10-28', 'HS6A01', 'PHY', '15 phút'),
  ('D000010', 6.7, '2024-09-23', 'HS6A01', 'PHY', 'Cuối kỳ'),
  ('D000011', 5.9, '2024-09-01', 'HS6A01', 'PHY', '15 phút'),
  ('D000012', 7.5, '2024-10-12', 'HS6A01', 'CIV', '1 tiết'),
  ('D000013', 5.1, '2024-10-08', 'HS6A01', 'CIV', '1 tiết'),
  ('D000014', 6.8, '2024-11-11', 'HS6A01', 'CIV', '1 tiết'),
  ('D000015', 5.1, '2024-10-07', 'HS6A01', 'CIV', 'Cuối kỳ'),
  ('D000016', 8.2, '2024-10-12', 'HS6A01', 'CIV', 'Cuối kỳ'),
  ('D000017', 5.7, '2024-09-19', 'HS6A01', 'CIV', '15 phút'),
  ('D000018', 8.9, '2024-11-09', 'HS6A01', 'PE', '15 phút'),
  ('D000019', 7.3, '2024-10-07', 'HS6A01', 'PE', '15 phút'),
  ('D000020', 8.8, '2024-11-05', 'HS6A01', 'PE', 'Cuối kỳ'),
  ('D000021', 8.8, '2024-09-14', 'HS6A01', 'PE', 'Cuối kỳ'),
  ('D000022', 8.7, '2024-10-09', 'HS6A02', 'ENG', 'Miệng'),
  ('D000023', 6.4, '2024-11-06', 'HS6A02', 'ENG', 'Miệng'),
  ('D000024', 5.3, '2024-10-16', 'HS6A02', 'ENG', 'Miệng'),
  ('D000025', 6.7, '2024-10-09', 'HS6A02', 'ENG', '1 tiết'),
  ('D000026', 6.2, '2024-11-26', 'HS6A02', 'ENG', '1 tiết'),
  ('D000027', 4.1, '2024-09-12', 'HS6A02', 'CIV', '15 phút'),
  ('D000028', 7.5, '2024-11-21', 'HS6A02', 'CIV', '15 phút'),
  ('D000029', 9.9, '2024-10-12', 'HS6A02', 'CIV', '1 tiết'),
  ('D000030', 8.0, '2024-10-25', 'HS6A02', 'CIV', 'Cuối kỳ'),
  ('D000031', 9.3, '2024-10-20', 'HS6A02', 'CIV', '1 tiết'),
  ('D000032', 7.8, '2024-09-28', 'HS6A02', 'IT', '15 phút'),
  ('D000033', 7.8, '2024-10-14', 'HS6A02', 'IT', 'Cuối kỳ'),
  ('D000034', 9.1, '2024-09-03', 'HS6A02', 'IT', '15 phút'),
  ('D000035', 6.1, '2024-10-11', 'HS6A02', 'IT', '1 tiết'),
  ('D000036', 8.3, '2024-11-21', 'HS6A02', 'IT', 'Cuối kỳ'),
  ('D000037', 5.6, '2024-10-25', 'HS6A02', 'IT', '1 tiết'),
  ('D000038', 6.5, '2024-09-28', 'HS6A02', 'PE', 'Miệng'),
  ('D000039', 4.8, '2024-09-22', 'HS6A02', 'PE', '1 tiết'),
  ('D000040', 9.6, '2024-11-24', 'HS6A02', 'PE', 'Miệng'),
  ('D000041', 5.3, '2024-10-04', 'HS6A02', 'PE', 'Miệng'),
  ('D000042', 4.4, '2024-10-18', 'HS6A02', 'PE', 'Miệng'),
  ('D000043', 4.2, '2024-10-17', 'HS6A02', 'PE', 'Miệng'),
  ('D000044', 7.9, '2024-10-10', 'HS6A03', 'LIT', '15 phút'),
  ('D000045', 5.5, '2024-10-15', 'HS6A03', 'LIT', '15 phút'),
  ('D000046', 4.8, '2024-09-01', 'HS6A03', 'LIT', 'Miệng'),
  ('D000047', 9.2, '2024-10-28', 'HS6A03', 'CHE', 'Cuối kỳ'),
  ('D000048', 6.8, '2024-11-09', 'HS6A03', 'CHE', 'Cuối kỳ'),
  ('D000049', 4.8, '2024-11-18', 'HS6A03', 'CHE', '15 phút'),
  ('D000050', 7.5, '2024-10-21', 'HS6A03', 'CHE', 'Cuối kỳ'),
  ('D000051', 7.1, '2024-11-18', 'HS6A03', 'CHE', '1 tiết'),
  ('D000052', 6.9, '2024-09-26', 'HS6A03', 'PE', 'Miệng'),
  ('D000053', 6.7, '2024-10-14', 'HS6A03', 'PE', '1 tiết'),
  ('D000054', 4.9, '2024-09-01', 'HS6A03', 'PE', '15 phút'),
  ('D000055', 6.1, '2024-10-18', 'HS6A03', 'PE', 'Miệng'),
  ('D000056', 8.1, '2024-10-25', 'HS6A03', 'PE', 'Cuối kỳ'),
  ('D000057', 4.1, '2024-10-26', 'HS6A03', 'ENG', '1 tiết'),
  ('D000058', 7.6, '2024-09-18', 'HS6A03', 'ENG', '1 tiết'),
  ('D000059', 5.1, '2024-11-14', 'HS6A03', 'ENG', 'Cuối kỳ'),
  ('D000060', 5.5, '2024-11-24', 'HS6A03', 'ENG', 'Cuối kỳ'),
  ('D000061', 9.0, '2024-09-09', 'HS6A03', 'ENG', 'Miệng'),
  ('D000062', 5.7, '2024-11-18', 'HS6A04', 'HIS', '1 tiết'),
  ('D000063', 6.5, '2024-09-06', 'HS6A04', 'HIS', '15 phút'),
  ('D000064', 5.7, '2024-11-15', 'HS6A04', 'HIS', 'Cuối kỳ'),
  ('D000065', 5.6, '2024-11-16', 'HS6A04', 'HIS', '15 phút'),
  ('D000066', 5.9, '2024-09-02', 'HS6A04', 'HIS', 'Miệng'),
  ('D000067', 9.8, '2024-10-09', 'HS6A04', 'CIV', '15 phút'),
  ('D000068', 8.3, '2024-11-01', 'HS6A04', 'CIV', '15 phút'),
  ('D000069', 4.5, '2024-09-16', 'HS6A04', 'CIV', '15 phút'),
  ('D000070', 6.1, '2024-10-26', 'HS6A04', 'CIV', 'Cuối kỳ'),
  ('D000071', 6.8, '2024-09-11', 'HS6A04', 'PHY', 'Miệng'),
  ('D000072', 9.1, '2024-09-02', 'HS6A04', 'PHY', '1 tiết'),
  ('D000073', 8.7, '2024-09-18', 'HS6A04', 'PHY', 'Cuối kỳ'),
  ('D000074', 5.1, '2024-10-27', 'HS6A04', 'PHY', 'Cuối kỳ'),
  ('D000075', 9.0, '2024-09-25', 'HS6A04', 'PHY', '15 phút'),
  ('D000076', 8.6, '2024-10-08', 'HS6A04', 'IT', 'Miệng'),
  ('D000077', 5.2, '2024-11-25', 'HS6A04', 'IT', 'Miệng'),
  ('D000078', 7.1, '2024-09-16', 'HS6A04', 'IT', 'Cuối kỳ'),
  ('D000079', 8.1, '2024-10-11', 'HS6A04', 'IT', '15 phút'),
  ('D000080', 7.8, '2024-09-24', 'HS6A04', 'IT', 'Miệng'),
  ('D000081', 5.5, '2024-11-10', 'HS6A04', 'IT', '15 phút'),
  ('D000082', 7.8, '2024-10-01', 'HS6A05', 'BIO', '15 phút'),
  ('D000083', 8.8, '2024-11-04', 'HS6A05', 'BIO', 'Cuối kỳ'),
  ('D000084', 8.7, '2024-09-02', 'HS6A05', 'BIO', 'Cuối kỳ'),
  ('D000085', 8.1, '2024-09-12', 'HS6A05', 'BIO', 'Miệng'),
  ('D000086', 4.9, '2024-09-22', 'HS6A05', 'MATH', '1 tiết'),
  ('D000087', 9.6, '2024-11-02', 'HS6A05', 'MATH', 'Miệng'),
  ('D000088', 6.1, '2024-09-23', 'HS6A05', 'MATH', 'Miệng'),
  ('D000089', 4.8, '2024-09-11', 'HS6A05', 'MATH', '1 tiết'),
  ('D000090', 8.4, '2024-09-23', 'HS6A05', 'PHY', 'Cuối kỳ'),
  ('D000091', 6.1, '2024-09-09', 'HS6A05', 'PHY', 'Miệng'),
  ('D000092', 6.9, '2024-10-18', 'HS6A05', 'PHY', '1 tiết'),
  ('D000093', 7.3, '2024-10-07', 'HS6A05', 'PHY', '15 phút'),
  ('D000094', 7.3, '2024-10-24', 'HS6A05', 'PHY', 'Cuối kỳ'),
  ('D000095', 5.7, '2024-11-28', 'HS6A05', 'PHY', '15 phút'),
  ('D000096', 7.2, '2024-10-10', 'HS6A05', 'LIT', '1 tiết'),
  ('D000097', 7.2, '2024-10-01', 'HS6A05', 'LIT', 'Cuối kỳ'),
  ('D000098', 8.4, '2024-09-20', 'HS6A05', 'LIT', '1 tiết'),
  ('D000099', 5.1, '2024-11-16', 'HS6A06', 'PE', '15 phút'),
  ('D000100', 7.7, '2024-10-14', 'HS6A06', 'PE', '1 tiết'),
  ('D000101', 4.7, '2024-11-22', 'HS6A06', 'PE', 'Miệng'),
  ('D000102', 4.3, '2024-09-06', 'HS6A06', 'PE', 'Miệng'),
  ('D000103', 5.2, '2024-10-07', 'HS6A06', 'PE', 'Miệng'),
  ('D000104', 4.2, '2024-11-27', 'HS6A06', 'PE', 'Cuối kỳ'),
  ('D000105', 7.2, '2024-11-19', 'HS6A06', 'PHY', '1 tiết'),
  ('D000106', 4.3, '2024-09-20', 'HS6A06', 'PHY', 'Miệng'),
  ('D000107', 4.1, '2024-09-21', 'HS6A06', 'PHY', 'Cuối kỳ'),
  ('D000108', 9.6, '2024-09-15', 'HS6A06', 'PHY', 'Miệng'),
  ('D000109', 6.2, '2024-11-14', 'HS6A06', 'PHY', '1 tiết'),
  ('D000110', 8.8, '2024-09-27', 'HS6A06', 'PHY', '1 tiết'),
  ('D000111', 8.4, '2024-10-03', 'HS6A06', 'BIO', '15 phút'),
  ('D000112', 9.8, '2024-09-04', 'HS6A06', 'BIO', '15 phút'),
  ('D000113', 7.2, '2024-09-07', 'HS6A06', 'BIO', '15 phút'),
  ('D000114', 7.4, '2024-11-14', 'HS6A06', 'LIT', 'Miệng'),
  ('D000115', 8.6, '2024-11-12', 'HS6A06', 'LIT', 'Cuối kỳ'),
  ('D000116', 8.2, '2024-10-04', 'HS6A06', 'LIT', '15 phút'),
  ('D000117', 8.8, '2024-11-13', 'HS6A06', 'LIT', '1 tiết'),
  ('D000118', 9.4, '2024-11-11', 'HS6A07', 'CIV', '1 tiết'),
  ('D000119', 6.5, '2024-11-14', 'HS6A07', 'CIV', '1 tiết'),
  ('D000120', 7.7, '2024-11-18', 'HS6A07', 'CIV', '15 phút'),
  ('D000121', 6.3, '2024-11-24', 'HS6A07', 'CIV', '1 tiết'),
  ('D000122', 6.2, '2024-10-15', 'HS6A07', 'CIV', 'Cuối kỳ'),
  ('D000123', 8.4, '2024-10-20', 'HS6A07', 'ENG', 'Miệng'),
  ('D000124', 7.1, '2024-10-01', 'HS6A07', 'ENG', '1 tiết'),
  ('D000125', 9.9, '2024-09-28', 'HS6A07', 'ENG', '1 tiết'),
  ('D000126', 8.6, '2024-11-27', 'HS6A07', 'IT', '1 tiết'),
  ('D000127', 9.5, '2024-11-18', 'HS6A07', 'IT', '15 phút'),
  ('D000128', 4.6, '2024-10-12', 'HS6A07', 'IT', '15 phút'),
  ('D000129', 5.6, '2024-11-08', 'HS6A07', 'GEO', '15 phút'),
  ('D000130', 5.5, '2024-10-03', 'HS6A07', 'GEO', 'Cuối kỳ'),
  ('D000131', 7.4, '2024-09-24', 'HS6A07', 'GEO', 'Miệng'),
  ('D000132', 8.3, '2024-10-06', 'HS6A07', 'GEO', 'Cuối kỳ'),
  ('D000133', 8.4, '2024-11-13', 'HS6A08', 'TEC', 'Miệng'),
  ('D000134', 8.7, '2024-10-12', 'HS6A08', 'TEC', 'Cuối kỳ'),
  ('D000135', 6.5, '2024-09-28', 'HS6A08', 'TEC', '15 phút'),
  ('D000136', 7.8, '2024-11-13', 'HS6A08', 'PE', 'Miệng'),
  ('D000137', 5.8, '2024-09-11', 'HS6A08', 'PE', '15 phút'),
  ('D000138', 6.0, '2024-11-08', 'HS6A08', 'PE', '15 phút'),
  ('D000139', 8.0, '2024-10-15', 'HS6A08', 'LIT', 'Miệng'),
  ('D000140', 5.3, '2024-10-26', 'HS6A08', 'LIT', 'Cuối kỳ'),
  ('D000141', 4.9, '2024-10-03', 'HS6A08', 'LIT', 'Cuối kỳ'),
  ('D000142', 7.3, '2024-10-03', 'HS6A08', 'CHE', 'Cuối kỳ'),
  ('D000143', 7.0, '2024-11-05', 'HS6A08', 'CHE', '15 phút'),
  ('D000144', 6.9, '2024-09-16', 'HS6A08', 'CHE', 'Cuối kỳ'),
  ('D000145', 5.5, '2024-10-25', 'HS6A09', 'CIV', 'Cuối kỳ'),
  ('D000146', 5.9, '2024-11-03', 'HS6A09', 'CIV', 'Miệng'),
  ('D000147', 8.0, '2024-10-12', 'HS6A09', 'CIV', '1 tiết'),
  ('D000148', 5.1, '2024-10-20', 'HS6A09', 'CIV', 'Miệng'),
  ('D000149', 5.0, '2024-10-20', 'HS6A09', 'PE', 'Cuối kỳ'),
  ('D000150', 7.7, '2024-10-02', 'HS6A09', 'PE', '15 phút'),
  ('D000151', 5.2, '2024-10-05', 'HS6A09', 'PE', 'Miệng'),
  ('D000152', 4.7, '2024-09-08', 'HS6A09', 'PE', '15 phút'),
  ('D000153', 9.2, '2024-10-01', 'HS6A09', 'PE', '1 tiết'),
  ('D000154', 5.8, '2024-10-01', 'HS6A09', 'PHY', '1 tiết'),
  ('D000155', 5.3, '2024-11-07', 'HS6A09', 'PHY', '15 phút'),
  ('D000156', 7.3, '2024-10-18', 'HS6A09', 'PHY', 'Cuối kỳ'),
  ('D000157', 8.2, '2024-11-01', 'HS6A09', 'IT', 'Cuối kỳ'),
  ('D000158', 7.5, '2024-11-17', 'HS6A09', 'IT', 'Miệng'),
  ('D000159', 5.5, '2024-09-10', 'HS6A09', 'IT', '15 phút'),
  ('D000160', 8.7, '2024-11-09', 'HS6A09', 'IT', 'Miệng'),
  ('D000161', 8.0, '2024-11-28', 'HS6A10', 'GEO', '1 tiết'),
  ('D000162', 9.2, '2024-09-10', 'HS6A10', 'GEO', 'Cuối kỳ'),
  ('D000163', 5.4, '2024-10-17', 'HS6A10', 'GEO', 'Miệng'),
  ('D000164', 9.4, '2024-10-28', 'HS6A10', 'GEO', 'Miệng'),
  ('D000165', 5.1, '2024-11-15', 'HS6A10', 'GEO', 'Miệng'),
  ('D000166', 4.2, '2024-11-10', 'HS6A10', 'GEO', '1 tiết'),
  ('D000167', 6.4, '2024-09-01', 'HS6A10', 'CIV', '1 tiết'),
  ('D000168', 8.1, '2024-10-21', 'HS6A10', 'CIV', '1 tiết'),
  ('D000169', 5.4, '2024-11-09', 'HS6A10', 'CIV', 'Miệng'),
  ('D000170', 7.8, '2024-10-27', 'HS6A10', 'CIV', 'Miệng'),
  ('D000171', 9.7, '2024-10-08', 'HS6A10', 'CIV', '15 phút'),
  ('D000172', 6.1, '2024-10-22', 'HS6A10', 'CIV', '15 phút'),
  ('D000173', 8.4, '2024-11-22', 'HS6A10', 'MATH', '15 phút'),
  ('D000174', 6.5, '2024-11-05', 'HS6A10', 'MATH', 'Cuối kỳ'),
  ('D000175', 9.8, '2024-11-11', 'HS6A10', 'MATH', 'Cuối kỳ'),
  ('D000176', 5.2, '2024-09-19', 'HS6A10', 'LIT', '15 phút'),
  ('D000177', 9.2, '2024-10-23', 'HS6A10', 'LIT', '15 phút'),
  ('D000178', 6.6, '2024-09-21', 'HS6A10', 'LIT', '15 phút'),
  ('D000179', 5.9, '2024-11-18', 'HS6A10', 'LIT', 'Miệng'),
  ('D000180', 9.3, '2024-10-14', 'HS6A11', 'ENG', '1 tiết'),
  ('D000181', 6.7, '2024-11-24', 'HS6A11', 'ENG', '1 tiết'),
  ('D000182', 4.9, '2024-09-04', 'HS6A11', 'ENG', '15 phút'),
  ('D000183', 5.1, '2024-11-20', 'HS6A11', 'ENG', '1 tiết'),
  ('D000184', 7.6, '2024-11-08', 'HS6A11', 'ENG', '15 phút'),
  ('D000185', 8.1, '2024-10-03', 'HS6A11', 'BIO', 'Cuối kỳ'),
  ('D000186', 4.8, '2024-11-16', 'HS6A11', 'BIO', '1 tiết'),
  ('D000187', 5.1, '2024-10-16', 'HS6A11', 'BIO', 'Cuối kỳ'),
  ('D000188', 4.8, '2024-09-08', 'HS6A11', 'BIO', 'Miệng'),
  ('D000189', 8.6, '2024-09-09', 'HS6A11', 'TEC', 'Cuối kỳ'),
  ('D000190', 5.3, '2024-11-07', 'HS6A11', 'TEC', '15 phút'),
  ('D000191', 4.4, '2024-10-28', 'HS6A11', 'TEC', 'Cuối kỳ'),
  ('D000192', 8.1, '2024-10-08', 'HS6A11', 'TEC', 'Cuối kỳ'),
  ('D000193', 6.4, '2024-09-20', 'HS6A11', 'TEC', 'Cuối kỳ'),
  ('D000194', 8.3, '2024-10-20', 'HS6A11', 'TEC', 'Miệng'),
  ('D000195', 6.7, '2024-09-08', 'HS6A11', 'MATH', 'Cuối kỳ'),
  ('D000196', 9.9, '2024-09-18', 'HS6A11', 'MATH', 'Cuối kỳ'),
  ('D000197', 7.1, '2024-11-02', 'HS6A11', 'MATH', '15 phút'),
  ('D000198', 6.8, '2024-10-10', 'HS6A12', 'CHE', 'Miệng'),
  ('D000199', 8.1, '2024-09-15', 'HS6A12', 'CHE', 'Cuối kỳ'),
  ('D000200', 4.5, '2024-11-04', 'HS6A12', 'CHE', '15 phút'),
  ('D000201', 8.7, '2024-11-18', 'HS6A12', 'CHE', '15 phút'),
  ('D000202', 6.4, '2024-10-15', 'HS6A12', 'CHE', 'Miệng'),
  ('D000203', 6.7, '2024-11-07', 'HS6A12', 'GEO', 'Cuối kỳ'),
  ('D000204', 4.5, '2024-10-23', 'HS6A12', 'GEO', '15 phút'),
  ('D000205', 8.3, '2024-09-03', 'HS6A12', 'GEO', 'Miệng'),
  ('D000206', 8.2, '2024-11-12', 'HS6A12', 'GEO', 'Miệng'),
  ('D000207', 8.4, '2024-11-20', 'HS6A12', 'HIS', '15 phút'),
  ('D000208', 6.3, '2024-10-02', 'HS6A12', 'HIS', '15 phút'),
  ('D000209', 9.5, '2024-11-28', 'HS6A12', 'HIS', '15 phút'),
  ('D000210', 5.0, '2024-09-06', 'HS6A12', 'HIS', 'Miệng'),
  ('D000211', 6.5, '2024-10-24', 'HS6A12', 'HIS', 'Cuối kỳ'),
  ('D000212', 5.7, '2024-09-04', 'HS6A12', 'HIS', '15 phút'),
  ('D000213', 4.0, '2024-10-01', 'HS6A12', 'TEC', 'Cuối kỳ'),
  ('D000214', 7.0, '2024-10-18', 'HS6A12', 'TEC', 'Miệng'),
  ('D000215', 7.6, '2024-10-08', 'HS6A12', 'TEC', '15 phút'),
  ('D000216', 7.5, '2024-10-15', 'HS6A12', 'TEC', 'Cuối kỳ'),
  ('D000217', 9.3, '2024-10-20', 'HS6A13', 'GEO', '15 phút'),
  ('D000218', 4.3, '2024-09-02', 'HS6A13', 'GEO', '1 tiết'),
  ('D000219', 4.2, '2024-09-22', 'HS6A13', 'GEO', '1 tiết'),
  ('D000220', 6.0, '2024-09-02', 'HS6A13', 'GEO', 'Miệng'),
  ('D000221', 10.0, '2024-09-22', 'HS6A13', 'LIT', '1 tiết'),
  ('D000222', 7.7, '2024-11-23', 'HS6A13', 'LIT', '15 phút'),
  ('D000223', 9.8, '2024-11-19', 'HS6A13', 'LIT', '1 tiết'),
  ('D000224', 9.6, '2024-09-25', 'HS6A13', 'LIT', '1 tiết'),
  ('D000225', 5.9, '2024-10-27', 'HS6A13', 'LIT', 'Miệng'),
  ('D000226', 8.6, '2024-11-03', 'HS6A13', 'LIT', '1 tiết'),
  ('D000227', 4.8, '2024-11-28', 'HS6A13', 'PE', '1 tiết'),
  ('D000228', 6.0, '2024-10-17', 'HS6A13', 'PE', '15 phút'),
  ('D000229', 8.2, '2024-11-02', 'HS6A13', 'PE', 'Miệng'),
  ('D000230', 7.4, '2024-11-17', 'HS6A13', 'PE', 'Miệng'),
  ('D000231', 6.9, '2024-11-20', 'HS6A13', 'PE', '1 tiết'),
  ('D000232', 6.6, '2024-10-09', 'HS6A13', 'PE', '1 tiết'),
  ('D000233', 7.7, '2024-10-17', 'HS6A13', 'MATH', 'Cuối kỳ'),
  ('D000234', 7.0, '2024-09-20', 'HS6A13', 'MATH', '15 phút'),
  ('D000235', 8.3, '2024-09-01', 'HS6A13', 'MATH', 'Miệng'),
  ('D000236', 4.1, '2024-11-26', 'HS6A13', 'MATH', 'Miệng'),
  ('D000237', 4.3, '2024-10-18', 'HS6A14', 'TEC', '15 phút'),
  ('D000238', 4.1, '2024-09-23', 'HS6A14', 'TEC', '1 tiết'),
  ('D000239', 5.5, '2024-09-10', 'HS6A14', 'TEC', '1 tiết'),
  ('D000240', 7.0, '2024-10-25', 'HS6A14', 'TEC', 'Miệng'),
  ('D000241', 4.7, '2024-10-11', 'HS6A14', 'TEC', 'Cuối kỳ'),
  ('D000242', 8.3, '2024-11-01', 'HS6A14', 'TEC', '15 phút'),
  ('D000243', 6.0, '2024-10-22', 'HS6A14', 'PHY', 'Cuối kỳ'),
  ('D000244', 9.5, '2024-09-21', 'HS6A14', 'PHY', '15 phút'),
  ('D000245', 6.9, '2024-11-15', 'HS6A14', 'PHY', '1 tiết'),
  ('D000246', 6.8, '2024-10-24', 'HS6A14', 'PHY', 'Miệng'),
  ('D000247', 7.4, '2024-11-11', 'HS6A14', 'PE', 'Miệng'),
  ('D000248', 5.2, '2024-11-11', 'HS6A14', 'PE', '1 tiết'),
  ('D000249', 4.4, '2024-09-09', 'HS6A14', 'PE', 'Miệng'),
  ('D000250', 6.0, '2024-10-21', 'HS6A14', 'PE', '15 phút'),
  ('D000251', 7.4, '2024-10-06', 'HS6A14', 'PE', 'Miệng'),
  ('D000252', 8.2, '2024-10-23', 'HS6A14', 'HIS', 'Miệng'),
  ('D000253', 5.6, '2024-09-16', 'HS6A14', 'HIS', '15 phút'),
  ('D000254', 6.2, '2024-10-07', 'HS6A14', 'HIS', '1 tiết'),
  ('D000255', 5.1, '2024-10-26', 'HS6A14', 'HIS', 'Miệng'),
  ('D000256', 8.7, '2024-09-15', 'HS6A14', 'HIS', 'Miệng'),
  ('D000257', 9.5, '2024-11-28', 'HS6A15', 'GEO', '1 tiết'),
  ('D000258', 8.7, '2024-09-25', 'HS6A15', 'GEO', 'Miệng'),
  ('D000259', 8.9, '2024-11-22', 'HS6A15', 'GEO', '15 phút'),
  ('D000260', 5.2, '2024-09-15', 'HS6A15', 'GEO', 'Cuối kỳ'),
  ('D000261', 8.3, '2024-11-04', 'HS6A15', 'GEO', 'Miệng'),
  ('D000262', 9.6, '2024-11-28', 'HS6A15', 'IT', 'Miệng'),
  ('D000263', 6.0, '2024-09-04', 'HS6A15', 'IT', '1 tiết'),
  ('D000264', 4.1, '2024-10-21', 'HS6A15', 'IT', '15 phút'),
  ('D000265', 5.9, '2024-09-10', 'HS6A15', 'IT', '1 tiết'),
  ('D000266', 7.2, '2024-10-22', 'HS6A15', 'IT', 'Miệng'),
  ('D000267', 4.9, '2024-10-04', 'HS6A15', 'ENG', 'Miệng'),
  ('D000268', 9.7, '2024-11-17', 'HS6A15', 'ENG', 'Miệng'),
  ('D000269', 5.2, '2024-10-18', 'HS6A15', 'ENG', '1 tiết'),
  ('D000270', 5.6, '2024-11-26', 'HS6A15', 'ENG', '1 tiết'),
  ('D000271', 7.4, '2024-09-03', 'HS6A15', 'ENG', '1 tiết'),
  ('D000272', 7.2, '2024-09-05', 'HS6A15', 'PHY', 'Miệng'),
  ('D000273', 6.8, '2024-11-02', 'HS6A15', 'PHY', 'Miệng'),
  ('D000274', 6.3, '2024-09-14', 'HS6A15', 'PHY', 'Cuối kỳ'),
  ('D000275', 5.1, '2024-11-19', 'HS6A15', 'PHY', 'Cuối kỳ'),
  ('D000276', 7.7, '2024-10-11', 'HS6A15', 'PHY', '15 phút'),
  ('D000277', 7.4, '2024-09-27', 'HS6A16', 'TEC', 'Cuối kỳ'),
  ('D000278', 4.6, '2024-10-22', 'HS6A16', 'TEC', 'Cuối kỳ'),
  ('D000279', 6.8, '2024-09-05', 'HS6A16', 'TEC', '1 tiết'),
  ('D000280', 9.5, '2024-10-06', 'HS6A16', 'TEC', '1 tiết'),
  ('D000281', 8.7, '2024-10-15', 'HS6A16', 'TEC', 'Cuối kỳ'),
  ('D000282', 4.2, '2024-10-04', 'HS6A16', 'TEC', '1 tiết'),
  ('D000283', 6.8, '2024-09-10', 'HS6A16', 'CIV', '1 tiết'),
  ('D000284', 7.6, '2024-09-17', 'HS6A16', 'CIV', 'Miệng'),
  ('D000285', 6.4, '2024-11-26', 'HS6A16', 'CIV', 'Miệng'),
  ('D000286', 6.0, '2024-11-03', 'HS6A16', 'CIV', '1 tiết'),
  ('D000287', 7.2, '2024-10-19', 'HS6A16', 'CIV', 'Cuối kỳ'),
  ('D000288', 5.4, '2024-09-18', 'HS6A16', 'CIV', '15 phút'),
  ('D000289', 6.3, '2024-10-07', 'HS6A16', 'IT', 'Cuối kỳ'),
  ('D000290', 8.7, '2024-10-19', 'HS6A16', 'IT', '1 tiết'),
  ('D000291', 7.3, '2024-09-06', 'HS6A16', 'IT', 'Miệng'),
  ('D000292', 8.4, '2024-11-19', 'HS6A16', 'IT', 'Cuối kỳ'),
  ('D000293', 4.7, '2024-11-15', 'HS6A16', 'IT', '1 tiết'),
  ('D000294', 7.3, '2024-10-06', 'HS6A16', 'IT', '1 tiết'),
  ('D000295', 4.4, '2024-09-22', 'HS6A16', 'LIT', 'Cuối kỳ'),
  ('D000296', 6.0, '2024-11-22', 'HS6A16', 'LIT', 'Miệng'),
  ('D000297', 4.5, '2024-09-19', 'HS6A16', 'LIT', 'Miệng'),
  ('D000298', 8.5, '2024-11-05', 'HS6A16', 'LIT', 'Cuối kỳ'),
  ('D000299', 7.2, '2024-10-20', 'HS6A16', 'LIT', 'Cuối kỳ'),
  ('D000300', 5.2, '2024-11-11', 'HS6A16', 'LIT', '1 tiết'),
  ('D000301', 9.9, '2024-11-01', 'HS6A17', 'PE', 'Cuối kỳ'),
  ('D000302', 9.1, '2024-10-02', 'HS6A17', 'PE', '1 tiết'),
  ('D000303', 9.4, '2024-09-01', 'HS6A17', 'PE', '1 tiết'),
  ('D000304', 4.7, '2024-10-28', 'HS6A17', 'PE', 'Miệng'),
  ('D000305', 5.4, '2024-11-19', 'HS6A17', 'PE', 'Cuối kỳ'),
  ('D000306', 8.3, '2024-10-13', 'HS6A17', 'CIV', 'Cuối kỳ'),
  ('D000307', 7.3, '2024-11-06', 'HS6A17', 'CIV', 'Cuối kỳ'),
  ('D000308', 4.8, '2024-11-13', 'HS6A17', 'CIV', '1 tiết'),
  ('D000309', 9.0, '2024-09-10', 'HS6A17', 'CIV', '15 phút'),
  ('D000310', 4.8, '2024-09-21', 'HS6A17', 'CIV', 'Miệng'),
  ('D000311', 8.3, '2024-10-22', 'HS6A17', 'CHE', 'Cuối kỳ'),
  ('D000312', 9.8, '2024-09-03', 'HS6A17', 'CHE', '15 phút'),
  ('D000313', 7.9, '2024-10-28', 'HS6A17', 'CHE', 'Cuối kỳ'),
  ('D000314', 9.4, '2024-11-20', 'HS6A17', 'CHE', 'Cuối kỳ'),
  ('D000315', 6.7, '2024-10-18', 'HS6A17', 'HIS', 'Cuối kỳ'),
  ('D000316', 6.3, '2024-09-06', 'HS6A17', 'HIS', 'Cuối kỳ'),
  ('D000317', 7.6, '2024-11-16', 'HS6A17', 'HIS', '15 phút'),
  ('D000318', 8.3, '2024-10-14', 'HS6A17', 'HIS', '1 tiết'),
  ('D000319', 4.7, '2024-10-23', 'HS6A18', 'MATH', 'Miệng'),
  ('D000320', 4.9, '2024-11-17', 'HS6A18', 'MATH', '1 tiết'),
  ('D000321', 6.8, '2024-09-17', 'HS6A18', 'MATH', 'Miệng'),
  ('D000322', 5.5, '2024-11-24', 'HS6A18', 'MATH', 'Miệng'),
  ('D000323', 8.1, '2024-11-26', 'HS6A18', 'MATH', '1 tiết'),
  ('D000324', 9.4, '2024-11-25', 'HS6A18', 'TEC', 'Miệng'),
  ('D000325', 6.8, '2024-11-16', 'HS6A18', 'TEC', '1 tiết'),
  ('D000326', 6.5, '2024-10-10', 'HS6A18', 'TEC', '15 phút'),
  ('D000327', 8.2, '2024-11-24', 'HS6A18', 'PE', '1 tiết'),
  ('D000328', 8.4, '2024-11-09', 'HS6A18', 'PE', 'Miệng'),
  ('D000329', 7.8, '2024-11-06', 'HS6A18', 'PE', 'Miệng'),
  ('D000330', 8.9, '2024-11-01', 'HS6A18', 'GEO', '1 tiết'),
  ('D000331', 6.9, '2024-09-17', 'HS6A18', 'GEO', 'Miệng'),
  ('D000332', 9.1, '2024-10-09', 'HS6A18', 'GEO', '15 phút'),
  ('D000333', 7.7, '2024-10-28', 'HS6A18', 'GEO', '1 tiết'),
  ('D000334', 4.1, '2024-09-20', 'HS6A18', 'GEO', '15 phút'),
  ('D000335', 5.6, '2024-11-08', 'HS6A19', 'PE', 'Cuối kỳ'),
  ('D000336', 5.1, '2024-11-28', 'HS6A19', 'PE', 'Miệng'),
  ('D000337', 6.1, '2024-09-05', 'HS6A19', 'PE', '15 phút'),
  ('D000338', 9.0, '2024-10-25', 'HS6A19', 'PE', 'Cuối kỳ'),
  ('D000339', 8.0, '2024-11-21', 'HS6A19', 'ENG', '15 phút'),
  ('D000340', 5.3, '2024-11-27', 'HS6A19', 'ENG', '1 tiết'),
  ('D000341', 4.3, '2024-10-25', 'HS6A19', 'ENG', 'Miệng'),
  ('D000342', 4.3, '2024-10-13', 'HS6A19', 'ENG', 'Cuối kỳ'),
  ('D000343', 6.9, '2024-11-08', 'HS6A19', 'GEO', 'Cuối kỳ'),
  ('D000344', 8.1, '2024-10-16', 'HS6A19', 'GEO', '1 tiết'),
  ('D000345', 4.9, '2024-10-01', 'HS6A19', 'GEO', '1 tiết'),
  ('D000346', 9.6, '2024-10-13', 'HS6A19', 'GEO', '1 tiết'),
  ('D000347', 9.8, '2024-11-02', 'HS6A19', 'GEO', 'Miệng'),
  ('D000348', 9.7, '2024-10-20', 'HS6A19', 'BIO', '1 tiết'),
  ('D000349', 6.0, '2024-10-26', 'HS6A19', 'BIO', 'Miệng'),
  ('D000350', 5.5, '2024-11-13', 'HS6A19', 'BIO', 'Cuối kỳ'),
  ('D000351', 8.6, '2024-11-08', 'HS6A19', 'BIO', '15 phút'),
  ('D000352', 7.1, '2024-11-23', 'HS6A19', 'BIO', '15 phút'),
  ('D000353', 4.1, '2024-09-17', 'HS6A20', 'BIO', 'Miệng'),
  ('D000354', 8.1, '2024-10-08', 'HS6A20', 'BIO', '1 tiết'),
  ('D000355', 5.5, '2024-09-01', 'HS6A20', 'BIO', 'Miệng'),
  ('D000356', 9.6, '2024-11-27', 'HS6A20', 'IT', '15 phút'),
  ('D000357', 9.7, '2024-11-04', 'HS6A20', 'IT', 'Miệng'),
  ('D000358', 4.5, '2024-11-05', 'HS6A20', 'IT', 'Cuối kỳ'),
  ('D000359', 9.4, '2024-11-06', 'HS6A20', 'MATH', '1 tiết'),
  ('D000360', 5.8, '2024-11-03', 'HS6A20', 'MATH', 'Cuối kỳ'),
  ('D000361', 9.5, '2024-10-25', 'HS6A20', 'MATH', 'Cuối kỳ'),
  ('D000362', 8.2, '2024-11-25', 'HS6A20', 'MATH', '1 tiết'),
  ('D000363', 5.0, '2024-09-09', 'HS6A20', 'PE', 'Miệng'),
  ('D000364', 6.3, '2024-10-02', 'HS6A20', 'PE', '1 tiết'),
  ('D000365', 9.7, '2024-10-06', 'HS6A20', 'PE', 'Cuối kỳ'),
  ('D000366', 4.4, '2024-09-20', 'HS6A20', 'PE', 'Cuối kỳ'),
  ('D000367', 5.1, '2024-10-04', 'HS6A20', 'PE', '15 phút'),
  ('D000368', 8.3, '2024-09-02', 'HS6B01', 'IT', 'Miệng'),
  ('D000369', 4.4, '2024-11-09', 'HS6B01', 'IT', 'Cuối kỳ'),
  ('D000370', 4.1, '2024-10-05', 'HS6B01', 'IT', 'Miệng'),
  ('D000371', 9.6, '2024-11-13', 'HS6B01', 'IT', '1 tiết'),
  ('D000372', 4.9, '2024-10-13', 'HS6B01', 'IT', 'Miệng'),
  ('D000373', 7.1, '2024-10-16', 'HS6B01', 'IT', 'Cuối kỳ'),
  ('D000374', 9.1, '2024-09-18', 'HS6B01', 'HIS', '15 phút'),
  ('D000375', 4.0, '2024-11-27', 'HS6B01', 'HIS', 'Cuối kỳ'),
  ('D000376', 4.7, '2024-11-12', 'HS6B01', 'HIS', '1 tiết'),
  ('D000377', 8.1, '2024-10-02', 'HS6B01', 'HIS', 'Miệng'),
  ('D000378', 6.2, '2024-10-03', 'HS6B01', 'HIS', 'Cuối kỳ'),
  ('D000379', 8.6, '2024-10-21', 'HS6B01', 'HIS', '15 phút'),
  ('D000380', 7.3, '2024-10-22', 'HS6B01', 'PHY', '15 phút'),
  ('D000381', 5.8, '2024-10-04', 'HS6B01', 'PHY', '1 tiết'),
  ('D000382', 6.9, '2024-11-15', 'HS6B01', 'PHY', '15 phút'),
  ('D000383', 4.8, '2024-09-01', 'HS6B01', 'PHY', '15 phút'),
  ('D000384', 6.3, '2024-11-21', 'HS6B01', 'LIT', '1 tiết'),
  ('D000385', 7.0, '2024-10-01', 'HS6B01', 'LIT', 'Miệng'),
  ('D000386', 6.0, '2024-10-26', 'HS6B01', 'LIT', 'Miệng'),
  ('D000387', 6.4, '2024-09-26', 'HS6B01', 'LIT', 'Cuối kỳ'),
  ('D000388', 9.6, '2024-11-05', 'HS6B01', 'LIT', '15 phút'),
  ('D000389', 9.5, '2024-09-24', 'HS6B01', 'LIT', '15 phút'),
  ('D000390', 5.5, '2024-11-05', 'HS6B02', 'GEO', 'Miệng'),
  ('D000391', 5.0, '2024-09-10', 'HS6B02', 'GEO', 'Miệng'),
  ('D000392', 6.7, '2024-09-27', 'HS6B02', 'GEO', 'Miệng'),
  ('D000393', 4.7, '2024-11-26', 'HS6B02', 'CIV', '15 phút'),
  ('D000394', 4.4, '2024-09-14', 'HS6B02', 'CIV', '1 tiết'),
  ('D000395', 8.9, '2024-11-22', 'HS6B02', 'CIV', 'Cuối kỳ'),
  ('D000396', 4.7, '2024-11-19', 'HS6B02', 'MATH', '15 phút'),
  ('D000397', 5.9, '2024-09-25', 'HS6B02', 'MATH', 'Miệng'),
  ('D000398', 7.6, '2024-10-03', 'HS6B02', 'MATH', 'Miệng'),
  ('D000399', 5.6, '2024-10-06', 'HS6B02', 'MATH', '1 tiết'),
  ('D000400', 7.3, '2024-10-08', 'HS6B02', 'MATH', 'Miệng'),
  ('D000401', 4.6, '2024-11-20', 'HS6B02', 'TEC', 'Cuối kỳ'),
  ('D000402', 8.7, '2024-09-16', 'HS6B02', 'TEC', 'Miệng'),
  ('D000403', 4.0, '2024-09-03', 'HS6B02', 'TEC', '1 tiết'),
  ('D000404', 6.5, '2024-10-23', 'HS6B02', 'TEC', '15 phút'),
  ('D000405', 6.5, '2024-09-20', 'HS6B03', 'PHY', 'Miệng'),
  ('D000406', 7.6, '2024-11-16', 'HS6B03', 'PHY', 'Miệng'),
  ('D000407', 7.8, '2024-10-12', 'HS6B03', 'PHY', 'Cuối kỳ'),
  ('D000408', 4.0, '2024-09-07', 'HS6B03', 'PHY', 'Miệng'),
  ('D000409', 9.9, '2024-09-20', 'HS6B03', 'PHY', '1 tiết'),
  ('D000410', 9.2, '2024-11-17', 'HS6B03', 'PHY', '15 phút'),
  ('D000411', 8.6, '2024-11-07', 'HS6B03', 'ENG', '1 tiết'),
  ('D000412', 4.3, '2024-09-26', 'HS6B03', 'ENG', '15 phút'),
  ('D000413', 8.1, '2024-10-16', 'HS6B03', 'ENG', '15 phút'),
  ('D000414', 5.0, '2024-09-02', 'HS6B03', 'ENG', '1 tiết'),
  ('D000415', 5.7, '2024-10-09', 'HS6B03', 'ENG', '1 tiết'),
  ('D000416', 7.7, '2024-10-02', 'HS6B03', 'ENG', 'Miệng'),
  ('D000417', 9.5, '2024-09-06', 'HS6B03', 'CHE', 'Miệng'),
  ('D000418', 6.9, '2024-09-03', 'HS6B03', 'CHE', '15 phút'),
  ('D000419', 8.3, '2024-11-19', 'HS6B03', 'CHE', '1 tiết'),
  ('D000420', 5.2, '2024-11-11', 'HS6B03', 'IT', '15 phút'),
  ('D000421', 8.7, '2024-10-08', 'HS6B03', 'IT', 'Miệng'),
  ('D000422', 5.4, '2024-10-28', 'HS6B03', 'IT', '15 phút'),
  ('D000423', 6.3, '2024-09-03', 'HS6B03', 'IT', 'Cuối kỳ'),
  ('D000424', 7.5, '2024-09-14', 'HS6B03', 'IT', '15 phút'),
  ('D000425', 5.3, '2024-11-15', 'HS6B03', 'IT', '15 phút'),
  ('D000426', 7.8, '2024-10-07', 'HS6B04', 'HIS', '1 tiết'),
  ('D000427', 4.8, '2024-11-19', 'HS6B04', 'HIS', 'Miệng'),
  ('D000428', 5.7, '2024-09-28', 'HS6B04', 'HIS', 'Cuối kỳ'),
  ('D000429', 6.8, '2024-09-25', 'HS6B04', 'HIS', '1 tiết'),
  ('D000430', 9.3, '2024-11-06', 'HS6B04', 'BIO', '15 phút'),
  ('D000431', 7.5, '2024-11-28', 'HS6B04', 'BIO', '15 phút'),
  ('D000432', 4.5, '2024-11-16', 'HS6B04', 'BIO', '15 phút'),
  ('D000433', 7.5, '2024-10-09', 'HS6B04', 'BIO', 'Miệng'),
  ('D000434', 8.4, '2024-09-08', 'HS6B04', 'ENG', '1 tiết'),
  ('D000435', 6.6, '2024-09-19', 'HS6B04', 'ENG', '15 phút'),
  ('D000436', 9.5, '2024-09-14', 'HS6B04', 'ENG', 'Miệng'),
  ('D000437', 4.2, '2024-10-24', 'HS6B04', 'ENG', 'Miệng'),
  ('D000438', 6.6, '2024-10-16', 'HS6B04', 'ENG', 'Miệng'),
  ('D000439', 6.7, '2024-09-03', 'HS6B04', 'ENG', 'Miệng'),
  ('D000440', 9.7, '2024-09-12', 'HS6B04', 'GEO', '1 tiết'),
  ('D000441', 5.4, '2024-09-01', 'HS6B04', 'GEO', 'Cuối kỳ'),
  ('D000442', 8.0, '2024-09-23', 'HS6B04', 'GEO', 'Cuối kỳ'),
  ('D000443', 9.1, '2024-11-19', 'HS6B04', 'GEO', 'Miệng'),
  ('D000444', 9.9, '2024-10-25', 'HS6B04', 'GEO', '15 phút'),
  ('D000445', 9.2, '2024-10-06', 'HS6B04', 'GEO', '1 tiết'),
  ('D000446', 9.4, '2024-10-17', 'HS6B05', 'CIV', 'Miệng'),
  ('D000447', 5.8, '2024-10-23', 'HS6B05', 'CIV', '15 phút'),
  ('D000448', 8.7, '2024-09-20', 'HS6B05', 'CIV', '1 tiết'),
  ('D000449', 8.4, '2024-09-17', 'HS6B05', 'CIV', '1 tiết'),
  ('D000450', 9.3, '2024-09-13', 'HS6B05', 'CIV', '1 tiết'),
  ('D000451', 6.8, '2024-09-12', 'HS6B05', 'CIV', '1 tiết'),
  ('D000452', 7.9, '2024-11-03', 'HS6B05', 'GEO', '15 phút'),
  ('D000453', 4.8, '2024-10-08', 'HS6B05', 'GEO', 'Miệng'),
  ('D000454', 7.9, '2024-11-25', 'HS6B05', 'GEO', '15 phút'),
  ('D000455', 8.5, '2024-09-11', 'HS6B05', 'GEO', '1 tiết'),
  ('D000456', 7.0, '2024-10-09', 'HS6B05', 'MATH', 'Miệng'),
  ('D000457', 4.4, '2024-10-15', 'HS6B05', 'MATH', 'Cuối kỳ'),
  ('D000458', 7.0, '2024-09-16', 'HS6B05', 'MATH', '1 tiết'),
  ('D000459', 6.7, '2024-10-26', 'HS6B05', 'MATH', 'Miệng'),
  ('D000460', 5.1, '2024-10-03', 'HS6B05', 'MATH', 'Miệng'),
  ('D000461', 9.4, '2024-10-03', 'HS6B05', 'LIT', 'Miệng'),
  ('D000462', 5.0, '2024-09-23', 'HS6B05', 'LIT', '15 phút'),
  ('D000463', 7.0, '2024-09-17', 'HS6B05', 'LIT', 'Miệng'),
  ('D000464', 5.8, '2024-11-18', 'HS6B05', 'LIT', '15 phút'),
  ('D000465', 6.8, '2024-10-15', 'HS6B05', 'LIT', 'Miệng'),
  ('D000466', 5.7, '2024-09-01', 'HS6B05', 'LIT', '15 phút'),
  ('D000467', 7.9, '2024-10-16', 'HS6B06', 'IT', 'Cuối kỳ'),
  ('D000468', 6.7, '2024-11-05', 'HS6B06', 'IT', '1 tiết'),
  ('D000469', 5.0, '2024-10-08', 'HS6B06', 'IT', 'Cuối kỳ'),
  ('D000470', 6.2, '2024-10-25', 'HS6B06', 'IT', 'Miệng'),
  ('D000471', 4.9, '2024-10-15', 'HS6B06', 'IT', '15 phút'),
  ('D000472', 8.3, '2024-10-06', 'HS6B06', 'CIV', '15 phút'),
  ('D000473', 9.0, '2024-11-22', 'HS6B06', 'CIV', '15 phút'),
  ('D000474', 5.0, '2024-09-02', 'HS6B06', 'CIV', '1 tiết'),
  ('D000475', 7.4, '2024-10-09', 'HS6B06', 'CIV', '1 tiết'),
  ('D000476', 5.2, '2024-11-02', 'HS6B06', 'BIO', '1 tiết'),
  ('D000477', 9.9, '2024-09-12', 'HS6B06', 'BIO', 'Cuối kỳ'),
  ('D000478', 7.2, '2024-09-18', 'HS6B06', 'BIO', '1 tiết'),
  ('D000479', 4.7, '2024-09-13', 'HS6B06', 'BIO', 'Cuối kỳ'),
  ('D000480', 9.7, '2024-10-05', 'HS6B06', 'HIS', 'Miệng'),
  ('D000481', 9.8, '2024-11-17', 'HS6B06', 'HIS', '1 tiết'),
  ('D000482', 7.9, '2024-10-16', 'HS6B06', 'HIS', '1 tiết'),
  ('D000483', 9.8, '2024-11-22', 'HS6B06', 'HIS', '15 phút'),
  ('D000484', 9.4, '2024-09-22', 'HS6B07', 'PE', 'Miệng'),
  ('D000485', 5.8, '2024-10-20', 'HS6B07', 'PE', '15 phút'),
  ('D000486', 6.7, '2024-09-11', 'HS6B07', 'PE', 'Miệng'),
  ('D000487', 7.6, '2024-09-19', 'HS6B07', 'PE', '15 phút'),
  ('D000488', 8.7, '2024-10-07', 'HS6B07', 'PE', 'Miệng'),
  ('D000489', 4.5, '2024-10-22', 'HS6B07', 'PE', 'Miệng'),
  ('D000490', 5.2, '2024-10-20', 'HS6B07', 'GEO', 'Miệng'),
  ('D000491', 9.5, '2024-10-13', 'HS6B07', 'GEO', '15 phút'),
  ('D000492', 8.3, '2024-10-12', 'HS6B07', 'GEO', 'Cuối kỳ'),
  ('D000493', 6.2, '2024-10-12', 'HS6B07', 'GEO', '1 tiết'),
  ('D000494', 5.8, '2024-10-28', 'HS6B07', 'GEO', 'Miệng'),
  ('D000495', 5.3, '2024-10-24', 'HS6B07', 'GEO', 'Cuối kỳ'),
  ('D000496', 5.7, '2024-11-14', 'HS6B07', 'BIO', 'Cuối kỳ'),
  ('D000497', 4.8, '2024-11-20', 'HS6B07', 'BIO', 'Miệng'),
  ('D000498', 4.9, '2024-10-16', 'HS6B07', 'BIO', '1 tiết'),
  ('D000499', 4.4, '2024-11-25', 'HS6B07', 'BIO', 'Cuối kỳ'),
  ('D000500', 4.5, '2024-10-21', 'HS6B07', 'BIO', '1 tiết'),
  ('D000501', 6.5, '2024-11-15', 'HS6B07', 'BIO', '15 phút'),
  ('D000502', 5.1, '2024-10-10', 'HS6B07', 'LIT', 'Cuối kỳ'),
  ('D000503', 4.3, '2024-10-27', 'HS6B07', 'LIT', '1 tiết'),
  ('D000504', 7.0, '2024-11-15', 'HS6B07', 'LIT', '15 phút'),
  ('D000505', 4.2, '2024-09-05', 'HS6B07', 'LIT', '1 tiết'),
  ('D000506', 6.5, '2024-10-23', 'HS6B08', 'CHE', '15 phút'),
  ('D000507', 4.2, '2024-10-16', 'HS6B08', 'CHE', 'Miệng'),
  ('D000508', 7.6, '2024-10-19', 'HS6B08', 'CHE', 'Cuối kỳ'),
  ('D000509', 7.4, '2024-10-21', 'HS6B08', 'CHE', 'Cuối kỳ'),
  ('D000510', 9.8, '2024-09-12', 'HS6B08', 'CHE', 'Miệng'),
  ('D000511', 5.0, '2024-09-05', 'HS6B08', 'CIV', '1 tiết'),
  ('D000512', 6.8, '2024-11-05', 'HS6B08', 'CIV', '1 tiết'),
  ('D000513', 5.0, '2024-10-12', 'HS6B08', 'CIV', 'Cuối kỳ'),
  ('D000514', 7.8, '2024-10-02', 'HS6B08', 'CIV', '1 tiết'),
  ('D000515', 5.7, '2024-11-03', 'HS6B08', 'CIV', '15 phút'),
  ('D000516', 8.6, '2024-11-25', 'HS6B08', 'GEO', '15 phút'),
  ('D000517', 7.3, '2024-10-27', 'HS6B08', 'GEO', '1 tiết'),
  ('D000518', 5.6, '2024-11-23', 'HS6B08', 'GEO', '1 tiết'),
  ('D000519', 4.6, '2024-11-12', 'HS6B08', 'GEO', '15 phút'),
  ('D000520', 4.8, '2024-10-12', 'HS6B08', 'LIT', 'Cuối kỳ'),
  ('D000521', 6.5, '2024-09-04', 'HS6B08', 'LIT', '15 phút'),
  ('D000522', 4.9, '2024-09-27', 'HS6B08', 'LIT', '15 phút'),
  ('D000523', 6.5, '2024-09-04', 'HS6B09', 'IT', '15 phút'),
  ('D000524', 9.5, '2024-10-12', 'HS6B09', 'IT', '1 tiết'),
  ('D000525', 8.1, '2024-09-27', 'HS6B09', 'IT', 'Cuối kỳ'),
  ('D000526', 5.0, '2024-10-01', 'HS6B09', 'PE', 'Miệng'),
  ('D000527', 5.3, '2024-11-05', 'HS6B09', 'PE', '15 phút'),
  ('D000528', 5.8, '2024-09-05', 'HS6B09', 'PE', 'Miệng'),
  ('D000529', 6.5, '2024-09-03', 'HS6B09', 'PE', 'Miệng'),
  ('D000530', 8.6, '2024-10-02', 'HS6B09', 'PE', '15 phút'),
  ('D000531', 4.2, '2024-11-17', 'HS6B09', 'TEC', 'Miệng'),
  ('D000532', 6.8, '2024-10-02', 'HS6B09', 'TEC', 'Miệng'),
  ('D000533', 5.8, '2024-09-25', 'HS6B09', 'TEC', 'Miệng'),
  ('D000534', 9.5, '2024-09-19', 'HS6B09', 'CIV', '15 phút'),
  ('D000535', 5.1, '2024-10-01', 'HS6B09', 'CIV', 'Miệng'),
  ('D000536', 4.9, '2024-11-09', 'HS6B09', 'CIV', '1 tiết'),
  ('D000537', 4.6, '2024-11-25', 'HS6B10', 'BIO', 'Miệng'),
  ('D000538', 7.2, '2024-11-07', 'HS6B10', 'BIO', '1 tiết'),
  ('D000539', 5.0, '2024-11-01', 'HS6B10', 'BIO', 'Miệng'),
  ('D000540', 9.5, '2024-11-16', 'HS6B10', 'ENG', '1 tiết'),
  ('D000541', 8.2, '2024-09-15', 'HS6B10', 'ENG', 'Miệng'),
  ('D000542', 5.1, '2024-10-13', 'HS6B10', 'ENG', 'Cuối kỳ'),
  ('D000543', 5.3, '2024-09-14', 'HS6B10', 'ENG', 'Miệng'),
  ('D000544', 4.7, '2024-09-17', 'HS6B10', 'IT', '15 phút'),
  ('D000545', 7.0, '2024-10-23', 'HS6B10', 'IT', '1 tiết'),
  ('D000546', 7.3, '2024-09-03', 'HS6B10', 'IT', '1 tiết'),
  ('D000547', 7.0, '2024-10-10', 'HS6B10', 'IT', 'Cuối kỳ'),
  ('D000548', 7.6, '2024-10-22', 'HS6B10', 'IT', 'Cuối kỳ'),
  ('D000549', 7.3, '2024-10-28', 'HS6B10', 'PHY', 'Cuối kỳ'),
  ('D000550', 5.1, '2024-09-27', 'HS6B10', 'PHY', 'Cuối kỳ'),
  ('D000551', 9.6, '2024-10-06', 'HS6B10', 'PHY', 'Miệng'),
  ('D000552', 10.0, '2024-10-22', 'HS6B10', 'PHY', 'Miệng'),
  ('D000553', 4.9, '2024-10-23', 'HS6B11', 'HIS', 'Miệng'),
  ('D000554', 8.4, '2024-09-03', 'HS6B11', 'HIS', '1 tiết'),
  ('D000555', 9.9, '2024-10-07', 'HS6B11', 'HIS', 'Cuối kỳ'),
  ('D000556', 5.4, '2024-10-24', 'HS6B11', 'GEO', 'Cuối kỳ'),
  ('D000557', 5.7, '2024-11-25', 'HS6B11', 'GEO', '1 tiết'),
  ('D000558', 8.5, '2024-11-13', 'HS6B11', 'GEO', '1 tiết'),
  ('D000559', 8.0, '2024-10-16', 'HS6B11', 'IT', '1 tiết'),
  ('D000560', 4.9, '2024-10-04', 'HS6B11', 'IT', 'Miệng'),
  ('D000561', 5.5, '2024-10-08', 'HS6B11', 'IT', '15 phút'),
  ('D000562', 4.2, '2024-11-02', 'HS6B11', 'IT', 'Miệng'),
  ('D000563', 7.0, '2024-09-06', 'HS6B11', 'IT', 'Cuối kỳ'),
  ('D000564', 7.6, '2024-10-05', 'HS6B11', 'IT', '1 tiết'),
  ('D000565', 8.6, '2024-11-25', 'HS6B11', 'LIT', 'Cuối kỳ'),
  ('D000566', 8.8, '2024-09-10', 'HS6B11', 'LIT', 'Cuối kỳ'),
  ('D000567', 6.9, '2024-10-18', 'HS6B11', 'LIT', '1 tiết'),
  ('D000568', 9.3, '2024-09-13', 'HS6B12', 'IT', 'Cuối kỳ'),
  ('D000569', 5.9, '2024-10-15', 'HS6B12', 'IT', 'Cuối kỳ'),
  ('D000570', 4.2, '2024-09-18', 'HS6B12', 'IT', '1 tiết'),
  ('D000571', 9.3, '2024-09-16', 'HS6B12', 'IT', 'Cuối kỳ'),
  ('D000572', 4.8, '2024-11-13', 'HS6B12', 'IT', 'Cuối kỳ'),
  ('D000573', 8.6, '2024-11-22', 'HS6B12', 'IT', 'Cuối kỳ'),
  ('D000574', 6.9, '2024-09-17', 'HS6B12', 'TEC', 'Miệng'),
  ('D000575', 6.3, '2024-10-19', 'HS6B12', 'TEC', 'Cuối kỳ'),
  ('D000576', 7.7, '2024-10-25', 'HS6B12', 'TEC', '1 tiết'),
  ('D000577', 5.9, '2024-09-19', 'HS6B12', 'TEC', 'Miệng'),
  ('D000578', 4.8, '2024-10-12', 'HS6B12', 'TEC', 'Miệng'),
  ('D000579', 8.6, '2024-11-11', 'HS6B12', 'TEC', 'Cuối kỳ'),
  ('D000580', 6.6, '2024-10-14', 'HS6B12', 'MATH', '1 tiết'),
  ('D000581', 4.3, '2024-09-08', 'HS6B12', 'MATH', '15 phút'),
  ('D000582', 7.9, '2024-11-03', 'HS6B12', 'MATH', 'Miệng'),
  ('D000583', 4.7, '2024-09-01', 'HS6B12', 'PE', '1 tiết'),
  ('D000584', 4.2, '2024-11-28', 'HS6B12', 'PE', 'Cuối kỳ'),
  ('D000585', 7.4, '2024-10-09', 'HS6B12', 'PE', 'Miệng'),
  ('D000586', 8.2, '2024-11-01', 'HS6B12', 'PE', '1 tiết'),
  ('D000587', 6.3, '2024-10-11', 'HS6B12', 'PE', 'Miệng'),
  ('D000588', 7.0, '2024-11-11', 'HS6B13', 'GEO', '15 phút'),
  ('D000589', 7.7, '2024-10-14', 'HS6B13', 'GEO', '15 phút'),
  ('D000590', 7.0, '2024-09-27', 'HS6B13', 'GEO', '15 phút'),
  ('D000591', 5.7, '2024-09-10', 'HS6B13', 'GEO', 'Cuối kỳ'),
  ('D000592', 8.8, '2024-11-24', 'HS6B13', 'GEO', 'Miệng'),
  ('D000593', 8.3, '2024-11-04', 'HS6B13', 'GEO', '1 tiết'),
  ('D000594', 4.4, '2024-11-16', 'HS6B13', 'LIT', 'Cuối kỳ'),
  ('D000595', 5.3, '2024-09-21', 'HS6B13', 'LIT', '1 tiết'),
  ('D000596', 7.0, '2024-10-14', 'HS6B13', 'LIT', '1 tiết'),
  ('D000597', 5.2, '2024-10-09', 'HS6B13', 'LIT', 'Cuối kỳ'),
  ('D000598', 8.0, '2024-11-06', 'HS6B13', 'LIT', 'Miệng'),
  ('D000599', 7.5, '2024-09-22', 'HS6B13', 'PHY', 'Cuối kỳ'),
  ('D000600', 5.6, '2024-11-18', 'HS6B13', 'PHY', 'Cuối kỳ'),
  ('D000601', 9.6, '2024-11-21', 'HS6B13', 'PHY', 'Miệng'),
  ('D000602', 7.1, '2024-10-15', 'HS6B13', 'PHY', '15 phút'),
  ('D000603', 4.9, '2024-11-25', 'HS6B13', 'BIO', '1 tiết'),
  ('D000604', 9.1, '2024-10-11', 'HS6B13', 'BIO', 'Miệng'),
  ('D000605', 7.8, '2024-10-09', 'HS6B13', 'BIO', '1 tiết'),
  ('D000606', 7.9, '2024-10-22', 'HS6B13', 'BIO', '15 phút'),
  ('D000607', 4.2, '2024-10-15', 'HS6B14', 'HIS', 'Cuối kỳ'),
  ('D000608', 7.4, '2024-10-14', 'HS6B14', 'HIS', 'Miệng'),
  ('D000609', 5.2, '2024-10-05', 'HS6B14', 'HIS', 'Miệng'),
  ('D000610', 5.6, '2024-10-22', 'HS6B14', 'HIS', '15 phút'),
  ('D000611', 9.8, '2024-10-26', 'HS6B14', 'PHY', 'Miệng'),
  ('D000612', 4.3, '2024-09-11', 'HS6B14', 'PHY', '1 tiết'),
  ('D000613', 9.2, '2024-10-12', 'HS6B14', 'PHY', 'Miệng'),
  ('D000614', 9.7, '2024-11-27', 'HS6B14', 'LIT', '15 phút'),
  ('D000615', 5.4, '2024-11-24', 'HS6B14', 'LIT', 'Miệng'),
  ('D000616', 7.1, '2024-11-25', 'HS6B14', 'LIT', '1 tiết'),
  ('D000617', 7.0, '2024-09-08', 'HS6B14', 'LIT', 'Miệng'),
  ('D000618', 8.6, '2024-10-11', 'HS6B14', 'LIT', 'Cuối kỳ'),
  ('D000619', 8.8, '2024-11-08', 'HS6B14', 'LIT', 'Cuối kỳ'),
  ('D000620', 4.9, '2024-09-07', 'HS6B14', 'ENG', '1 tiết'),
  ('D000621', 6.6, '2024-10-28', 'HS6B14', 'ENG', 'Miệng'),
  ('D000622', 6.9, '2024-10-23', 'HS6B14', 'ENG', 'Miệng'),
  ('D000623', 5.9, '2024-10-16', 'HS6B14', 'ENG', '15 phút'),
  ('D000624', 8.9, '2024-09-21', 'HS6B15', 'CHE', 'Miệng'),
  ('D000625', 9.0, '2024-11-26', 'HS6B15', 'CHE', 'Miệng'),
  ('D000626', 8.1, '2024-11-08', 'HS6B15', 'CHE', '1 tiết'),
  ('D000627', 7.3, '2024-10-21', 'HS6B15', 'CHE', '1 tiết'),
  ('D000628', 9.4, '2024-11-04', 'HS6B15', 'CHE', '15 phút'),
  ('D000629', 6.3, '2024-10-09', 'HS6B15', 'ENG', '1 tiết'),
  ('D000630', 4.5, '2024-09-10', 'HS6B15', 'ENG', '15 phút'),
  ('D000631', 9.2, '2024-09-15', 'HS6B15', 'ENG', '1 tiết'),
  ('D000632', 9.3, '2024-11-14', 'HS6B15', 'ENG', 'Miệng'),
  ('D000633', 5.6, '2024-09-27', 'HS6B15', 'ENG', 'Cuối kỳ'),
  ('D000634', 6.8, '2024-10-27', 'HS6B15', 'ENG', '1 tiết'),
  ('D000635', 9.3, '2024-09-27', 'HS6B15', 'BIO', '15 phút'),
  ('D000636', 8.2, '2024-11-03', 'HS6B15', 'BIO', '1 tiết'),
  ('D000637', 6.5, '2024-11-27', 'HS6B15', 'BIO', '1 tiết'),
  ('D000638', 6.7, '2024-09-25', 'HS6B15', 'BIO', 'Miệng'),
  ('D000639', 7.8, '2024-09-21', 'HS6B15', 'BIO', 'Cuối kỳ'),
  ('D000640', 8.7, '2024-09-01', 'HS6B15', 'BIO', 'Cuối kỳ'),
  ('D000641', 7.8, '2024-10-19', 'HS6B15', 'GEO', 'Miệng'),
  ('D000642', 4.7, '2024-09-17', 'HS6B15', 'GEO', '15 phút'),
  ('D000643', 9.1, '2024-11-14', 'HS6B15', 'GEO', '1 tiết'),
  ('D000644', 6.7, '2024-11-05', 'HS6B15', 'GEO', '1 tiết'),
  ('D000645', 5.2, '2024-10-12', 'HS6B16', 'ENG', '15 phút'),
  ('D000646', 6.4, '2024-10-27', 'HS6B16', 'ENG', '15 phút'),
  ('D000647', 4.1, '2024-09-18', 'HS6B16', 'ENG', '15 phút'),
  ('D000648', 9.4, '2024-10-07', 'HS6B16', 'ENG', '1 tiết'),
  ('D000649', 8.2, '2024-09-02', 'HS6B16', 'ENG', 'Cuối kỳ'),
  ('D000650', 7.6, '2024-09-03', 'HS6B16', 'CIV', '1 tiết'),
  ('D000651', 5.0, '2024-11-04', 'HS6B16', 'CIV', 'Miệng'),
  ('D000652', 8.3, '2024-10-25', 'HS6B16', 'CIV', 'Cuối kỳ'),
  ('D000653', 9.0, '2024-10-04', 'HS6B16', 'CIV', '15 phút'),
  ('D000654', 8.3, '2024-09-28', 'HS6B16', 'CIV', '1 tiết'),
  ('D000655', 5.7, '2024-10-13', 'HS6B16', 'CIV', '15 phút'),
  ('D000656', 9.1, '2024-11-07', 'HS6B16', 'PE', '1 tiết'),
  ('D000657', 8.4, '2024-09-14', 'HS6B16', 'PE', '15 phút'),
  ('D000658', 6.5, '2024-09-01', 'HS6B16', 'PE', '1 tiết'),
  ('D000659', 9.9, '2024-09-20', 'HS6B16', 'PE', 'Cuối kỳ'),
  ('D000660', 9.4, '2024-10-19', 'HS6B16', 'PE', 'Cuối kỳ'),
  ('D000661', 4.5, '2024-10-05', 'HS6B16', 'PE', '1 tiết'),
  ('D000662', 8.1, '2024-11-13', 'HS6B16', 'BIO', 'Cuối kỳ'),
  ('D000663', 8.4, '2024-10-03', 'HS6B16', 'BIO', 'Miệng'),
  ('D000664', 7.3, '2024-09-11', 'HS6B16', 'BIO', '15 phút'),
  ('D000665', 6.8, '2024-10-20', 'HS6B16', 'BIO', 'Miệng'),
  ('D000666', 4.0, '2024-11-20', 'HS6B16', 'BIO', 'Cuối kỳ'),
  ('D000667', 5.8, '2024-10-22', 'HS6B16', 'BIO', '1 tiết'),
  ('D000668', 5.0, '2024-10-11', 'HS6B17', 'ENG', 'Cuối kỳ'),
  ('D000669', 4.8, '2024-10-23', 'HS6B17', 'ENG', 'Cuối kỳ'),
  ('D000670', 4.9, '2024-09-11', 'HS6B17', 'ENG', 'Miệng'),
  ('D000671', 9.9, '2024-10-28', 'HS6B17', 'ENG', '1 tiết'),
  ('D000672', 8.5, '2024-10-10', 'HS6B17', 'ENG', '1 tiết'),
  ('D000673', 7.1, '2024-10-06', 'HS6B17', 'IT', '1 tiết'),
  ('D000674', 8.4, '2024-10-25', 'HS6B17', 'IT', '15 phút'),
  ('D000675', 7.3, '2024-11-21', 'HS6B17', 'IT', 'Cuối kỳ'),
  ('D000676', 4.3, '2024-09-02', 'HS6B17', 'IT', '15 phút'),
  ('D000677', 5.1, '2024-10-09', 'HS6B17', 'IT', '15 phút'),
  ('D000678', 6.6, '2024-10-02', 'HS6B17', 'MATH', 'Cuối kỳ'),
  ('D000679', 6.1, '2024-11-18', 'HS6B17', 'MATH', 'Cuối kỳ'),
  ('D000680', 6.7, '2024-09-28', 'HS6B17', 'MATH', '15 phút'),
  ('D000681', 4.7, '2024-09-07', 'HS6B17', 'MATH', '1 tiết'),
  ('D000682', 5.1, '2024-09-24', 'HS6B17', 'MATH', '1 tiết'),
  ('D000683', 7.4, '2024-11-19', 'HS6B17', 'MATH', '15 phút'),
  ('D000684', 7.2, '2024-11-06', 'HS6B17', 'TEC', 'Cuối kỳ'),
  ('D000685', 9.5, '2024-09-25', 'HS6B17', 'TEC', 'Cuối kỳ'),
  ('D000686', 8.1, '2024-10-01', 'HS6B17', 'TEC', '1 tiết'),
  ('D000687', 7.5, '2024-09-27', 'HS6B18', 'CIV', '1 tiết'),
  ('D000688', 4.9, '2024-09-15', 'HS6B18', 'CIV', 'Cuối kỳ'),
  ('D000689', 6.7, '2024-10-20', 'HS6B18', 'CIV', 'Miệng'),
  ('D000690', 6.0, '2024-09-21', 'HS6B18', 'CIV', 'Cuối kỳ'),
  ('D000691', 5.9, '2024-11-24', 'HS6B18', 'CIV', '15 phút'),
  ('D000692', 9.2, '2024-11-10', 'HS6B18', 'TEC', '1 tiết'),
  ('D000693', 8.8, '2024-11-03', 'HS6B18', 'TEC', 'Cuối kỳ'),
  ('D000694', 4.6, '2024-10-06', 'HS6B18', 'TEC', '15 phút'),
  ('D000695', 9.8, '2024-10-03', 'HS6B18', 'TEC', 'Miệng'),
  ('D000696', 5.0, '2024-10-10', 'HS6B18', 'LIT', '15 phút'),
  ('D000697', 4.7, '2024-10-26', 'HS6B18', 'LIT', 'Cuối kỳ'),
  ('D000698', 8.4, '2024-10-22', 'HS6B18', 'LIT', '15 phút'),
  ('D000699', 6.2, '2024-09-27', 'HS6B18', 'LIT', '1 tiết'),
  ('D000700', 6.9, '2024-10-16', 'HS6B18', 'HIS', '1 tiết'),
  ('D000701', 7.4, '2024-10-03', 'HS6B18', 'HIS', 'Cuối kỳ'),
  ('D000702', 8.9, '2024-11-06', 'HS6B18', 'HIS', 'Cuối kỳ'),
  ('D000703', 7.8, '2024-09-02', 'HS6B18', 'HIS', '1 tiết'),
  ('D000704', 7.2, '2024-11-17', 'HS6B19', 'GEO', 'Miệng'),
  ('D000705', 5.7, '2024-10-03', 'HS6B19', 'GEO', 'Cuối kỳ'),
  ('D000706', 5.8, '2024-09-22', 'HS6B19', 'GEO', '1 tiết'),
  ('D000707', 9.0, '2024-11-14', 'HS6B19', 'GEO', '1 tiết'),
  ('D000708', 7.4, '2024-11-03', 'HS6B19', 'GEO', 'Miệng'),
  ('D000709', 7.1, '2024-11-14', 'HS6B19', 'GEO', 'Cuối kỳ'),
  ('D000710', 6.8, '2024-11-19', 'HS6B19', 'CIV', '1 tiết'),
  ('D000711', 6.1, '2024-11-03', 'HS6B19', 'CIV', 'Miệng'),
  ('D000712', 4.7, '2024-11-15', 'HS6B19', 'CIV', '15 phút'),
  ('D000713', 9.1, '2024-09-03', 'HS6B19', 'PHY', 'Cuối kỳ'),
  ('D000714', 9.3, '2024-10-11', 'HS6B19', 'PHY', 'Cuối kỳ'),
  ('D000715', 8.5, '2024-10-20', 'HS6B19', 'PHY', '1 tiết'),
  ('D000716', 6.0, '2024-09-07', 'HS6B19', 'PHY', '15 phút'),
  ('D000717', 8.5, '2024-11-09', 'HS6B19', 'ENG', 'Miệng'),
  ('D000718', 6.6, '2024-09-01', 'HS6B19', 'ENG', 'Cuối kỳ'),
  ('D000719', 4.7, '2024-09-21', 'HS6B19', 'ENG', 'Cuối kỳ'),
  ('D000720', 7.7, '2024-11-12', 'HS6B20', 'GEO', 'Cuối kỳ'),
  ('D000721', 8.8, '2024-09-05', 'HS6B20', 'GEO', '15 phút'),
  ('D000722', 4.1, '2024-09-27', 'HS6B20', 'GEO', 'Miệng'),
  ('D000723', 8.2, '2024-09-28', 'HS6B20', 'GEO', 'Miệng'),
  ('D000724', 5.3, '2024-11-05', 'HS6B20', 'GEO', '15 phút'),
  ('D000725', 9.1, '2024-11-07', 'HS6B20', 'HIS', 'Miệng'),
  ('D000726', 5.8, '2024-10-05', 'HS6B20', 'HIS', 'Cuối kỳ'),
  ('D000727', 6.5, '2024-09-06', 'HS6B20', 'HIS', '15 phút'),
  ('D000728', 8.4, '2024-10-16', 'HS6B20', 'HIS', 'Cuối kỳ'),
  ('D000729', 4.1, '2024-10-19', 'HS6B20', 'HIS', '15 phút'),
  ('D000730', 5.2, '2024-11-27', 'HS6B20', 'HIS', 'Cuối kỳ'),
  ('D000731', 6.0, '2024-09-21', 'HS6B20', 'PE', 'Cuối kỳ'),
  ('D000732', 9.9, '2024-10-24', 'HS6B20', 'PE', '1 tiết'),
  ('D000733', 4.2, '2024-10-16', 'HS6B20', 'PE', 'Cuối kỳ'),
  ('D000734', 8.3, '2024-11-01', 'HS6B20', 'TEC', 'Cuối kỳ'),
  ('D000735', 7.5, '2024-11-03', 'HS6B20', 'TEC', '1 tiết'),
  ('D000736', 9.4, '2024-10-16', 'HS6B20', 'TEC', 'Miệng'),
  ('D000737', 7.0, '2024-11-12', 'HS6B20', 'TEC', 'Cuối kỳ'),
  ('D000738', 8.4, '2024-10-12', 'HS7A01', 'TEC', 'Cuối kỳ'),
  ('D000739', 5.4, '2024-09-19', 'HS7A01', 'TEC', '1 tiết'),
  ('D000740', 9.5, '2024-11-22', 'HS7A01', 'TEC', 'Cuối kỳ'),
  ('D000741', 4.8, '2024-10-24', 'HS7A01', 'TEC', 'Cuối kỳ'),
  ('D000742', 9.8, '2024-11-21', 'HS7A01', 'TEC', '1 tiết'),
  ('D000743', 8.8, '2024-09-20', 'HS7A01', 'HIS', '15 phút'),
  ('D000744', 5.7, '2024-11-03', 'HS7A01', 'HIS', 'Cuối kỳ'),
  ('D000745', 4.8, '2024-09-06', 'HS7A01', 'HIS', 'Cuối kỳ'),
  ('D000746', 4.6, '2024-10-16', 'HS7A01', 'HIS', '1 tiết'),
  ('D000747', 5.4, '2024-11-02', 'HS7A01', 'HIS', 'Miệng'),
  ('D000748', 6.2, '2024-10-12', 'HS7A01', 'HIS', '15 phút'),
  ('D000749', 9.0, '2024-11-02', 'HS7A01', 'MATH', 'Miệng'),
  ('D000750', 6.0, '2024-09-20', 'HS7A01', 'MATH', '15 phút'),
  ('D000751', 4.7, '2024-09-16', 'HS7A01', 'MATH', '1 tiết'),
  ('D000752', 10.0, '2024-10-25', 'HS7A01', 'MATH', 'Miệng'),
  ('D000753', 9.4, '2024-11-28', 'HS7A01', 'ENG', 'Miệng'),
  ('D000754', 8.2, '2024-10-26', 'HS7A01', 'ENG', 'Cuối kỳ'),
  ('D000755', 9.8, '2024-09-04', 'HS7A01', 'ENG', 'Miệng'),
  ('D000756', 8.9, '2024-09-17', 'HS7A01', 'ENG', 'Miệng'),
  ('D000757', 5.0, '2024-09-28', 'HS7A01', 'ENG', '15 phút'),
  ('D000758', 8.4, '2024-09-05', 'HS7A02', 'BIO', '1 tiết'),
  ('D000759', 6.0, '2024-09-04', 'HS7A02', 'BIO', '15 phút'),
  ('D000760', 6.6, '2024-10-25', 'HS7A02', 'BIO', 'Miệng'),
  ('D000761', 5.5, '2024-10-11', 'HS7A02', 'BIO', '1 tiết'),
  ('D000762', 7.0, '2024-09-09', 'HS7A02', 'BIO', '1 tiết'),
  ('D000763', 8.3, '2024-10-12', 'HS7A02', 'BIO', '15 phút'),
  ('D000764', 8.5, '2024-11-14', 'HS7A02', 'ENG', '15 phút'),
  ('D000765', 4.8, '2024-10-14', 'HS7A02', 'ENG', 'Cuối kỳ'),
  ('D000766', 9.4, '2024-11-26', 'HS7A02', 'ENG', '1 tiết'),
  ('D000767', 9.7, '2024-10-05', 'HS7A02', 'ENG', 'Miệng'),
  ('D000768', 4.5, '2024-10-13', 'HS7A02', 'CHE', '15 phút'),
  ('D000769', 6.6, '2024-10-25', 'HS7A02', 'CHE', 'Miệng'),
  ('D000770', 8.0, '2024-11-05', 'HS7A02', 'CHE', 'Miệng'),
  ('D000771', 6.5, '2024-11-23', 'HS7A02', 'GEO', '1 tiết'),
  ('D000772', 8.3, '2024-10-12', 'HS7A02', 'GEO', 'Miệng'),
  ('D000773', 9.0, '2024-11-20', 'HS7A02', 'GEO', '15 phút'),
  ('D000774', 8.2, '2024-10-21', 'HS7A02', 'GEO', '15 phút'),
  ('D000775', 9.3, '2024-11-26', 'HS7A02', 'GEO', 'Cuối kỳ'),
  ('D000776', 4.5, '2024-11-11', 'HS7A03', 'TEC', 'Cuối kỳ'),
  ('D000777', 8.4, '2024-11-05', 'HS7A03', 'TEC', '1 tiết'),
  ('D000778', 5.3, '2024-11-18', 'HS7A03', 'TEC', '1 tiết'),
  ('D000779', 7.1, '2024-11-06', 'HS7A03', 'TEC', 'Miệng'),
  ('D000780', 4.2, '2024-11-19', 'HS7A03', 'TEC', '1 tiết'),
  ('D000781', 9.0, '2024-10-24', 'HS7A03', 'BIO', 'Cuối kỳ'),
  ('D000782', 9.9, '2024-09-24', 'HS7A03', 'BIO', 'Miệng'),
  ('D000783', 9.0, '2024-10-21', 'HS7A03', 'BIO', '1 tiết'),
  ('D000784', 4.7, '2024-11-04', 'HS7A03', 'BIO', 'Cuối kỳ'),
  ('D000785', 7.4, '2024-09-15', 'HS7A03', 'HIS', '1 tiết'),
  ('D000786', 9.9, '2024-11-19', 'HS7A03', 'HIS', '15 phút'),
  ('D000787', 6.1, '2024-10-22', 'HS7A03', 'HIS', '15 phút'),
  ('D000788', 8.3, '2024-11-24', 'HS7A03', 'HIS', '15 phút'),
  ('D000789', 4.6, '2024-11-19', 'HS7A03', 'HIS', '15 phút'),
  ('D000790', 6.7, '2024-09-23', 'HS7A03', 'PHY', 'Cuối kỳ'),
  ('D000791', 9.0, '2024-09-03', 'HS7A03', 'PHY', 'Miệng'),
  ('D000792', 6.5, '2024-09-16', 'HS7A03', 'PHY', '15 phút'),
  ('D000793', 6.7, '2024-10-22', 'HS7A03', 'PHY', 'Cuối kỳ'),
  ('D000794', 7.5, '2024-11-25', 'HS7A03', 'PHY', 'Cuối kỳ'),
  ('D000795', 8.1, '2024-10-24', 'HS7A04', 'CHE', 'Cuối kỳ'),
  ('D000796', 8.9, '2024-09-17', 'HS7A04', 'CHE', '15 phút'),
  ('D000797', 6.9, '2024-10-05', 'HS7A04', 'CHE', 'Miệng'),
  ('D000798', 8.2, '2024-10-16', 'HS7A04', 'CHE', 'Miệng'),
  ('D000799', 8.5, '2024-11-12', 'HS7A04', 'CHE', 'Miệng'),
  ('D000800', 7.6, '2024-10-04', 'HS7A04', 'CHE', 'Miệng'),
  ('D000801', 7.4, '2024-09-17', 'HS7A04', 'PE', '15 phút'),
  ('D000802', 4.7, '2024-10-12', 'HS7A04', 'PE', '1 tiết'),
  ('D000803', 5.8, '2024-09-26', 'HS7A04', 'PE', '15 phút'),
  ('D000804', 4.9, '2024-11-14', 'HS7A04', 'PE', 'Miệng'),
  ('D000805', 9.6, '2024-10-10', 'HS7A04', 'PE', '15 phút'),
  ('D000806', 8.9, '2024-10-01', 'HS7A04', 'GEO', 'Miệng'),
  ('D000807', 7.3, '2024-09-28', 'HS7A04', 'GEO', 'Miệng'),
  ('D000808', 6.5, '2024-11-10', 'HS7A04', 'GEO', 'Cuối kỳ'),
  ('D000809', 9.4, '2024-10-16', 'HS7A04', 'GEO', '15 phút'),
  ('D000810', 7.0, '2024-10-25', 'HS7A04', 'HIS', 'Cuối kỳ'),
  ('D000811', 8.0, '2024-09-28', 'HS7A04', 'HIS', '1 tiết'),
  ('D000812', 4.5, '2024-11-22', 'HS7A04', 'HIS', 'Cuối kỳ'),
  ('D000813', 6.3, '2024-10-11', 'HS7A04', 'HIS', 'Miệng'),
  ('D000814', 8.2, '2024-11-21', 'HS7A05', 'CIV', '1 tiết'),
  ('D000815', 7.4, '2024-09-21', 'HS7A05', 'CIV', 'Miệng'),
  ('D000816', 5.2, '2024-11-18', 'HS7A05', 'CIV', 'Miệng'),
  ('D000817', 9.7, '2024-11-07', 'HS7A05', 'CIV', 'Cuối kỳ'),
  ('D000818', 4.7, '2024-11-06', 'HS7A05', 'GEO', 'Miệng'),
  ('D000819', 5.6, '2024-09-08', 'HS7A05', 'GEO', 'Cuối kỳ'),
  ('D000820', 4.5, '2024-11-20', 'HS7A05', 'GEO', '1 tiết'),
  ('D000821', 7.5, '2024-10-28', 'HS7A05', 'CHE', 'Miệng'),
  ('D000822', 6.0, '2024-09-14', 'HS7A05', 'CHE', 'Miệng'),
  ('D000823', 9.2, '2024-10-13', 'HS7A05', 'CHE', '1 tiết'),
  ('D000824', 4.5, '2024-09-18', 'HS7A05', 'CHE', '15 phút'),
  ('D000825', 5.7, '2024-09-09', 'HS7A05', 'CHE', 'Miệng'),
  ('D000826', 4.9, '2024-10-22', 'HS7A05', 'CHE', '15 phút'),
  ('D000827', 7.7, '2024-10-06', 'HS7A05', 'LIT', 'Miệng'),
  ('D000828', 8.3, '2024-10-13', 'HS7A05', 'LIT', 'Miệng'),
  ('D000829', 5.9, '2024-10-11', 'HS7A05', 'LIT', '1 tiết'),
  ('D000830', 8.5, '2024-11-08', 'HS7A06', 'HIS', 'Cuối kỳ'),
  ('D000831', 7.1, '2024-11-13', 'HS7A06', 'HIS', 'Miệng'),
  ('D000832', 5.6, '2024-10-15', 'HS7A06', 'HIS', 'Cuối kỳ'),
  ('D000833', 4.4, '2024-09-14', 'HS7A06', 'HIS', '15 phút'),
  ('D000834', 5.6, '2024-11-22', 'HS7A06', 'LIT', 'Miệng'),
  ('D000835', 5.5, '2024-11-21', 'HS7A06', 'LIT', '15 phút'),
  ('D000836', 5.8, '2024-10-15', 'HS7A06', 'LIT', 'Miệng'),
  ('D000837', 8.7, '2024-09-12', 'HS7A06', 'MATH', '15 phút'),
  ('D000838', 8.7, '2024-11-14', 'HS7A06', 'MATH', 'Cuối kỳ'),
  ('D000839', 4.3, '2024-10-27', 'HS7A06', 'MATH', '1 tiết'),
  ('D000840', 7.9, '2024-09-01', 'HS7A06', 'MATH', 'Miệng'),
  ('D000841', 5.6, '2024-10-27', 'HS7A06', 'PHY', 'Cuối kỳ'),
  ('D000842', 10.0, '2024-11-07', 'HS7A06', 'PHY', '1 tiết'),
  ('D000843', 4.3, '2024-11-18', 'HS7A06', 'PHY', 'Miệng'),
  ('D000844', 5.8, '2024-10-23', 'HS7A06', 'PHY', 'Miệng'),
  ('D000845', 9.0, '2024-11-18', 'HS7A06', 'PHY', '1 tiết'),
  ('D000846', 9.3, '2024-09-20', 'HS7A06', 'PHY', '1 tiết'),
  ('D000847', 5.5, '2024-10-11', 'HS7A07', 'CIV', '15 phút'),
  ('D000848', 6.8, '2024-11-11', 'HS7A07', 'CIV', 'Miệng'),
  ('D000849', 9.5, '2024-09-21', 'HS7A07', 'CIV', 'Miệng'),
  ('D000850', 7.7, '2024-09-01', 'HS7A07', 'CIV', '15 phút'),
  ('D000851', 6.5, '2024-11-23', 'HS7A07', 'CIV', 'Cuối kỳ'),
  ('D000852', 7.2, '2024-11-21', 'HS7A07', 'BIO', 'Miệng'),
  ('D000853', 7.2, '2024-11-15', 'HS7A07', 'BIO', 'Miệng'),
  ('D000854', 6.1, '2024-10-27', 'HS7A07', 'BIO', '1 tiết'),
  ('D000855', 6.3, '2024-11-01', 'HS7A07', 'BIO', 'Miệng'),
  ('D000856', 6.8, '2024-09-15', 'HS7A07', 'BIO', 'Miệng'),
  ('D000857', 5.3, '2024-09-25', 'HS7A07', 'BIO', '1 tiết'),
  ('D000858', 5.1, '2024-11-21', 'HS7A07', 'CHE', '1 tiết'),
  ('D000859', 8.9, '2024-09-08', 'HS7A07', 'CHE', 'Cuối kỳ'),
  ('D000860', 9.8, '2024-09-09', 'HS7A07', 'CHE', 'Cuối kỳ'),
  ('D000861', 9.4, '2024-11-20', 'HS7A07', 'CHE', '15 phút'),
  ('D000862', 4.0, '2024-11-13', 'HS7A07', 'CHE', 'Miệng'),
  ('D000863', 7.4, '2024-10-06', 'HS7A07', 'GEO', '15 phút'),
  ('D000864', 8.0, '2024-11-22', 'HS7A07', 'GEO', '15 phút'),
  ('D000865', 4.4, '2024-09-24', 'HS7A07', 'GEO', 'Miệng'),
  ('D000866', 4.8, '2024-11-28', 'HS7A07', 'GEO', '15 phút'),
  ('D000867', 9.3, '2024-11-26', 'HS7A07', 'GEO', '1 tiết'),
  ('D000868', 8.1, '2024-10-01', 'HS7A08', 'PHY', 'Cuối kỳ'),
  ('D000869', 7.8, '2024-11-02', 'HS7A08', 'PHY', '1 tiết'),
  ('D000870', 6.6, '2024-10-09', 'HS7A08', 'PHY', 'Miệng'),
  ('D000871', 8.1, '2024-10-16', 'HS7A08', 'PHY', '1 tiết'),
  ('D000872', 7.1, '2024-09-24', 'HS7A08', 'PHY', '15 phút'),
  ('D000873', 5.7, '2024-10-18', 'HS7A08', 'CIV', 'Cuối kỳ'),
  ('D000874', 5.9, '2024-10-07', 'HS7A08', 'CIV', '1 tiết'),
  ('D000875', 4.5, '2024-11-26', 'HS7A08', 'CIV', 'Miệng'),
  ('D000876', 9.9, '2024-10-03', 'HS7A08', 'MATH', '15 phút'),
  ('D000877', 5.2, '2024-10-10', 'HS7A08', 'MATH', 'Miệng'),
  ('D000878', 7.8, '2024-09-01', 'HS7A08', 'MATH', 'Cuối kỳ'),
  ('D000879', 6.6, '2024-09-19', 'HS7A08', 'MATH', '1 tiết'),
  ('D000880', 5.5, '2024-10-08', 'HS7A08', 'IT', '1 tiết'),
  ('D000881', 9.0, '2024-10-17', 'HS7A08', 'IT', '15 phút'),
  ('D000882', 9.7, '2024-11-20', 'HS7A08', 'IT', 'Cuối kỳ'),
  ('D000883', 8.6, '2024-11-15', 'HS7A08', 'IT', 'Miệng'),
  ('D000884', 4.5, '2024-09-02', 'HS7A08', 'IT', 'Cuối kỳ'),
  ('D000885', 4.3, '2024-11-21', 'HS7A09', 'BIO', 'Cuối kỳ'),
  ('D000886', 4.4, '2024-11-02', 'HS7A09', 'BIO', 'Miệng'),
  ('D000887', 5.8, '2024-10-13', 'HS7A09', 'BIO', 'Miệng'),
  ('D000888', 7.7, '2024-10-08', 'HS7A09', 'BIO', 'Miệng'),
  ('D000889', 6.7, '2024-10-26', 'HS7A09', 'BIO', 'Cuối kỳ'),
  ('D000890', 9.3, '2024-11-04', 'HS7A09', 'BIO', '1 tiết'),
  ('D000891', 6.7, '2024-10-19', 'HS7A09', 'LIT', '15 phút'),
  ('D000892', 4.6, '2024-09-20', 'HS7A09', 'LIT', 'Miệng'),
  ('D000893', 7.6, '2024-09-19', 'HS7A09', 'LIT', '15 phút'),
  ('D000894', 6.1, '2024-10-24', 'HS7A09', 'ENG', 'Cuối kỳ'),
  ('D000895', 5.1, '2024-09-26', 'HS7A09', 'ENG', 'Miệng'),
  ('D000896', 4.4, '2024-10-19', 'HS7A09', 'ENG', 'Cuối kỳ'),
  ('D000897', 7.1, '2024-11-25', 'HS7A09', 'ENG', '1 tiết'),
  ('D000898', 5.9, '2024-11-25', 'HS7A09', 'ENG', '15 phút'),
  ('D000899', 6.8, '2024-11-11', 'HS7A09', 'MATH', '1 tiết'),
  ('D000900', 6.2, '2024-09-17', 'HS7A09', 'MATH', '15 phút'),
  ('D000901', 4.3, '2024-11-27', 'HS7A09', 'MATH', 'Miệng'),
  ('D000902', 6.5, '2024-09-07', 'HS7A09', 'MATH', '15 phút'),
  ('D000903', 7.6, '2024-10-28', 'HS7A10', 'LIT', '1 tiết'),
  ('D000904', 7.7, '2024-10-11', 'HS7A10', 'LIT', '15 phút'),
  ('D000905', 4.6, '2024-09-16', 'HS7A10', 'LIT', '15 phút'),
  ('D000906', 9.5, '2024-11-08', 'HS7A10', 'LIT', '15 phút'),
  ('D000907', 6.8, '2024-09-08', 'HS7A10', 'LIT', 'Cuối kỳ'),
  ('D000908', 8.4, '2024-10-26', 'HS7A10', 'LIT', 'Cuối kỳ'),
  ('D000909', 6.4, '2024-09-12', 'HS7A10', 'BIO', 'Miệng'),
  ('D000910', 4.4, '2024-09-18', 'HS7A10', 'BIO', 'Miệng'),
  ('D000911', 4.9, '2024-10-07', 'HS7A10', 'BIO', '1 tiết'),
  ('D000912', 4.3, '2024-09-07', 'HS7A10', 'BIO', '15 phút'),
  ('D000913', 5.0, '2024-10-24', 'HS7A10', 'PHY', '15 phút'),
  ('D000914', 6.0, '2024-11-08', 'HS7A10', 'PHY', '15 phút'),
  ('D000915', 5.2, '2024-09-27', 'HS7A10', 'PHY', '1 tiết'),
  ('D000916', 9.5, '2024-09-27', 'HS7A10', 'PHY', '15 phút'),
  ('D000917', 6.3, '2024-09-11', 'HS7A10', 'PHY', '15 phút'),
  ('D000918', 6.7, '2024-10-26', 'HS7A10', 'GEO', '1 tiết'),
  ('D000919', 8.0, '2024-11-26', 'HS7A10', 'GEO', 'Cuối kỳ'),
  ('D000920', 9.3, '2024-09-04', 'HS7A10', 'GEO', '15 phút'),
  ('D000921', 9.3, '2024-09-26', 'HS7A10', 'GEO', '15 phút'),
  ('D000922', 5.2, '2024-10-23', 'HS7A10', 'GEO', '1 tiết'),
  ('D000923', 8.6, '2024-11-07', 'HS7A11', 'BIO', '1 tiết'),
  ('D000924', 8.7, '2024-10-08', 'HS7A11', 'BIO', 'Miệng'),
  ('D000925', 7.8, '2024-10-28', 'HS7A11', 'BIO', '15 phút'),
  ('D000926', 5.3, '2024-09-26', 'HS7A11', 'PE', 'Cuối kỳ'),
  ('D000927', 8.7, '2024-11-03', 'HS7A11', 'PE', '15 phút'),
  ('D000928', 7.1, '2024-11-25', 'HS7A11', 'PE', '1 tiết'),
  ('D000929', 7.0, '2024-10-06', 'HS7A11', 'PE', '1 tiết'),
  ('D000930', 8.3, '2024-11-23', 'HS7A11', 'PE', 'Cuối kỳ'),
  ('D000931', 8.3, '2024-10-16', 'HS7A11', 'PE', '1 tiết'),
  ('D000932', 7.8, '2024-11-21', 'HS7A11', 'HIS', 'Miệng'),
  ('D000933', 5.2, '2024-09-15', 'HS7A11', 'HIS', '15 phút'),
  ('D000934', 6.4, '2024-10-14', 'HS7A11', 'HIS', 'Cuối kỳ'),
  ('D000935', 7.4, '2024-10-09', 'HS7A11', 'HIS', 'Miệng'),
  ('D000936', 4.8, '2024-09-10', 'HS7A11', 'HIS', 'Cuối kỳ'),
  ('D000937', 7.1, '2024-09-19', 'HS7A11', 'HIS', 'Miệng'),
  ('D000938', 7.1, '2024-10-14', 'HS7A11', 'PHY', 'Cuối kỳ'),
  ('D000939', 6.8, '2024-10-12', 'HS7A11', 'PHY', 'Cuối kỳ'),
  ('D000940', 5.9, '2024-10-01', 'HS7A11', 'PHY', '15 phút'),
  ('D000941', 6.7, '2024-10-21', 'HS7A11', 'PHY', 'Miệng'),
  ('D000942', 6.2, '2024-09-10', 'HS7A11', 'PHY', 'Miệng'),
  ('D000943', 8.7, '2024-09-04', 'HS7A11', 'PHY', 'Miệng'),
  ('D000944', 6.0, '2024-11-11', 'HS7A12', 'LIT', '1 tiết'),
  ('D000945', 5.8, '2024-11-28', 'HS7A12', 'LIT', '1 tiết'),
  ('D000946', 5.1, '2024-11-05', 'HS7A12', 'LIT', '1 tiết'),
  ('D000947', 4.1, '2024-10-10', 'HS7A12', 'LIT', '1 tiết'),
  ('D000948', 9.7, '2024-11-25', 'HS7A12', 'BIO', 'Miệng'),
  ('D000949', 6.8, '2024-11-25', 'HS7A12', 'BIO', '15 phút'),
  ('D000950', 9.2, '2024-09-08', 'HS7A12', 'BIO', '15 phút'),
  ('D000951', 6.8, '2024-11-19', 'HS7A12', 'BIO', 'Cuối kỳ'),
  ('D000952', 8.3, '2024-10-11', 'HS7A12', 'BIO', 'Miệng'),
  ('D000953', 5.9, '2024-09-14', 'HS7A12', 'BIO', 'Cuối kỳ'),
  ('D000954', 6.6, '2024-11-01', 'HS7A12', 'MATH', '1 tiết'),
  ('D000955', 4.8, '2024-09-10', 'HS7A12', 'MATH', 'Miệng'),
  ('D000956', 7.0, '2024-11-27', 'HS7A12', 'MATH', '1 tiết'),
  ('D000957', 6.0, '2024-10-14', 'HS7A12', 'MATH', 'Cuối kỳ'),
  ('D000958', 6.0, '2024-09-19', 'HS7A12', 'IT', 'Miệng'),
  ('D000959', 9.5, '2024-09-11', 'HS7A12', 'IT', 'Cuối kỳ'),
  ('D000960', 9.9, '2024-09-13', 'HS7A12', 'IT', 'Miệng'),
  ('D000961', 7.2, '2024-09-16', 'HS7A12', 'IT', 'Miệng'),
  ('D000962', 6.0, '2024-10-21', 'HS7A12', 'IT', '1 tiết'),
  ('D000963', 4.2, '2024-11-20', 'HS7A13', 'LIT', 'Cuối kỳ'),
  ('D000964', 4.2, '2024-09-03', 'HS7A13', 'LIT', 'Cuối kỳ'),
  ('D000965', 5.7, '2024-09-10', 'HS7A13', 'LIT', 'Miệng'),
  ('D000966', 6.7, '2024-10-17', 'HS7A13', 'LIT', 'Miệng'),
  ('D000967', 6.0, '2024-10-13', 'HS7A13', 'ENG', '15 phút'),
  ('D000968', 9.9, '2024-09-18', 'HS7A13', 'ENG', 'Cuối kỳ'),
  ('D000969', 6.9, '2024-09-13', 'HS7A13', 'ENG', '15 phút'),
  ('D000970', 4.8, '2024-09-10', 'HS7A13', 'ENG', 'Cuối kỳ'),
  ('D000971', 5.0, '2024-11-10', 'HS7A13', 'TEC', '15 phút'),
  ('D000972', 7.0, '2024-11-15', 'HS7A13', 'TEC', '1 tiết'),
  ('D000973', 5.2, '2024-09-15', 'HS7A13', 'TEC', 'Miệng'),
  ('D000974', 8.9, '2024-11-26', 'HS7A13', 'TEC', '15 phút'),
  ('D000975', 7.2, '2024-11-16', 'HS7A13', 'TEC', 'Cuối kỳ'),
  ('D000976', 6.8, '2024-09-24', 'HS7A13', 'TEC', 'Miệng'),
  ('D000977', 7.9, '2024-10-12', 'HS7A13', 'IT', '1 tiết'),
  ('D000978', 6.3, '2024-09-14', 'HS7A13', 'IT', '15 phút'),
  ('D000979', 5.1, '2024-11-24', 'HS7A13', 'IT', 'Cuối kỳ'),
  ('D000980', 6.7, '2024-11-06', 'HS7A13', 'IT', 'Miệng'),
  ('D000981', 6.4, '2024-09-08', 'HS7A13', 'IT', '15 phút'),
  ('D000982', 8.2, '2024-11-07', 'HS7A14', 'CHE', 'Cuối kỳ'),
  ('D000983', 6.5, '2024-11-04', 'HS7A14', 'CHE', '1 tiết'),
  ('D000984', 4.5, '2024-09-17', 'HS7A14', 'CHE', '1 tiết'),
  ('D000985', 6.7, '2024-10-07', 'HS7A14', 'CIV', 'Miệng'),
  ('D000986', 6.8, '2024-09-21', 'HS7A14', 'CIV', 'Cuối kỳ'),
  ('D000987', 6.3, '2024-11-13', 'HS7A14', 'CIV', '15 phút'),
  ('D000988', 6.4, '2024-09-09', 'HS7A14', 'CIV', 'Miệng'),
  ('D000989', 8.3, '2024-09-11', 'HS7A14', 'CIV', 'Cuối kỳ'),
  ('D000990', 6.9, '2024-09-03', 'HS7A14', 'CIV', '15 phút'),
  ('D000991', 4.8, '2024-10-27', 'HS7A14', 'IT', '15 phút'),
  ('D000992', 5.0, '2024-09-20', 'HS7A14', 'IT', 'Miệng'),
  ('D000993', 5.1, '2024-09-18', 'HS7A14', 'IT', 'Cuối kỳ'),
  ('D000994', 5.0, '2024-11-25', 'HS7A14', 'IT', 'Miệng'),
  ('D000995', 8.1, '2024-09-15', 'HS7A14', 'IT', '1 tiết'),
  ('D000996', 5.1, '2024-11-02', 'HS7A14', 'IT', '15 phút'),
  ('D000997', 8.2, '2024-11-26', 'HS7A14', 'TEC', 'Miệng'),
  ('D000998', 6.3, '2024-10-15', 'HS7A14', 'TEC', 'Miệng'),
  ('D000999', 7.6, '2024-09-25', 'HS7A14', 'TEC', 'Cuối kỳ'),
  ('D001000', 8.6, '2024-09-12', 'HS7A14', 'TEC', '15 phút'),
  ('D001001', 5.2, '2024-09-14', 'HS7A14', 'TEC', 'Miệng'),
  ('D001002', 9.9, '2024-10-27', 'HS7A14', 'TEC', '15 phút'),
  ('D001003', 8.8, '2024-11-06', 'HS7A15', 'CIV', '15 phút'),
  ('D001004', 4.3, '2024-11-04', 'HS7A15', 'CIV', '1 tiết'),
  ('D001005', 5.9, '2024-11-07', 'HS7A15', 'CIV', '15 phút'),
  ('D001006', 9.6, '2024-09-08', 'HS7A15', 'TEC', '15 phút'),
  ('D001007', 4.6, '2024-10-06', 'HS7A15', 'TEC', 'Miệng'),
  ('D001008', 6.4, '2024-10-01', 'HS7A15', 'TEC', 'Cuối kỳ'),
  ('D001009', 5.3, '2024-09-03', 'HS7A15', 'TEC', '1 tiết'),
  ('D001010', 7.9, '2024-10-02', 'HS7A15', 'TEC', 'Miệng'),
  ('D001011', 9.3, '2024-10-10', 'HS7A15', 'TEC', 'Cuối kỳ'),
  ('D001012', 8.3, '2024-11-06', 'HS7A15', 'LIT', '1 tiết'),
  ('D001013', 9.8, '2024-11-11', 'HS7A15', 'LIT', 'Cuối kỳ'),
  ('D001014', 8.1, '2024-11-05', 'HS7A15', 'LIT', '1 tiết'),
  ('D001015', 7.8, '2024-11-11', 'HS7A15', 'PHY', 'Cuối kỳ'),
  ('D001016', 4.4, '2024-09-20', 'HS7A15', 'PHY', 'Cuối kỳ'),
  ('D001017', 6.3, '2024-11-24', 'HS7A15', 'PHY', '15 phút'),
  ('D001018', 7.0, '2024-11-01', 'HS7A15', 'PHY', '15 phút'),
  ('D001019', 8.4, '2024-09-20', 'HS7A16', 'MATH', 'Miệng'),
  ('D001020', 4.4, '2024-10-16', 'HS7A16', 'MATH', '1 tiết'),
  ('D001021', 5.2, '2024-10-07', 'HS7A16', 'MATH', 'Miệng'),
  ('D001022', 5.4, '2024-11-20', 'HS7A16', 'MATH', 'Cuối kỳ'),
  ('D001023', 4.8, '2024-10-21', 'HS7A16', 'PE', 'Miệng'),
  ('D001024', 7.1, '2024-10-21', 'HS7A16', 'PE', '1 tiết'),
  ('D001025', 8.5, '2024-09-28', 'HS7A16', 'PE', '1 tiết'),
  ('D001026', 6.1, '2024-09-18', 'HS7A16', 'PE', 'Miệng'),
  ('D001027', 9.4, '2024-11-08', 'HS7A16', 'PE', '15 phút'),
  ('D001028', 7.1, '2024-09-15', 'HS7A16', 'LIT', 'Miệng'),
  ('D001029', 4.4, '2024-10-03', 'HS7A16', 'LIT', '15 phút'),
  ('D001030', 4.3, '2024-09-07', 'HS7A16', 'LIT', '15 phút'),
  ('D001031', 4.6, '2024-11-18', 'HS7A16', 'LIT', '15 phút'),
  ('D001032', 5.4, '2024-09-14', 'HS7A16', 'LIT', 'Cuối kỳ'),
  ('D001033', 5.9, '2024-11-07', 'HS7A16', 'LIT', '15 phút'),
  ('D001034', 5.1, '2024-09-10', 'HS7A16', 'CHE', '1 tiết'),
  ('D001035', 7.5, '2024-11-07', 'HS7A16', 'CHE', '1 tiết'),
  ('D001036', 9.2, '2024-10-03', 'HS7A16', 'CHE', '1 tiết'),
  ('D001037', 6.4, '2024-09-16', 'HS7A16', 'CHE', 'Cuối kỳ'),
  ('D001038', 6.5, '2024-11-24', 'HS7A16', 'CHE', 'Cuối kỳ'),
  ('D001039', 8.6, '2024-10-01', 'HS7A16', 'CHE', 'Cuối kỳ'),
  ('D001040', 7.3, '2024-09-09', 'HS7A17', 'HIS', 'Cuối kỳ'),
  ('D001041', 6.8, '2024-10-10', 'HS7A17', 'HIS', 'Cuối kỳ'),
  ('D001042', 7.4, '2024-10-03', 'HS7A17', 'HIS', '1 tiết'),
  ('D001043', 4.8, '2024-10-07', 'HS7A17', 'HIS', '15 phút'),
  ('D001044', 4.0, '2024-11-24', 'HS7A17', 'LIT', '1 tiết'),
  ('D001045', 6.9, '2024-10-13', 'HS7A17', 'LIT', '1 tiết'),
  ('D001046', 6.3, '2024-10-21', 'HS7A17', 'LIT', 'Miệng'),
  ('D001047', 6.5, '2024-09-04', 'HS7A17', 'LIT', 'Cuối kỳ'),
  ('D001048', 5.2, '2024-10-09', 'HS7A17', 'CHE', '1 tiết'),
  ('D001049', 7.1, '2024-10-21', 'HS7A17', 'CHE', '1 tiết'),
  ('D001050', 8.2, '2024-11-13', 'HS7A17', 'CHE', 'Cuối kỳ'),
  ('D001051', 8.4, '2024-09-16', 'HS7A17', 'CHE', 'Miệng'),
  ('D001052', 7.8, '2024-11-01', 'HS7A17', 'IT', '15 phút'),
  ('D001053', 5.6, '2024-10-22', 'HS7A17', 'IT', '15 phút'),
  ('D001054', 5.5, '2024-11-19', 'HS7A17', 'IT', '15 phút'),
  ('D001055', 4.1, '2024-09-21', 'HS7A17', 'IT', 'Cuối kỳ'),
  ('D001056', 6.4, '2024-11-03', 'HS7A17', 'IT', '15 phút'),
  ('D001057', 7.0, '2024-11-22', 'HS7A18', 'HIS', 'Cuối kỳ'),
  ('D001058', 7.5, '2024-11-14', 'HS7A18', 'HIS', 'Miệng'),
  ('D001059', 4.7, '2024-11-25', 'HS7A18', 'HIS', '1 tiết'),
  ('D001060', 8.9, '2024-10-24', 'HS7A18', 'HIS', '15 phút'),
  ('D001061', 9.6, '2024-10-23', 'HS7A18', 'HIS', '1 tiết'),
  ('D001062', 9.9, '2024-10-01', 'HS7A18', 'ENG', 'Miệng'),
  ('D001063', 4.4, '2024-11-14', 'HS7A18', 'ENG', 'Cuối kỳ'),
  ('D001064', 7.9, '2024-11-14', 'HS7A18', 'ENG', '15 phút'),
  ('D001065', 6.2, '2024-11-05', 'HS7A18', 'TEC', '15 phút'),
  ('D001066', 6.9, '2024-11-04', 'HS7A18', 'TEC', 'Cuối kỳ'),
  ('D001067', 7.4, '2024-09-06', 'HS7A18', 'TEC', '15 phút'),
  ('D001068', 4.4, '2024-09-26', 'HS7A18', 'TEC', '15 phút'),
  ('D001069', 9.9, '2024-10-15', 'HS7A18', 'CHE', 'Miệng'),
  ('D001070', 9.2, '2024-09-03', 'HS7A18', 'CHE', '1 tiết'),
  ('D001071', 4.5, '2024-09-09', 'HS7A18', 'CHE', 'Miệng'),
  ('D001072', 6.1, '2024-11-08', 'HS7A18', 'CHE', 'Cuối kỳ'),
  ('D001073', 6.9, '2024-09-01', 'HS7A18', 'CHE', 'Miệng'),
  ('D001074', 5.3, '2024-09-13', 'HS7A19', 'CHE', '1 tiết'),
  ('D001075', 9.6, '2024-10-25', 'HS7A19', 'CHE', '1 tiết'),
  ('D001076', 7.6, '2024-10-12', 'HS7A19', 'CHE', '1 tiết'),
  ('D001077', 8.9, '2024-10-22', 'HS7A19', 'MATH', 'Cuối kỳ'),
  ('D001078', 6.3, '2024-09-12', 'HS7A19', 'MATH', '1 tiết'),
  ('D001079', 8.8, '2024-09-15', 'HS7A19', 'MATH', 'Cuối kỳ'),
  ('D001080', 8.4, '2024-09-01', 'HS7A19', 'MATH', 'Miệng'),
  ('D001081', 9.2, '2024-10-23', 'HS7A19', 'MATH', '15 phút'),
  ('D001082', 6.7, '2024-11-22', 'HS7A19', 'PE', 'Cuối kỳ'),
  ('D001083', 7.1, '2024-11-07', 'HS7A19', 'PE', 'Miệng'),
  ('D001084', 9.9, '2024-10-01', 'HS7A19', 'PE', '1 tiết'),
  ('D001085', 9.2, '2024-11-11', 'HS7A19', 'PE', 'Cuối kỳ'),
  ('D001086', 5.4, '2024-10-13', 'HS7A19', 'PE', 'Miệng'),
  ('D001087', 6.6, '2024-10-22', 'HS7A19', 'CIV', 'Miệng'),
  ('D001088', 8.4, '2024-10-20', 'HS7A19', 'CIV', '15 phút'),
  ('D001089', 8.3, '2024-11-19', 'HS7A19', 'CIV', 'Miệng'),
  ('D001090', 4.8, '2024-09-10', 'HS7A19', 'CIV', 'Cuối kỳ'),
  ('D001091', 5.0, '2024-10-04', 'HS7A19', 'CIV', 'Cuối kỳ'),
  ('D001092', 5.0, '2024-11-23', 'HS7A20', 'CIV', 'Miệng'),
  ('D001093', 4.6, '2024-11-01', 'HS7A20', 'CIV', '15 phút'),
  ('D001094', 9.6, '2024-10-13', 'HS7A20', 'CIV', '1 tiết'),
  ('D001095', 5.3, '2024-10-22', 'HS7A20', 'CIV', 'Cuối kỳ'),
  ('D001096', 8.0, '2024-11-21', 'HS7A20', 'IT', 'Cuối kỳ'),
  ('D001097', 4.5, '2024-11-11', 'HS7A20', 'IT', '15 phút'),
  ('D001098', 9.6, '2024-11-03', 'HS7A20', 'IT', '1 tiết'),
  ('D001099', 9.5, '2024-11-24', 'HS7A20', 'PHY', 'Cuối kỳ'),
  ('D001100', 7.9, '2024-11-28', 'HS7A20', 'PHY', 'Cuối kỳ'),
  ('D001101', 8.9, '2024-09-09', 'HS7A20', 'PHY', 'Miệng'),
  ('D001102', 5.7, '2024-09-03', 'HS7A20', 'PHY', '1 tiết'),
  ('D001103', 8.4, '2024-09-24', 'HS7A20', 'PHY', 'Miệng'),
  ('D001104', 7.4, '2024-09-28', 'HS7A20', 'PHY', '1 tiết'),
  ('D001105', 7.5, '2024-09-10', 'HS7A20', 'PE', 'Miệng'),
  ('D001106', 7.5, '2024-09-28', 'HS7A20', 'PE', 'Cuối kỳ'),
  ('D001107', 9.9, '2024-10-25', 'HS7A20', 'PE', '1 tiết'),
  ('D001108', 8.8, '2024-09-17', 'HS7A20', 'PE', '15 phút'),
  ('D001109', 4.6, '2024-09-18', 'HS7A20', 'PE', 'Cuối kỳ'),
  ('D001110', 5.9, '2024-10-27', 'HS7A20', 'PE', '15 phút'),
  ('D001111', 4.9, '2024-11-28', 'HS7B01', 'GEO', 'Miệng'),
  ('D001112', 7.6, '2024-10-17', 'HS7B01', 'GEO', 'Miệng'),
  ('D001113', 5.6, '2024-11-19', 'HS7B01', 'GEO', 'Cuối kỳ'),
  ('D001114', 7.8, '2024-09-16', 'HS7B01', 'GEO', '1 tiết'),
  ('D001115', 8.2, '2024-10-02', 'HS7B01', 'GEO', '1 tiết'),
  ('D001116', 9.0, '2024-09-28', 'HS7B01', 'CIV', '15 phút'),
  ('D001117', 8.2, '2024-09-28', 'HS7B01', 'CIV', '15 phút'),
  ('D001118', 9.1, '2024-11-13', 'HS7B01', 'CIV', '1 tiết'),
  ('D001119', 9.9, '2024-11-28', 'HS7B01', 'CIV', '15 phút'),
  ('D001120', 7.3, '2024-10-14', 'HS7B01', 'TEC', 'Cuối kỳ'),
  ('D001121', 9.9, '2024-10-13', 'HS7B01', 'TEC', 'Miệng'),
  ('D001122', 7.2, '2024-10-10', 'HS7B01', 'TEC', '15 phút'),
  ('D001123', 4.6, '2024-10-25', 'HS7B01', 'ENG', 'Miệng'),
  ('D001124', 9.1, '2024-11-10', 'HS7B01', 'ENG', 'Cuối kỳ'),
  ('D001125', 7.9, '2024-11-05', 'HS7B01', 'ENG', 'Cuối kỳ'),
  ('D001126', 8.2, '2024-10-05', 'HS7B01', 'ENG', '15 phút'),
  ('D001127', 5.3, '2024-11-07', 'HS7B01', 'ENG', 'Miệng'),
  ('D001128', 6.2, '2024-11-04', 'HS7B01', 'ENG', '15 phút'),
  ('D001129', 6.1, '2024-10-06', 'HS7B02', 'HIS', 'Miệng'),
  ('D001130', 4.7, '2024-11-21', 'HS7B02', 'HIS', '1 tiết'),
  ('D001131', 7.6, '2024-09-21', 'HS7B02', 'HIS', 'Cuối kỳ'),
  ('D001132', 4.2, '2024-09-13', 'HS7B02', 'TEC', 'Cuối kỳ'),
  ('D001133', 5.8, '2024-11-06', 'HS7B02', 'TEC', 'Cuối kỳ'),
  ('D001134', 8.7, '2024-11-22', 'HS7B02', 'TEC', 'Miệng'),
  ('D001135', 8.7, '2024-11-13', 'HS7B02', 'TEC', '1 tiết'),
  ('D001136', 6.2, '2024-09-04', 'HS7B02', 'ENG', 'Miệng'),
  ('D001137', 4.7, '2024-11-22', 'HS7B02', 'ENG', '15 phút'),
  ('D001138', 4.1, '2024-11-19', 'HS7B02', 'ENG', 'Cuối kỳ'),
  ('D001139', 5.6, '2024-11-04', 'HS7B02', 'ENG', '15 phút'),
  ('D001140', 6.3, '2024-11-23', 'HS7B02', 'ENG', 'Cuối kỳ'),
  ('D001141', 5.8, '2024-09-04', 'HS7B02', 'ENG', '1 tiết'),
  ('D001142', 8.3, '2024-11-06', 'HS7B02', 'MATH', 'Cuối kỳ'),
  ('D001143', 8.9, '2024-09-13', 'HS7B02', 'MATH', 'Cuối kỳ'),
  ('D001144', 4.4, '2024-11-18', 'HS7B02', 'MATH', 'Miệng'),
  ('D001145', 4.0, '2024-10-26', 'HS7B03', 'PHY', '1 tiết'),
  ('D001146', 4.7, '2024-09-19', 'HS7B03', 'PHY', '15 phút'),
  ('D001147', 7.9, '2024-09-18', 'HS7B03', 'PHY', '1 tiết'),
  ('D001148', 9.1, '2024-09-03', 'HS7B03', 'PHY', 'Miệng'),
  ('D001149', 6.2, '2024-11-06', 'HS7B03', 'CIV', 'Cuối kỳ'),
  ('D001150', 9.9, '2024-11-01', 'HS7B03', 'CIV', '15 phút'),
  ('D001151', 5.8, '2024-11-26', 'HS7B03', 'CIV', '1 tiết'),
  ('D001152', 8.0, '2024-10-05', 'HS7B03', 'CIV', 'Cuối kỳ'),
  ('D001153', 8.2, '2024-11-12', 'HS7B03', 'CIV', '15 phút'),
  ('D001154', 8.0, '2024-09-08', 'HS7B03', 'LIT', 'Miệng'),
  ('D001155', 5.1, '2024-10-28', 'HS7B03', 'LIT', '15 phút'),
  ('D001156', 9.7, '2024-11-18', 'HS7B03', 'LIT', '15 phút'),
  ('D001157', 5.7, '2024-11-20', 'HS7B03', 'ENG', 'Cuối kỳ'),
  ('D001158', 4.4, '2024-10-09', 'HS7B03', 'ENG', 'Cuối kỳ'),
  ('D001159', 7.9, '2024-09-13', 'HS7B03', 'ENG', 'Cuối kỳ'),
  ('D001160', 4.5, '2024-10-22', 'HS7B03', 'ENG', 'Cuối kỳ'),
  ('D001161', 9.6, '2024-09-18', 'HS7B03', 'ENG', '15 phút'),
  ('D001162', 7.4, '2024-11-27', 'HS7B04', 'LIT', '15 phút'),
  ('D001163', 6.5, '2024-09-11', 'HS7B04', 'LIT', 'Cuối kỳ'),
  ('D001164', 6.3, '2024-11-08', 'HS7B04', 'LIT', 'Miệng'),
  ('D001165', 5.6, '2024-11-04', 'HS7B04', 'LIT', 'Cuối kỳ'),
  ('D001166', 4.4, '2024-11-03', 'HS7B04', 'LIT', '1 tiết'),
  ('D001167', 8.7, '2024-09-28', 'HS7B04', 'CIV', '15 phút'),
  ('D001168', 5.6, '2024-09-13', 'HS7B04', 'CIV', '15 phút'),
  ('D001169', 6.3, '2024-09-26', 'HS7B04', 'CIV', 'Miệng'),
  ('D001170', 5.1, '2024-11-10', 'HS7B04', 'CIV', 'Cuối kỳ'),
  ('D001171', 4.6, '2024-10-23', 'HS7B04', 'CIV', '1 tiết'),
  ('D001172', 7.6, '2024-09-06', 'HS7B04', 'CHE', '1 tiết'),
  ('D001173', 9.7, '2024-10-06', 'HS7B04', 'CHE', '1 tiết'),
  ('D001174', 8.8, '2024-11-26', 'HS7B04', 'CHE', 'Cuối kỳ'),
  ('D001175', 6.9, '2024-09-09', 'HS7B04', 'CHE', 'Miệng'),
  ('D001176', 8.1, '2024-11-05', 'HS7B04', 'CHE', '15 phút'),
  ('D001177', 6.3, '2024-11-09', 'HS7B04', 'PHY', 'Miệng'),
  ('D001178', 9.5, '2024-11-12', 'HS7B04', 'PHY', '15 phút'),
  ('D001179', 8.1, '2024-10-23', 'HS7B04', 'PHY', 'Cuối kỳ'),
  ('D001180', 5.1, '2024-10-26', 'HS7B04', 'PHY', 'Cuối kỳ'),
  ('D001181', 5.8, '2024-09-10', 'HS7B05', 'IT', 'Cuối kỳ'),
  ('D001182', 8.6, '2024-09-21', 'HS7B05', 'IT', 'Miệng'),
  ('D001183', 4.5, '2024-09-03', 'HS7B05', 'IT', '15 phút'),
  ('D001184', 7.5, '2024-09-24', 'HS7B05', 'IT', '1 tiết'),
  ('D001185', 8.9, '2024-09-14', 'HS7B05', 'CHE', '15 phút'),
  ('D001186', 6.9, '2024-11-22', 'HS7B05', 'CHE', 'Miệng'),
  ('D001187', 6.4, '2024-11-07', 'HS7B05', 'CHE', 'Miệng'),
  ('D001188', 8.3, '2024-11-18', 'HS7B05', 'CHE', '1 tiết'),
  ('D001189', 5.5, '2024-11-22', 'HS7B05', 'CHE', 'Miệng'),
  ('D001190', 7.6, '2024-09-22', 'HS7B05', 'CHE', '15 phút'),
  ('D001191', 4.5, '2024-09-17', 'HS7B05', 'CIV', '1 tiết'),
  ('D001192', 9.7, '2024-10-16', 'HS7B05', 'CIV', 'Cuối kỳ'),
  ('D001193', 5.0, '2024-09-11', 'HS7B05', 'CIV', '15 phút'),
  ('D001194', 9.0, '2024-09-10', 'HS7B05', 'CIV', '1 tiết'),
  ('D001195', 5.8, '2024-09-01', 'HS7B05', 'HIS', 'Cuối kỳ'),
  ('D001196', 5.3, '2024-10-21', 'HS7B05', 'HIS', 'Miệng'),
  ('D001197', 9.6, '2024-11-28', 'HS7B05', 'HIS', 'Cuối kỳ'),
  ('D001198', 4.3, '2024-09-20', 'HS7B05', 'HIS', 'Cuối kỳ'),
  ('D001199', 6.0, '2024-10-04', 'HS7B05', 'HIS', 'Miệng'),
  ('D001200', 6.1, '2024-11-06', 'HS7B05', 'HIS', 'Cuối kỳ'),
  ('D001201', 5.2, '2024-11-17', 'HS7B06', 'BIO', '15 phút'),
  ('D001202', 6.5, '2024-10-01', 'HS7B06', 'BIO', '15 phút'),
  ('D001203', 8.6, '2024-10-08', 'HS7B06', 'BIO', 'Cuối kỳ'),
  ('D001204', 6.4, '2024-10-12', 'HS7B06', 'BIO', 'Cuối kỳ'),
  ('D001205', 9.4, '2024-11-26', 'HS7B06', 'BIO', '1 tiết'),
  ('D001206', 4.7, '2024-10-22', 'HS7B06', 'BIO', 'Cuối kỳ'),
  ('D001207', 4.8, '2024-11-14', 'HS7B06', 'MATH', 'Miệng'),
  ('D001208', 6.2, '2024-11-07', 'HS7B06', 'MATH', 'Miệng'),
  ('D001209', 5.1, '2024-09-05', 'HS7B06', 'MATH', 'Cuối kỳ'),
  ('D001210', 6.5, '2024-10-02', 'HS7B06', 'MATH', '15 phút'),
  ('D001211', 9.7, '2024-11-09', 'HS7B06', 'LIT', 'Miệng'),
  ('D001212', 6.5, '2024-11-16', 'HS7B06', 'LIT', '15 phút'),
  ('D001213', 5.9, '2024-10-17', 'HS7B06', 'LIT', 'Cuối kỳ'),
  ('D001214', 4.8, '2024-09-26', 'HS7B06', 'LIT', 'Miệng'),
  ('D001215', 4.9, '2024-11-01', 'HS7B06', 'HIS', '15 phút'),
  ('D001216', 4.3, '2024-10-14', 'HS7B06', 'HIS', 'Miệng'),
  ('D001217', 6.6, '2024-10-10', 'HS7B06', 'HIS', 'Cuối kỳ'),
  ('D001218', 4.5, '2024-10-08', 'HS7B06', 'HIS', '15 phút'),
  ('D001219', 8.6, '2024-10-23', 'HS7B07', 'TEC', '15 phút'),
  ('D001220', 8.0, '2024-10-07', 'HS7B07', 'TEC', 'Cuối kỳ'),
  ('D001221', 8.2, '2024-09-23', 'HS7B07', 'TEC', '15 phút'),
  ('D001222', 5.1, '2024-11-21', 'HS7B07', 'TEC', '15 phút'),
  ('D001223', 5.4, '2024-09-13', 'HS7B07', 'TEC', 'Miệng'),
  ('D001224', 9.9, '2024-09-14', 'HS7B07', 'IT', 'Miệng'),
  ('D001225', 7.7, '2024-09-28', 'HS7B07', 'IT', 'Miệng'),
  ('D001226', 6.3, '2024-11-10', 'HS7B07', 'IT', '15 phút'),
  ('D001227', 5.3, '2024-10-16', 'HS7B07', 'IT', 'Miệng'),
  ('D001228', 7.1, '2024-11-02', 'HS7B07', 'IT', '1 tiết'),
  ('D001229', 5.6, '2024-10-12', 'HS7B07', 'ENG', 'Cuối kỳ'),
  ('D001230', 5.5, '2024-09-06', 'HS7B07', 'ENG', 'Miệng'),
  ('D001231', 4.0, '2024-11-24', 'HS7B07', 'ENG', '1 tiết'),
  ('D001232', 5.7, '2024-10-20', 'HS7B07', 'PHY', 'Miệng'),
  ('D001233', 6.6, '2024-10-16', 'HS7B07', 'PHY', '1 tiết'),
  ('D001234', 6.0, '2024-09-04', 'HS7B07', 'PHY', 'Miệng'),
  ('D001235', 8.1, '2024-09-11', 'HS7B07', 'PHY', '1 tiết'),
  ('D001236', 5.4, '2024-10-07', 'HS7B08', 'TEC', 'Cuối kỳ'),
  ('D001237', 4.5, '2024-09-05', 'HS7B08', 'TEC', 'Miệng'),
  ('D001238', 4.2, '2024-11-27', 'HS7B08', 'TEC', '15 phút'),
  ('D001239', 5.2, '2024-10-04', 'HS7B08', 'TEC', 'Miệng'),
  ('D001240', 9.7, '2024-11-11', 'HS7B08', 'TEC', '1 tiết'),
  ('D001241', 9.9, '2024-09-18', 'HS7B08', 'BIO', '15 phút'),
  ('D001242', 4.3, '2024-09-14', 'HS7B08', 'BIO', '1 tiết'),
  ('D001243', 9.3, '2024-11-12', 'HS7B08', 'BIO', '1 tiết'),
  ('D001244', 6.7, '2024-11-04', 'HS7B08', 'BIO', 'Cuối kỳ'),
  ('D001245', 4.4, '2024-10-17', 'HS7B08', 'BIO', 'Miệng'),
  ('D001246', 5.0, '2024-10-23', 'HS7B08', 'BIO', '15 phút'),
  ('D001247', 4.3, '2024-11-02', 'HS7B08', 'PE', '15 phút'),
  ('D001248', 8.4, '2024-10-16', 'HS7B08', 'PE', 'Miệng'),
  ('D001249', 5.0, '2024-11-13', 'HS7B08', 'PE', 'Cuối kỳ'),
  ('D001250', 6.4, '2024-10-07', 'HS7B08', 'PE', '15 phút'),
  ('D001251', 4.0, '2024-11-07', 'HS7B08', 'PE', 'Miệng'),
  ('D001252', 7.0, '2024-11-17', 'HS7B08', 'IT', '1 tiết'),
  ('D001253', 5.8, '2024-09-10', 'HS7B08', 'IT', '1 tiết'),
  ('D001254', 7.3, '2024-09-08', 'HS7B08', 'IT', 'Miệng'),
  ('D001255', 7.2, '2024-10-02', 'HS7B08', 'IT', '15 phút'),
  ('D001256', 9.7, '2024-10-05', 'HS7B08', 'IT', '1 tiết'),
  ('D001257', 9.2, '2024-09-21', 'HS7B08', 'IT', '15 phút'),
  ('D001258', 7.8, '2024-10-11', 'HS7B09', 'PHY', 'Miệng'),
  ('D001259', 9.7, '2024-11-09', 'HS7B09', 'PHY', '15 phút'),
  ('D001260', 6.5, '2024-11-10', 'HS7B09', 'PHY', '1 tiết'),
  ('D001261', 9.9, '2024-11-27', 'HS7B09', 'PHY', 'Miệng'),
  ('D001262', 8.9, '2024-09-24', 'HS7B09', 'PHY', '1 tiết'),
  ('D001263', 5.5, '2024-09-18', 'HS7B09', 'IT', 'Miệng'),
  ('D001264', 8.3, '2024-11-13', 'HS7B09', 'IT', '1 tiết'),
  ('D001265', 9.2, '2024-11-20', 'HS7B09', 'IT', '15 phút'),
  ('D001266', 8.9, '2024-09-11', 'HS7B09', 'IT', '1 tiết'),
  ('D001267', 7.5, '2024-10-05', 'HS7B09', 'LIT', 'Cuối kỳ'),
  ('D001268', 5.4, '2024-11-14', 'HS7B09', 'LIT', '1 tiết'),
  ('D001269', 4.9, '2024-10-03', 'HS7B09', 'LIT', 'Cuối kỳ'),
  ('D001270', 5.1, '2024-09-27', 'HS7B09', 'LIT', '15 phút'),
  ('D001271', 7.4, '2024-11-06', 'HS7B09', 'MATH', '1 tiết'),
  ('D001272', 4.1, '2024-09-06', 'HS7B09', 'MATH', 'Cuối kỳ'),
  ('D001273', 8.1, '2024-09-03', 'HS7B09', 'MATH', '15 phút'),
  ('D001274', 4.4, '2024-09-15', 'HS7B09', 'MATH', 'Cuối kỳ'),
  ('D001275', 6.3, '2024-09-04', 'HS7B10', 'LIT', 'Miệng'),
  ('D001276', 8.6, '2024-11-02', 'HS7B10', 'LIT', '15 phút'),
  ('D001277', 5.5, '2024-09-09', 'HS7B10', 'LIT', '15 phút'),
  ('D001278', 8.8, '2024-09-26', 'HS7B10', 'IT', 'Miệng'),
  ('D001279', 7.3, '2024-10-28', 'HS7B10', 'IT', 'Miệng'),
  ('D001280', 5.2, '2024-10-25', 'HS7B10', 'IT', 'Cuối kỳ'),
  ('D001281', 5.8, '2024-10-05', 'HS7B10', 'ENG', '15 phút'),
  ('D001282', 4.3, '2024-11-09', 'HS7B10', 'ENG', 'Miệng'),
  ('D001283', 4.1, '2024-09-04', 'HS7B10', 'ENG', '1 tiết'),
  ('D001284', 4.6, '2024-10-05', 'HS7B10', 'ENG', 'Miệng'),
  ('D001285', 4.1, '2024-10-13', 'HS7B10', 'MATH', '15 phút'),
  ('D001286', 6.1, '2024-10-08', 'HS7B10', 'MATH', 'Cuối kỳ'),
  ('D001287', 8.1, '2024-11-27', 'HS7B10', 'MATH', 'Miệng'),
  ('D001288', 7.0, '2024-09-08', 'HS7B10', 'MATH', 'Miệng'),
  ('D001289', 6.2, '2024-09-02', 'HS7B11', 'CHE', '15 phút'),
  ('D001290', 5.1, '2024-11-11', 'HS7B11', 'CHE', '15 phút'),
  ('D001291', 8.1, '2024-09-22', 'HS7B11', 'CHE', '1 tiết'),
  ('D001292', 6.1, '2024-09-09', 'HS7B11', 'BIO', 'Cuối kỳ'),
  ('D001293', 8.0, '2024-10-26', 'HS7B11', 'BIO', 'Miệng'),
  ('D001294', 8.7, '2024-09-25', 'HS7B11', 'BIO', '15 phút'),
  ('D001295', 5.9, '2024-10-15', 'HS7B11', 'BIO', 'Cuối kỳ'),
  ('D001296', 8.9, '2024-09-19', 'HS7B11', 'BIO', 'Cuối kỳ'),
  ('D001297', 4.9, '2024-10-05', 'HS7B11', 'LIT', '15 phút'),
  ('D001298', 8.6, '2024-10-11', 'HS7B11', 'LIT', 'Cuối kỳ'),
  ('D001299', 6.5, '2024-11-14', 'HS7B11', 'LIT', '1 tiết'),
  ('D001300', 4.8, '2024-11-08', 'HS7B11', 'LIT', 'Cuối kỳ'),
  ('D001301', 6.5, '2024-10-18', 'HS7B11', 'LIT', 'Cuối kỳ'),
  ('D001302', 6.3, '2024-11-23', 'HS7B11', 'CIV', 'Cuối kỳ'),
  ('D001303', 7.2, '2024-11-26', 'HS7B11', 'CIV', '15 phút'),
  ('D001304', 8.2, '2024-09-12', 'HS7B11', 'CIV', 'Miệng'),
  ('D001305', 5.2, '2024-09-12', 'HS7B11', 'CIV', 'Cuối kỳ'),
  ('D001306', 9.1, '2024-09-10', 'HS7B12', 'ENG', 'Cuối kỳ'),
  ('D001307', 4.9, '2024-11-14', 'HS7B12', 'ENG', '15 phút'),
  ('D001308', 5.3, '2024-09-02', 'HS7B12', 'ENG', '15 phút'),
  ('D001309', 4.7, '2024-11-23', 'HS7B12', 'ENG', '15 phút'),
  ('D001310', 6.3, '2024-09-23', 'HS7B12', 'ENG', 'Cuối kỳ'),
  ('D001311', 4.3, '2024-09-22', 'HS7B12', 'LIT', 'Miệng'),
  ('D001312', 6.9, '2024-11-28', 'HS7B12', 'LIT', '15 phút'),
  ('D001313', 4.2, '2024-10-05', 'HS7B12', 'LIT', 'Miệng'),
  ('D001314', 5.5, '2024-09-19', 'HS7B12', 'LIT', 'Cuối kỳ'),
  ('D001315', 4.9, '2024-09-16', 'HS7B12', 'LIT', '15 phút'),
  ('D001316', 6.8, '2024-11-11', 'HS7B12', 'MATH', 'Cuối kỳ'),
  ('D001317', 8.7, '2024-11-01', 'HS7B12', 'MATH', '1 tiết'),
  ('D001318', 4.7, '2024-09-21', 'HS7B12', 'MATH', 'Miệng'),
  ('D001319', 7.6, '2024-09-17', 'HS7B12', 'MATH', '15 phút'),
  ('D001320', 4.1, '2024-10-22', 'HS7B12', 'MATH', 'Cuối kỳ'),
  ('D001321', 9.5, '2024-11-10', 'HS7B12', 'BIO', '15 phút'),
  ('D001322', 6.5, '2024-09-09', 'HS7B12', 'BIO', 'Miệng'),
  ('D001323', 7.1, '2024-09-24', 'HS7B12', 'BIO', '15 phút'),
  ('D001324', 6.4, '2024-09-08', 'HS7B12', 'BIO', 'Cuối kỳ'),
  ('D001325', 5.1, '2024-11-18', 'HS7B12', 'BIO', 'Miệng'),
  ('D001326', 9.0, '2024-09-02', 'HS7B13', 'TEC', '1 tiết'),
  ('D001327', 7.9, '2024-09-09', 'HS7B13', 'TEC', 'Miệng'),
  ('D001328', 4.6, '2024-10-20', 'HS7B13', 'TEC', '1 tiết'),
  ('D001329', 4.2, '2024-10-06', 'HS7B13', 'TEC', 'Miệng'),
  ('D001330', 4.4, '2024-11-01', 'HS7B13', 'TEC', '1 tiết'),
  ('D001331', 5.1, '2024-09-21', 'HS7B13', 'TEC', 'Miệng'),
  ('D001332', 5.6, '2024-11-19', 'HS7B13', 'GEO', 'Miệng'),
  ('D001333', 7.4, '2024-10-02', 'HS7B13', 'GEO', 'Miệng'),
  ('D001334', 5.9, '2024-10-01', 'HS7B13', 'GEO', '1 tiết'),
  ('D001335', 8.5, '2024-10-17', 'HS7B13', 'GEO', '15 phút'),
  ('D001336', 8.5, '2024-11-12', 'HS7B13', 'CIV', '15 phút'),
  ('D001337', 8.2, '2024-09-11', 'HS7B13', 'CIV', 'Cuối kỳ'),
  ('D001338', 9.4, '2024-11-04', 'HS7B13', 'CIV', '15 phút'),
  ('D001339', 4.1, '2024-10-16', 'HS7B13', 'CIV', 'Miệng'),
  ('D001340', 5.7, '2024-09-22', 'HS7B13', 'CIV', 'Cuối kỳ'),
  ('D001341', 9.3, '2024-09-23', 'HS7B13', 'BIO', '15 phút'),
  ('D001342', 9.3, '2024-11-21', 'HS7B13', 'BIO', '15 phút'),
  ('D001343', 8.6, '2024-09-17', 'HS7B13', 'BIO', '1 tiết'),
  ('D001344', 7.7, '2024-10-02', 'HS7B14', 'GEO', 'Cuối kỳ'),
  ('D001345', 5.4, '2024-11-20', 'HS7B14', 'GEO', 'Miệng'),
  ('D001346', 9.7, '2024-11-21', 'HS7B14', 'GEO', 'Cuối kỳ'),
  ('D001347', 4.6, '2024-09-05', 'HS7B14', 'GEO', '1 tiết'),
  ('D001348', 7.3, '2024-09-16', 'HS7B14', 'GEO', 'Miệng'),
  ('D001349', 5.9, '2024-10-06', 'HS7B14', 'ENG', 'Miệng'),
  ('D001350', 5.7, '2024-10-12', 'HS7B14', 'ENG', 'Miệng'),
  ('D001351', 4.4, '2024-11-25', 'HS7B14', 'ENG', 'Cuối kỳ'),
  ('D001352', 5.5, '2024-10-09', 'HS7B14', 'ENG', 'Cuối kỳ'),
  ('D001353', 7.9, '2024-09-04', 'HS7B14', 'ENG', 'Cuối kỳ'),
  ('D001354', 4.2, '2024-10-13', 'HS7B14', 'ENG', 'Cuối kỳ'),
  ('D001355', 6.6, '2024-11-28', 'HS7B14', 'BIO', '1 tiết'),
  ('D001356', 6.2, '2024-11-14', 'HS7B14', 'BIO', 'Cuối kỳ'),
  ('D001357', 5.6, '2024-11-02', 'HS7B14', 'BIO', 'Miệng'),
  ('D001358', 8.4, '2024-09-23', 'HS7B14', 'BIO', 'Miệng'),
  ('D001359', 9.1, '2024-10-13', 'HS7B14', 'CHE', '15 phút'),
  ('D001360', 7.4, '2024-09-08', 'HS7B14', 'CHE', 'Cuối kỳ'),
  ('D001361', 9.2, '2024-11-03', 'HS7B14', 'CHE', '1 tiết'),
  ('D001362', 6.8, '2024-11-18', 'HS7B14', 'CHE', 'Cuối kỳ'),
  ('D001363', 8.6, '2024-09-13', 'HS7B15', 'LIT', '1 tiết'),
  ('D001364', 4.4, '2024-10-20', 'HS7B15', 'LIT', 'Cuối kỳ'),
  ('D001365', 5.3, '2024-11-16', 'HS7B15', 'LIT', 'Miệng'),
  ('D001366', 5.7, '2024-09-18', 'HS7B15', 'LIT', '15 phút'),
  ('D001367', 9.7, '2024-09-21', 'HS7B15', 'LIT', '15 phút'),
  ('D001368', 5.9, '2024-09-20', 'HS7B15', 'LIT', 'Cuối kỳ'),
  ('D001369', 9.6, '2024-10-26', 'HS7B15', 'TEC', 'Cuối kỳ'),
  ('D001370', 9.9, '2024-09-02', 'HS7B15', 'TEC', '15 phút'),
  ('D001371', 9.2, '2024-11-14', 'HS7B15', 'TEC', '1 tiết'),
  ('D001372', 7.8, '2024-09-05', 'HS7B15', 'ENG', 'Miệng'),
  ('D001373', 5.6, '2024-09-10', 'HS7B15', 'ENG', 'Cuối kỳ'),
  ('D001374', 9.2, '2024-11-07', 'HS7B15', 'ENG', '1 tiết'),
  ('D001375', 5.1, '2024-09-03', 'HS7B15', 'ENG', 'Cuối kỳ'),
  ('D001376', 6.1, '2024-10-06', 'HS7B15', 'ENG', '15 phút'),
  ('D001377', 9.7, '2024-10-16', 'HS7B15', 'CIV', '15 phút'),
  ('D001378', 9.8, '2024-10-12', 'HS7B15', 'CIV', 'Cuối kỳ'),
  ('D001379', 8.9, '2024-11-26', 'HS7B15', 'CIV', '15 phút'),
  ('D001380', 4.5, '2024-11-19', 'HS7B15', 'CIV', '15 phút'),
  ('D001381', 5.9, '2024-11-24', 'HS7B15', 'CIV', '1 tiết'),
  ('D001382', 9.2, '2024-09-26', 'HS7B16', 'MATH', 'Cuối kỳ'),
  ('D001383', 5.6, '2024-11-01', 'HS7B16', 'MATH', 'Cuối kỳ'),
  ('D001384', 9.7, '2024-09-21', 'HS7B16', 'MATH', 'Cuối kỳ'),
  ('D001385', 7.8, '2024-11-04', 'HS7B16', 'MATH', 'Miệng'),
  ('D001386', 5.3, '2024-09-14', 'HS7B16', 'MATH', '15 phút'),
  ('D001387', 7.6, '2024-09-12', 'HS7B16', 'MATH', '15 phút'),
  ('D001388', 9.8, '2024-11-01', 'HS7B16', 'ENG', '1 tiết'),
  ('D001389', 8.9, '2024-09-10', 'HS7B16', 'ENG', '1 tiết'),
  ('D001390', 7.0, '2024-09-23', 'HS7B16', 'ENG', 'Cuối kỳ'),
  ('D001391', 7.9, '2024-10-14', 'HS7B16', 'ENG', 'Cuối kỳ'),
  ('D001392', 6.1, '2024-11-14', 'HS7B16', 'GEO', '1 tiết'),
  ('D001393', 4.7, '2024-09-15', 'HS7B16', 'GEO', 'Cuối kỳ'),
  ('D001394', 6.2, '2024-11-20', 'HS7B16', 'GEO', '15 phút'),
  ('D001395', 7.3, '2024-10-10', 'HS7B16', 'GEO', 'Cuối kỳ'),
  ('D001396', 7.8, '2024-11-20', 'HS7B16', 'GEO', 'Miệng'),
  ('D001397', 8.8, '2024-09-03', 'HS7B16', 'CIV', 'Miệng'),
  ('D001398', 7.7, '2024-10-04', 'HS7B16', 'CIV', 'Cuối kỳ'),
  ('D001399', 8.5, '2024-11-18', 'HS7B16', 'CIV', 'Miệng'),
  ('D001400', 9.1, '2024-09-08', 'HS7B17', 'CIV', 'Cuối kỳ'),
  ('D001401', 7.3, '2024-09-07', 'HS7B17', 'CIV', 'Cuối kỳ'),
  ('D001402', 9.7, '2024-10-26', 'HS7B17', 'CIV', 'Cuối kỳ'),
  ('D001403', 6.5, '2024-11-23', 'HS7B17', 'CIV', 'Cuối kỳ'),
  ('D001404', 4.0, '2024-10-26', 'HS7B17', 'CIV', '15 phút'),
  ('D001405', 5.6, '2024-11-09', 'HS7B17', 'GEO', '1 tiết'),
  ('D001406', 9.0, '2024-10-22', 'HS7B17', 'GEO', '15 phút'),
  ('D001407', 4.0, '2024-10-02', 'HS7B17', 'GEO', 'Miệng'),
  ('D001408', 4.2, '2024-10-27', 'HS7B17', 'GEO', '1 tiết'),
  ('D001409', 6.0, '2024-11-14', 'HS7B17', 'GEO', '15 phút'),
  ('D001410', 5.2, '2024-11-13', 'HS7B17', 'IT', 'Miệng'),
  ('D001411', 8.8, '2024-11-14', 'HS7B17', 'IT', '15 phút'),
  ('D001412', 9.6, '2024-10-24', 'HS7B17', 'IT', '15 phút'),
  ('D001413', 6.4, '2024-10-17', 'HS7B17', 'IT', '15 phút'),
  ('D001414', 6.6, '2024-09-23', 'HS7B17', 'IT', '15 phút'),
  ('D001415', 7.0, '2024-11-19', 'HS7B17', 'IT', 'Cuối kỳ'),
  ('D001416', 9.0, '2024-09-11', 'HS7B17', 'MATH', '15 phút'),
  ('D001417', 4.6, '2024-09-14', 'HS7B17', 'MATH', 'Miệng'),
  ('D001418', 7.8, '2024-11-05', 'HS7B17', 'MATH', 'Miệng'),
  ('D001419', 7.7, '2024-11-03', 'HS7B17', 'MATH', 'Cuối kỳ'),
  ('D001420', 4.2, '2024-11-05', 'HS7B17', 'MATH', 'Cuối kỳ'),
  ('D001421', 7.9, '2024-09-10', 'HS7B18', 'CIV', '15 phút'),
  ('D001422', 7.2, '2024-09-24', 'HS7B18', 'CIV', 'Cuối kỳ'),
  ('D001423', 8.6, '2024-11-02', 'HS7B18', 'CIV', '1 tiết'),
  ('D001424', 4.5, '2024-09-21', 'HS7B18', 'CIV', 'Miệng'),
  ('D001425', 4.7, '2024-11-04', 'HS7B18', 'TEC', 'Miệng'),
  ('D001426', 4.9, '2024-10-06', 'HS7B18', 'TEC', 'Miệng'),
  ('D001427', 4.5, '2024-10-27', 'HS7B18', 'TEC', '15 phút'),
  ('D001428', 4.6, '2024-09-14', 'HS7B18', 'BIO', 'Miệng'),
  ('D001429', 6.9, '2024-11-03', 'HS7B18', 'BIO', '15 phút'),
  ('D001430', 8.1, '2024-10-11', 'HS7B18', 'BIO', 'Cuối kỳ'),
  ('D001431', 8.9, '2024-09-10', 'HS7B18', 'BIO', 'Miệng'),
  ('D001432', 9.4, '2024-11-19', 'HS7B18', 'BIO', 'Miệng'),
  ('D001433', 4.7, '2024-10-12', 'HS7B18', 'BIO', 'Cuối kỳ'),
  ('D001434', 5.0, '2024-11-09', 'HS7B18', 'ENG', 'Miệng'),
  ('D001435', 5.2, '2024-09-18', 'HS7B18', 'ENG', 'Miệng'),
  ('D001436', 7.1, '2024-09-07', 'HS7B18', 'ENG', '1 tiết'),
  ('D001437', 5.3, '2024-11-23', 'HS7B19', 'LIT', '15 phút'),
  ('D001438', 5.6, '2024-10-07', 'HS7B19', 'LIT', 'Miệng'),
  ('D001439', 6.1, '2024-11-21', 'HS7B19', 'LIT', '1 tiết'),
  ('D001440', 6.8, '2024-10-14', 'HS7B19', 'LIT', 'Cuối kỳ'),
  ('D001441', 5.5, '2024-09-22', 'HS7B19', 'PHY', '1 tiết'),
  ('D001442', 9.8, '2024-09-19', 'HS7B19', 'PHY', '1 tiết'),
  ('D001443', 5.0, '2024-09-24', 'HS7B19', 'PHY', 'Cuối kỳ'),
  ('D001444', 6.6, '2024-10-14', 'HS7B19', 'PHY', '1 tiết'),
  ('D001445', 7.7, '2024-11-13', 'HS7B19', 'MATH', 'Cuối kỳ'),
  ('D001446', 5.2, '2024-10-12', 'HS7B19', 'MATH', 'Miệng'),
  ('D001447', 6.7, '2024-09-17', 'HS7B19', 'MATH', '1 tiết'),
  ('D001448', 7.5, '2024-10-20', 'HS7B19', 'MATH', '1 tiết'),
  ('D001449', 6.4, '2024-09-06', 'HS7B19', 'MATH', '1 tiết'),
  ('D001450', 8.7, '2024-10-08', 'HS7B19', 'BIO', 'Miệng'),
  ('D001451', 5.3, '2024-10-12', 'HS7B19', 'BIO', '15 phút'),
  ('D001452', 8.7, '2024-09-01', 'HS7B19', 'BIO', '1 tiết'),
  ('D001453', 8.1, '2024-11-11', 'HS7B19', 'BIO', '15 phút'),
  ('D001454', 6.8, '2024-10-08', 'HS7B19', 'BIO', 'Miệng'),
  ('D001455', 6.3, '2024-11-07', 'HS7B19', 'BIO', '15 phút'),
  ('D001456', 8.1, '2024-10-11', 'HS7B20', 'LIT', '1 tiết'),
  ('D001457', 5.2, '2024-09-26', 'HS7B20', 'LIT', 'Cuối kỳ'),
  ('D001458', 7.0, '2024-10-14', 'HS7B20', 'LIT', 'Miệng'),
  ('D001459', 4.7, '2024-09-20', 'HS7B20', 'LIT', '1 tiết'),
  ('D001460', 7.5, '2024-09-19', 'HS7B20', 'LIT', 'Miệng'),
  ('D001461', 5.7, '2024-11-26', 'HS7B20', 'LIT', 'Miệng'),
  ('D001462', 5.7, '2024-10-02', 'HS7B20', 'IT', 'Miệng'),
  ('D001463', 6.0, '2024-09-03', 'HS7B20', 'IT', 'Cuối kỳ'),
  ('D001464', 4.6, '2024-10-24', 'HS7B20', 'IT', '1 tiết'),
  ('D001465', 5.6, '2024-10-13', 'HS7B20', 'IT', 'Miệng'),
  ('D001466', 7.3, '2024-10-16', 'HS7B20', 'IT', 'Miệng'),
  ('D001467', 6.4, '2024-11-15', 'HS7B20', 'IT', 'Cuối kỳ'),
  ('D001468', 9.1, '2024-11-04', 'HS7B20', 'CHE', 'Miệng'),
  ('D001469', 5.3, '2024-09-05', 'HS7B20', 'CHE', 'Miệng'),
  ('D001470', 10.0, '2024-11-24', 'HS7B20', 'CHE', 'Cuối kỳ'),
  ('D001471', 5.0, '2024-09-24', 'HS7B20', 'TEC', '1 tiết'),
  ('D001472', 8.9, '2024-11-01', 'HS7B20', 'TEC', 'Miệng'),
  ('D001473', 5.6, '2024-09-04', 'HS7B20', 'TEC', 'Miệng'),
  ('D001474', 9.7, '2024-09-09', 'HS7B20', 'TEC', '1 tiết'),
  ('D001475', 9.5, '2024-11-15', 'HS8A01', 'TEC', 'Miệng'),
  ('D001476', 4.8, '2024-09-25', 'HS8A01', 'TEC', 'Cuối kỳ'),
  ('D001477', 7.8, '2024-11-04', 'HS8A01', 'TEC', '15 phút'),
  ('D001478', 7.5, '2024-11-16', 'HS8A01', 'TEC', '1 tiết'),
  ('D001479', 8.6, '2024-10-08', 'HS8A01', 'PE', 'Miệng'),
  ('D001480', 5.6, '2024-10-23', 'HS8A01', 'PE', 'Miệng'),
  ('D001481', 6.1, '2024-09-22', 'HS8A01', 'PE', '15 phút'),
  ('D001482', 8.2, '2024-09-16', 'HS8A01', 'PE', 'Miệng'),
  ('D001483', 5.3, '2024-11-07', 'HS8A01', 'PE', 'Cuối kỳ'),
  ('D001484', 5.1, '2024-09-11', 'HS8A01', 'HIS', '15 phút'),
  ('D001485', 8.9, '2024-11-17', 'HS8A01', 'HIS', '1 tiết'),
  ('D001486', 8.6, '2024-10-23', 'HS8A01', 'HIS', 'Cuối kỳ'),
  ('D001487', 7.9, '2024-11-04', 'HS8A01', 'HIS', '15 phút'),
  ('D001488', 5.3, '2024-10-13', 'HS8A01', 'HIS', 'Cuối kỳ'),
  ('D001489', 9.2, '2024-11-07', 'HS8A01', 'HIS', 'Cuối kỳ'),
  ('D001490', 4.4, '2024-10-06', 'HS8A01', 'CHE', '1 tiết'),
  ('D001491', 9.7, '2024-11-21', 'HS8A01', 'CHE', 'Miệng'),
  ('D001492', 4.9, '2024-09-24', 'HS8A01', 'CHE', 'Miệng'),
  ('D001493', 5.4, '2024-10-06', 'HS8A01', 'CHE', '1 tiết'),
  ('D001494', 5.6, '2024-11-03', 'HS8A02', 'MATH', '1 tiết'),
  ('D001495', 6.6, '2024-09-13', 'HS8A02', 'MATH', 'Cuối kỳ'),
  ('D001496', 7.0, '2024-09-15', 'HS8A02', 'MATH', '1 tiết'),
  ('D001497', 6.2, '2024-09-21', 'HS8A02', 'MATH', 'Cuối kỳ'),
  ('D001498', 8.4, '2024-10-07', 'HS8A02', 'MATH', '1 tiết'),
  ('D001499', 6.4, '2024-11-09', 'HS8A02', 'GEO', 'Cuối kỳ'),
  ('D001500', 7.1, '2024-09-22', 'HS8A02', 'GEO', 'Miệng'),
  ('D001501', 7.9, '2024-09-08', 'HS8A02', 'GEO', 'Miệng'),
  ('D001502', 4.3, '2024-09-19', 'HS8A02', 'GEO', '1 tiết'),
  ('D001503', 4.4, '2024-09-09', 'HS8A02', 'IT', '15 phút'),
  ('D001504', 9.3, '2024-11-23', 'HS8A02', 'IT', 'Cuối kỳ'),
  ('D001505', 6.4, '2024-09-08', 'HS8A02', 'IT', '1 tiết'),
  ('D001506', 7.0, '2024-09-26', 'HS8A02', 'IT', '15 phút'),
  ('D001507', 7.8, '2024-11-20', 'HS8A02', 'CIV', '1 tiết'),
  ('D001508', 8.4, '2024-09-06', 'HS8A02', 'CIV', 'Cuối kỳ'),
  ('D001509', 8.4, '2024-11-08', 'HS8A02', 'CIV', '15 phút'),
  ('D001510', 5.9, '2024-09-06', 'HS8A02', 'CIV', '15 phút'),
  ('D001511', 6.0, '2024-10-05', 'HS8A02', 'CIV', 'Miệng'),
  ('D001512', 5.1, '2024-10-03', 'HS8A03', 'CIV', '15 phút'),
  ('D001513', 8.1, '2024-09-20', 'HS8A03', 'CIV', '1 tiết'),
  ('D001514', 9.8, '2024-11-01', 'HS8A03', 'CIV', 'Cuối kỳ'),
  ('D001515', 6.8, '2024-09-27', 'HS8A03', 'GEO', 'Miệng'),
  ('D001516', 7.4, '2024-10-27', 'HS8A03', 'GEO', '15 phút'),
  ('D001517', 7.2, '2024-09-25', 'HS8A03', 'GEO', '15 phút'),
  ('D001518', 8.7, '2024-09-10', 'HS8A03', 'GEO', '1 tiết'),
  ('D001519', 6.9, '2024-10-18', 'HS8A03', 'HIS', '1 tiết'),
  ('D001520', 8.0, '2024-10-12', 'HS8A03', 'HIS', 'Cuối kỳ'),
  ('D001521', 4.1, '2024-10-10', 'HS8A03', 'HIS', '1 tiết'),
  ('D001522', 9.3, '2024-11-28', 'HS8A03', 'HIS', 'Cuối kỳ'),
  ('D001523', 4.7, '2024-11-17', 'HS8A03', 'HIS', 'Miệng'),
  ('D001524', 4.9, '2024-10-28', 'HS8A03', 'HIS', '15 phút'),
  ('D001525', 6.1, '2024-09-08', 'HS8A03', 'BIO', 'Cuối kỳ'),
  ('D001526', 6.2, '2024-11-03', 'HS8A03', 'BIO', '15 phút'),
  ('D001527', 9.5, '2024-10-21', 'HS8A03', 'BIO', 'Miệng'),
  ('D001528', 9.8, '2024-11-22', 'HS8A03', 'BIO', 'Cuối kỳ'),
  ('D001529', 6.3, '2024-10-09', 'HS8A04', 'IT', '1 tiết'),
  ('D001530', 5.1, '2024-11-17', 'HS8A04', 'IT', '1 tiết'),
  ('D001531', 9.0, '2024-09-14', 'HS8A04', 'IT', 'Cuối kỳ'),
  ('D001532', 7.4, '2024-10-10', 'HS8A04', 'IT', 'Miệng'),
  ('D001533', 9.8, '2024-10-22', 'HS8A04', 'IT', '15 phút'),
  ('D001534', 8.1, '2024-11-10', 'HS8A04', 'ENG', '15 phút'),
  ('D001535', 5.8, '2024-10-03', 'HS8A04', 'ENG', '1 tiết'),
  ('D001536', 4.1, '2024-09-07', 'HS8A04', 'ENG', '1 tiết'),
  ('D001537', 9.0, '2024-09-02', 'HS8A04', 'ENG', 'Cuối kỳ'),
  ('D001538', 5.8, '2024-10-12', 'HS8A04', 'ENG', 'Miệng'),
  ('D001539', 4.3, '2024-09-12', 'HS8A04', 'ENG', '1 tiết'),
  ('D001540', 9.7, '2024-11-09', 'HS8A04', 'CHE', '15 phút'),
  ('D001541', 10.0, '2024-09-14', 'HS8A04', 'CHE', 'Miệng'),
  ('D001542', 5.7, '2024-09-16', 'HS8A04', 'CHE', '1 tiết'),
  ('D001543', 5.5, '2024-11-21', 'HS8A04', 'CHE', 'Cuối kỳ'),
  ('D001544', 6.4, '2024-09-09', 'HS8A04', 'BIO', '1 tiết'),
  ('D001545', 7.6, '2024-09-19', 'HS8A04', 'BIO', 'Cuối kỳ'),
  ('D001546', 8.1, '2024-10-26', 'HS8A04', 'BIO', '15 phút'),
  ('D001547', 8.1, '2024-09-09', 'HS8A04', 'BIO', '15 phút'),
  ('D001548', 6.5, '2024-09-10', 'HS8A04', 'BIO', '1 tiết'),
  ('D001549', 4.5, '2024-11-21', 'HS8A04', 'BIO', 'Cuối kỳ'),
  ('D001550', 4.8, '2024-10-23', 'HS8A05', 'IT', '1 tiết'),
  ('D001551', 7.0, '2024-11-23', 'HS8A05', 'IT', '1 tiết'),
  ('D001552', 6.8, '2024-10-15', 'HS8A05', 'IT', 'Cuối kỳ'),
  ('D001553', 6.8, '2024-11-01', 'HS8A05', 'ENG', 'Cuối kỳ'),
  ('D001554', 4.5, '2024-09-20', 'HS8A05', 'ENG', '1 tiết'),
  ('D001555', 8.7, '2024-11-17', 'HS8A05', 'ENG', '1 tiết'),
  ('D001556', 4.8, '2024-11-19', 'HS8A05', 'ENG', '1 tiết'),
  ('D001557', 4.3, '2024-10-05', 'HS8A05', 'ENG', 'Cuối kỳ'),
  ('D001558', 8.0, '2024-10-26', 'HS8A05', 'ENG', 'Cuối kỳ'),
  ('D001559', 4.5, '2024-10-27', 'HS8A05', 'HIS', 'Miệng'),
  ('D001560', 6.0, '2024-09-27', 'HS8A05', 'HIS', '1 tiết'),
  ('D001561', 7.4, '2024-11-11', 'HS8A05', 'HIS', 'Miệng'),
  ('D001562', 8.4, '2024-11-17', 'HS8A05', 'PE', 'Miệng'),
  ('D001563', 8.2, '2024-11-05', 'HS8A05', 'PE', 'Cuối kỳ'),
  ('D001564', 4.8, '2024-11-21', 'HS8A05', 'PE', '15 phút'),
  ('D001565', 7.7, '2024-09-04', 'HS8A06', 'CHE', 'Miệng'),
  ('D001566', 4.0, '2024-11-04', 'HS8A06', 'CHE', 'Miệng'),
  ('D001567', 5.5, '2024-09-16', 'HS8A06', 'CHE', 'Miệng'),
  ('D001568', 9.0, '2024-10-13', 'HS8A06', 'CHE', 'Miệng'),
  ('D001569', 9.6, '2024-10-13', 'HS8A06', 'CHE', 'Cuối kỳ'),
  ('D001570', 9.9, '2024-09-27', 'HS8A06', 'CHE', '1 tiết'),
  ('D001571', 9.2, '2024-11-04', 'HS8A06', 'CIV', 'Cuối kỳ'),
  ('D001572', 4.9, '2024-09-06', 'HS8A06', 'CIV', '15 phút'),
  ('D001573', 8.9, '2024-11-08', 'HS8A06', 'CIV', '15 phút'),
  ('D001574', 7.1, '2024-11-18', 'HS8A06', 'CIV', '15 phút'),
  ('D001575', 6.9, '2024-10-10', 'HS8A06', 'CIV', 'Miệng'),
  ('D001576', 9.8, '2024-10-12', 'HS8A06', 'CIV', '1 tiết'),
  ('D001577', 6.3, '2024-09-15', 'HS8A06', 'TEC', 'Cuối kỳ'),
  ('D001578', 8.9, '2024-09-01', 'HS8A06', 'TEC', '1 tiết'),
  ('D001579', 6.7, '2024-11-13', 'HS8A06', 'TEC', 'Miệng'),
  ('D001580', 7.5, '2024-09-21', 'HS8A06', 'TEC', 'Cuối kỳ'),
  ('D001581', 4.3, '2024-10-05', 'HS8A06', 'TEC', 'Cuối kỳ'),
  ('D001582', 9.3, '2024-10-09', 'HS8A06', 'TEC', 'Miệng'),
  ('D001583', 6.1, '2024-11-07', 'HS8A06', 'MATH', '1 tiết'),
  ('D001584', 9.4, '2024-11-13', 'HS8A06', 'MATH', 'Miệng'),
  ('D001585', 5.0, '2024-09-12', 'HS8A06', 'MATH', '1 tiết'),
  ('D001586', 6.8, '2024-09-09', 'HS8A06', 'MATH', '1 tiết'),
  ('D001587', 7.6, '2024-09-19', 'HS8A07', 'HIS', '1 tiết'),
  ('D001588', 4.8, '2024-10-19', 'HS8A07', 'HIS', '1 tiết'),
  ('D001589', 7.5, '2024-10-03', 'HS8A07', 'HIS', 'Miệng'),
  ('D001590', 4.2, '2024-11-06', 'HS8A07', 'HIS', '15 phút'),
  ('D001591', 4.6, '2024-09-16', 'HS8A07', 'HIS', 'Cuối kỳ'),
  ('D001592', 5.9, '2024-09-25', 'HS8A07', 'HIS', '15 phút'),
  ('D001593', 9.4, '2024-09-24', 'HS8A07', 'LIT', 'Cuối kỳ'),
  ('D001594', 8.5, '2024-10-03', 'HS8A07', 'LIT', 'Miệng'),
  ('D001595', 7.7, '2024-09-02', 'HS8A07', 'LIT', 'Miệng'),
  ('D001596', 8.6, '2024-11-21', 'HS8A07', 'GEO', 'Miệng'),
  ('D001597', 9.5, '2024-10-04', 'HS8A07', 'GEO', 'Cuối kỳ'),
  ('D001598', 6.3, '2024-11-19', 'HS8A07', 'GEO', '15 phút'),
  ('D001599', 5.2, '2024-10-15', 'HS8A07', 'GEO', '1 tiết'),
  ('D001600', 5.4, '2024-11-06', 'HS8A07', 'GEO', 'Cuối kỳ'),
  ('D001601', 8.9, '2024-09-03', 'HS8A07', 'GEO', 'Miệng'),
  ('D001602', 5.2, '2024-09-01', 'HS8A07', 'TEC', '1 tiết'),
  ('D001603', 8.6, '2024-11-18', 'HS8A07', 'TEC', 'Miệng'),
  ('D001604', 6.0, '2024-11-24', 'HS8A07', 'TEC', 'Cuối kỳ'),
  ('D001605', 6.1, '2024-11-28', 'HS8A08', 'PHY', '15 phút'),
  ('D001606', 8.8, '2024-10-14', 'HS8A08', 'PHY', 'Cuối kỳ'),
  ('D001607', 9.2, '2024-11-03', 'HS8A08', 'PHY', '15 phút'),
  ('D001608', 8.7, '2024-10-04', 'HS8A08', 'PHY', 'Miệng'),
  ('D001609', 7.0, '2024-09-20', 'HS8A08', 'PHY', '1 tiết'),
  ('D001610', 5.3, '2024-10-27', 'HS8A08', 'TEC', '1 tiết'),
  ('D001611', 6.3, '2024-10-03', 'HS8A08', 'TEC', '15 phút'),
  ('D001612', 9.8, '2024-09-18', 'HS8A08', 'TEC', '15 phút'),
  ('D001613', 6.4, '2024-09-18', 'HS8A08', 'PE', 'Miệng'),
  ('D001614', 7.5, '2024-10-21', 'HS8A08', 'PE', 'Miệng'),
  ('D001615', 4.2, '2024-10-09', 'HS8A08', 'PE', '15 phút'),
  ('D001616', 6.0, '2024-09-05', 'HS8A08', 'PE', '15 phút'),
  ('D001617', 7.3, '2024-11-11', 'HS8A08', 'PE', 'Miệng'),
  ('D001618', 7.0, '2024-11-20', 'HS8A08', 'GEO', 'Miệng'),
  ('D001619', 6.1, '2024-09-14', 'HS8A08', 'GEO', 'Miệng'),
  ('D001620', 9.3, '2024-10-05', 'HS8A08', 'GEO', '1 tiết'),
  ('D001621', 8.3, '2024-09-02', 'HS8A08', 'GEO', 'Cuối kỳ'),
  ('D001622', 5.8, '2024-09-01', 'HS8A09', 'IT', 'Miệng'),
  ('D001623', 4.2, '2024-09-18', 'HS8A09', 'IT', 'Cuối kỳ'),
  ('D001624', 8.1, '2024-11-01', 'HS8A09', 'IT', 'Cuối kỳ'),
  ('D001625', 4.3, '2024-10-23', 'HS8A09', 'IT', '15 phút'),
  ('D001626', 6.6, '2024-10-18', 'HS8A09', 'IT', '15 phút'),
  ('D001627', 4.7, '2024-09-20', 'HS8A09', 'IT', '1 tiết'),
  ('D001628', 5.2, '2024-10-02', 'HS8A09', 'PHY', '15 phút'),
  ('D001629', 5.4, '2024-11-01', 'HS8A09', 'PHY', '15 phút'),
  ('D001630', 6.5, '2024-11-19', 'HS8A09', 'PHY', 'Miệng'),
  ('D001631', 9.9, '2024-09-28', 'HS8A09', 'PHY', '15 phút'),
  ('D001632', 8.9, '2024-09-02', 'HS8A09', 'PHY', '15 phút'),
  ('D001633', 5.1, '2024-09-11', 'HS8A09', 'BIO', '1 tiết'),
  ('D001634', 7.6, '2024-09-10', 'HS8A09', 'BIO', '15 phút'),
  ('D001635', 7.6, '2024-10-22', 'HS8A09', 'BIO', 'Miệng'),
  ('D001636', 7.9, '2024-09-09', 'HS8A09', 'BIO', '15 phút'),
  ('D001637', 7.0, '2024-11-27', 'HS8A09', 'BIO', '1 tiết'),
  ('D001638', 9.4, '2024-09-15', 'HS8A09', 'BIO', '1 tiết'),
  ('D001639', 8.7, '2024-10-28', 'HS8A09', 'HIS', '15 phút'),
  ('D001640', 7.2, '2024-10-11', 'HS8A09', 'HIS', 'Miệng'),
  ('D001641', 4.3, '2024-10-23', 'HS8A09', 'HIS', 'Cuối kỳ'),
  ('D001642', 5.7, '2024-09-05', 'HS8A09', 'HIS', '15 phút'),
  ('D001643', 5.8, '2024-11-07', 'HS8A09', 'HIS', 'Miệng'),
  ('D001644', 7.9, '2024-10-04', 'HS8A10', 'BIO', 'Miệng'),
  ('D001645', 7.0, '2024-09-09', 'HS8A10', 'BIO', '1 tiết'),
  ('D001646', 7.5, '2024-10-27', 'HS8A10', 'BIO', 'Miệng'),
  ('D001647', 4.4, '2024-11-13', 'HS8A10', 'BIO', 'Cuối kỳ'),
  ('D001648', 4.1, '2024-10-13', 'HS8A10', 'BIO', 'Cuối kỳ'),
  ('D001649', 4.3, '2024-09-13', 'HS8A10', 'BIO', '15 phút'),
  ('D001650', 7.2, '2024-11-10', 'HS8A10', 'ENG', 'Miệng'),
  ('D001651', 7.2, '2024-10-01', 'HS8A10', 'ENG', '1 tiết'),
  ('D001652', 9.5, '2024-10-26', 'HS8A10', 'ENG', '15 phút'),
  ('D001653', 8.5, '2024-10-24', 'HS8A10', 'ENG', 'Cuối kỳ'),
  ('D001654', 9.2, '2024-11-24', 'HS8A10', 'ENG', 'Miệng'),
  ('D001655', 8.8, '2024-11-13', 'HS8A10', 'ENG', '1 tiết'),
  ('D001656', 6.5, '2024-11-19', 'HS8A10', 'MATH', '1 tiết'),
  ('D001657', 5.0, '2024-10-15', 'HS8A10', 'MATH', '15 phút'),
  ('D001658', 4.8, '2024-09-09', 'HS8A10', 'MATH', '1 tiết'),
  ('D001659', 4.5, '2024-09-25', 'HS8A10', 'MATH', '1 tiết'),
  ('D001660', 6.0, '2024-10-02', 'HS8A10', 'MATH', '1 tiết'),
  ('D001661', 6.2, '2024-11-09', 'HS8A10', 'MATH', 'Miệng'),
  ('D001662', 5.8, '2024-11-11', 'HS8A10', 'PHY', '1 tiết'),
  ('D001663', 9.1, '2024-10-15', 'HS8A10', 'PHY', 'Miệng'),
  ('D001664', 6.6, '2024-10-02', 'HS8A10', 'PHY', '1 tiết'),
  ('D001665', 4.4, '2024-09-09', 'HS8A11', 'GEO', '1 tiết'),
  ('D001666', 9.7, '2024-10-06', 'HS8A11', 'GEO', '1 tiết'),
  ('D001667', 8.6, '2024-10-09', 'HS8A11', 'GEO', 'Cuối kỳ'),
  ('D001668', 4.8, '2024-11-06', 'HS8A11', 'GEO', '15 phút'),
  ('D001669', 9.2, '2024-11-02', 'HS8A11', 'GEO', '15 phút'),
  ('D001670', 4.7, '2024-09-06', 'HS8A11', 'GEO', 'Cuối kỳ'),
  ('D001671', 4.3, '2024-11-08', 'HS8A11', 'CIV', 'Miệng'),
  ('D001672', 9.7, '2024-10-09', 'HS8A11', 'CIV', 'Miệng'),
  ('D001673', 8.1, '2024-10-18', 'HS8A11', 'CIV', 'Miệng'),
  ('D001674', 7.6, '2024-10-04', 'HS8A11', 'CIV', 'Miệng'),
  ('D001675', 7.0, '2024-09-17', 'HS8A11', 'CIV', 'Miệng'),
  ('D001676', 5.2, '2024-11-12', 'HS8A11', 'IT', 'Cuối kỳ'),
  ('D001677', 4.4, '2024-10-10', 'HS8A11', 'IT', '15 phút'),
  ('D001678', 4.1, '2024-11-26', 'HS8A11', 'IT', '1 tiết'),
  ('D001679', 6.0, '2024-10-21', 'HS8A11', 'IT', '1 tiết'),
  ('D001680', 9.7, '2024-10-20', 'HS8A11', 'PHY', 'Miệng'),
  ('D001681', 5.0, '2024-09-10', 'HS8A11', 'PHY', '15 phút'),
  ('D001682', 9.5, '2024-09-04', 'HS8A11', 'PHY', '15 phút'),
  ('D001683', 8.8, '2024-11-23', 'HS8A11', 'PHY', '1 tiết'),
  ('D001684', 9.6, '2024-10-27', 'HS8A11', 'PHY', 'Miệng'),
  ('D001685', 7.9, '2024-09-13', 'HS8A11', 'PHY', 'Miệng'),
  ('D001686', 7.2, '2024-09-28', 'HS8A12', 'LIT', 'Miệng'),
  ('D001687', 7.6, '2024-11-17', 'HS8A12', 'LIT', 'Cuối kỳ'),
  ('D001688', 5.9, '2024-09-27', 'HS8A12', 'LIT', '1 tiết'),
  ('D001689', 9.5, '2024-10-08', 'HS8A12', 'LIT', '1 tiết'),
  ('D001690', 5.4, '2024-10-24', 'HS8A12', 'LIT', 'Miệng'),
  ('D001691', 8.2, '2024-10-24', 'HS8A12', 'LIT', 'Cuối kỳ'),
  ('D001692', 4.5, '2024-11-17', 'HS8A12', 'PHY', 'Miệng'),
  ('D001693', 9.5, '2024-11-16', 'HS8A12', 'PHY', '15 phút'),
  ('D001694', 6.7, '2024-10-08', 'HS8A12', 'PHY', '15 phút'),
  ('D001695', 9.6, '2024-09-25', 'HS8A12', 'PHY', 'Cuối kỳ'),
  ('D001696', 8.0, '2024-11-05', 'HS8A12', 'PHY', '1 tiết'),
  ('D001697', 6.0, '2024-09-03', 'HS8A12', 'PE', 'Cuối kỳ'),
  ('D001698', 6.5, '2024-09-19', 'HS8A12', 'PE', 'Cuối kỳ'),
  ('D001699', 7.8, '2024-09-06', 'HS8A12', 'PE', 'Cuối kỳ'),
  ('D001700', 4.1, '2024-09-14', 'HS8A12', 'PE', '1 tiết'),
  ('D001701', 8.6, '2024-11-16', 'HS8A12', 'PE', 'Miệng'),
  ('D001702', 9.2, '2024-10-01', 'HS8A12', 'IT', '15 phút'),
  ('D001703', 9.9, '2024-09-17', 'HS8A12', 'IT', 'Cuối kỳ'),
  ('D001704', 9.4, '2024-10-05', 'HS8A12', 'IT', 'Cuối kỳ'),
  ('D001705', 8.2, '2024-09-23', 'HS8A12', 'IT', '1 tiết'),
  ('D001706', 4.4, '2024-10-15', 'HS8A13', 'LIT', 'Cuối kỳ'),
  ('D001707', 7.8, '2024-11-27', 'HS8A13', 'LIT', 'Cuối kỳ'),
  ('D001708', 5.7, '2024-10-23', 'HS8A13', 'LIT', '15 phút'),
  ('D001709', 8.3, '2024-11-27', 'HS8A13', 'BIO', 'Miệng'),
  ('D001710', 4.9, '2024-09-19', 'HS8A13', 'BIO', '1 tiết'),
  ('D001711', 8.0, '2024-10-13', 'HS8A13', 'BIO', '1 tiết'),
  ('D001712', 6.6, '2024-11-24', 'HS8A13', 'BIO', '1 tiết'),
  ('D001713', 5.4, '2024-10-11', 'HS8A13', 'CIV', 'Miệng'),
  ('D001714', 7.4, '2024-11-19', 'HS8A13', 'CIV', 'Cuối kỳ'),
  ('D001715', 5.7, '2024-10-11', 'HS8A13', 'CIV', '15 phút'),
  ('D001716', 4.3, '2024-11-24', 'HS8A13', 'TEC', '15 phút'),
  ('D001717', 6.6, '2024-10-19', 'HS8A13', 'TEC', '1 tiết'),
  ('D001718', 4.6, '2024-10-06', 'HS8A13', 'TEC', 'Miệng'),
  ('D001719', 5.7, '2024-10-15', 'HS8A13', 'TEC', '15 phút'),
  ('D001720', 8.0, '2024-09-04', 'HS8A14', 'ENG', '15 phút'),
  ('D001721', 7.3, '2024-11-25', 'HS8A14', 'ENG', '15 phút'),
  ('D001722', 4.2, '2024-09-18', 'HS8A14', 'ENG', '15 phút'),
  ('D001723', 4.0, '2024-09-12', 'HS8A14', 'ENG', '15 phút'),
  ('D001724', 9.7, '2024-11-14', 'HS8A14', 'CHE', 'Cuối kỳ'),
  ('D001725', 7.1, '2024-10-10', 'HS8A14', 'CHE', 'Miệng'),
  ('D001726', 8.3, '2024-09-15', 'HS8A14', 'CHE', 'Cuối kỳ'),
  ('D001727', 7.0, '2024-09-28', 'HS8A14', 'CHE', '15 phút'),
  ('D001728', 10.0, '2024-11-22', 'HS8A14', 'CHE', 'Miệng'),
  ('D001729', 8.8, '2024-11-26', 'HS8A14', 'CIV', '15 phút'),
  ('D001730', 8.4, '2024-10-06', 'HS8A14', 'CIV', '1 tiết'),
  ('D001731', 5.7, '2024-11-24', 'HS8A14', 'CIV', 'Miệng'),
  ('D001732', 8.2, '2024-10-02', 'HS8A14', 'CIV', 'Cuối kỳ'),
  ('D001733', 4.6, '2024-11-26', 'HS8A14', 'CIV', '1 tiết'),
  ('D001734', 9.0, '2024-11-27', 'HS8A14', 'LIT', 'Miệng'),
  ('D001735', 9.7, '2024-11-01', 'HS8A14', 'LIT', '15 phút'),
  ('D001736', 4.8, '2024-10-28', 'HS8A14', 'LIT', '15 phút'),
  ('D001737', 8.0, '2024-10-16', 'HS8A14', 'LIT', '15 phút'),
  ('D001738', 5.2, '2024-09-17', 'HS8A15', 'GEO', '15 phút'),
  ('D001739', 4.0, '2024-09-16', 'HS8A15', 'GEO', '15 phút'),
  ('D001740', 8.3, '2024-09-14', 'HS8A15', 'GEO', '1 tiết'),
  ('D001741', 7.7, '2024-11-19', 'HS8A15', 'GEO', '15 phút'),
  ('D001742', 6.9, '2024-11-06', 'HS8A15', 'ENG', '1 tiết'),
  ('D001743', 9.0, '2024-10-22', 'HS8A15', 'ENG', 'Cuối kỳ'),
  ('D001744', 6.9, '2024-11-13', 'HS8A15', 'ENG', '1 tiết'),
  ('D001745', 7.3, '2024-10-04', 'HS8A15', 'ENG', '15 phút'),
  ('D001746', 4.7, '2024-10-14', 'HS8A15', 'ENG', 'Cuối kỳ'),
  ('D001747', 5.5, '2024-10-04', 'HS8A15', 'TEC', '15 phút'),
  ('D001748', 6.8, '2024-10-22', 'HS8A15', 'TEC', 'Miệng'),
  ('D001749', 6.1, '2024-10-23', 'HS8A15', 'TEC', '15 phút'),
  ('D001750', 8.6, '2024-10-27', 'HS8A15', 'TEC', 'Cuối kỳ'),
  ('D001751', 7.6, '2024-11-08', 'HS8A15', 'TEC', 'Miệng'),
  ('D001752', 5.6, '2024-09-28', 'HS8A15', 'CHE', 'Cuối kỳ'),
  ('D001753', 4.4, '2024-10-09', 'HS8A15', 'CHE', '1 tiết'),
  ('D001754', 6.5, '2024-10-14', 'HS8A15', 'CHE', 'Cuối kỳ'),
  ('D001755', 5.6, '2024-09-09', 'HS8A15', 'CHE', 'Cuối kỳ'),
  ('D001756', 8.4, '2024-10-21', 'HS8A15', 'CHE', 'Miệng'),
  ('D001757', 7.2, '2024-11-04', 'HS8A16', 'CHE', '1 tiết'),
  ('D001758', 4.8, '2024-11-01', 'HS8A16', 'CHE', 'Miệng'),
  ('D001759', 8.8, '2024-09-25', 'HS8A16', 'CHE', '1 tiết'),
  ('D001760', 9.5, '2024-11-03', 'HS8A16', 'CHE', 'Miệng'),
  ('D001761', 6.2, '2024-09-06', 'HS8A16', 'GEO', 'Cuối kỳ'),
  ('D001762', 9.2, '2024-09-10', 'HS8A16', 'GEO', '15 phút'),
  ('D001763', 9.5, '2024-10-14', 'HS8A16', 'GEO', '15 phút'),
  ('D001764', 7.3, '2024-09-01', 'HS8A16', 'GEO', 'Miệng'),
  ('D001765', 8.5, '2024-11-04', 'HS8A16', 'HIS', 'Cuối kỳ'),
  ('D001766', 8.7, '2024-09-06', 'HS8A16', 'HIS', '1 tiết'),
  ('D001767', 5.8, '2024-09-21', 'HS8A16', 'HIS', '15 phút'),
  ('D001768', 5.6, '2024-09-27', 'HS8A16', 'PHY', 'Cuối kỳ'),
  ('D001769', 7.9, '2024-09-27', 'HS8A16', 'PHY', '1 tiết'),
  ('D001770', 9.2, '2024-09-03', 'HS8A16', 'PHY', 'Cuối kỳ'),
  ('D001771', 8.4, '2024-10-07', 'HS8A17', 'MATH', '1 tiết'),
  ('D001772', 8.7, '2024-10-17', 'HS8A17', 'MATH', 'Miệng'),
  ('D001773', 5.8, '2024-10-07', 'HS8A17', 'MATH', 'Miệng'),
  ('D001774', 9.8, '2024-11-16', 'HS8A17', 'TEC', 'Cuối kỳ'),
  ('D001775', 5.7, '2024-09-08', 'HS8A17', 'TEC', 'Cuối kỳ'),
  ('D001776', 7.4, '2024-10-10', 'HS8A17', 'TEC', '15 phút'),
  ('D001777', 6.3, '2024-10-24', 'HS8A17', 'TEC', 'Cuối kỳ'),
  ('D001778', 9.7, '2024-11-23', 'HS8A17', 'TEC', 'Miệng'),
  ('D001779', 5.3, '2024-09-13', 'HS8A17', 'IT', '15 phút'),
  ('D001780', 6.7, '2024-10-19', 'HS8A17', 'IT', 'Miệng'),
  ('D001781', 7.9, '2024-10-05', 'HS8A17', 'IT', 'Miệng'),
  ('D001782', 4.6, '2024-09-07', 'HS8A17', 'IT', 'Cuối kỳ'),
  ('D001783', 7.6, '2024-09-05', 'HS8A17', 'IT', 'Cuối kỳ'),
  ('D001784', 7.7, '2024-10-17', 'HS8A17', 'IT', '15 phút'),
  ('D001785', 8.6, '2024-10-14', 'HS8A17', 'ENG', '1 tiết'),
  ('D001786', 8.4, '2024-09-02', 'HS8A17', 'ENG', '1 tiết'),
  ('D001787', 8.1, '2024-11-14', 'HS8A17', 'ENG', 'Miệng'),
  ('D001788', 5.9, '2024-11-08', 'HS8A18', 'CHE', '1 tiết'),
  ('D001789', 6.8, '2024-10-17', 'HS8A18', 'CHE', 'Miệng'),
  ('D001790', 9.5, '2024-10-23', 'HS8A18', 'CHE', 'Miệng'),
  ('D001791', 6.3, '2024-09-06', 'HS8A18', 'CHE', 'Miệng'),
  ('D001792', 5.0, '2024-10-28', 'HS8A18', 'CHE', 'Miệng'),
  ('D001793', 4.2, '2024-10-16', 'HS8A18', 'CHE', '15 phút'),
  ('D001794', 4.8, '2024-11-14', 'HS8A18', 'PHY', 'Cuối kỳ'),
  ('D001795', 4.1, '2024-09-14', 'HS8A18', 'PHY', '1 tiết'),
  ('D001796', 8.3, '2024-11-09', 'HS8A18', 'PHY', '1 tiết'),
  ('D001797', 7.7, '2024-10-19', 'HS8A18', 'PHY', '15 phút'),
  ('D001798', 4.8, '2024-11-22', 'HS8A18', 'PHY', '15 phút'),
  ('D001799', 8.8, '2024-11-12', 'HS8A18', 'PHY', '1 tiết'),
  ('D001800', 6.8, '2024-10-24', 'HS8A18', 'IT', '15 phút'),
  ('D001801', 5.0, '2024-11-27', 'HS8A18', 'IT', 'Cuối kỳ'),
  ('D001802', 4.1, '2024-10-06', 'HS8A18', 'IT', '15 phút'),
  ('D001803', 6.8, '2024-09-10', 'HS8A18', 'IT', '15 phút'),
  ('D001804', 5.2, '2024-09-18', 'HS8A18', 'IT', 'Cuối kỳ'),
  ('D001805', 6.0, '2024-09-20', 'HS8A18', 'IT', 'Cuối kỳ'),
  ('D001806', 4.4, '2024-11-18', 'HS8A18', 'GEO', '15 phút'),
  ('D001807', 6.1, '2024-09-07', 'HS8A18', 'GEO', '1 tiết'),
  ('D001808', 5.7, '2024-10-19', 'HS8A18', 'GEO', '1 tiết'),
  ('D001809', 6.2, '2024-10-09', 'HS8A18', 'GEO', '15 phút'),
  ('D001810', 5.7, '2024-10-19', 'HS8A19', 'LIT', 'Miệng'),
  ('D001811', 4.8, '2024-11-19', 'HS8A19', 'LIT', 'Cuối kỳ'),
  ('D001812', 6.0, '2024-11-20', 'HS8A19', 'LIT', '1 tiết'),
  ('D001813', 9.8, '2024-11-28', 'HS8A19', 'LIT', 'Cuối kỳ'),
  ('D001814', 5.0, '2024-09-07', 'HS8A19', 'PE', 'Miệng'),
  ('D001815', 9.6, '2024-11-05', 'HS8A19', 'PE', '15 phút'),
  ('D001816', 5.0, '2024-09-11', 'HS8A19', 'PE', 'Miệng'),
  ('D001817', 9.4, '2024-09-05', 'HS8A19', 'PE', 'Cuối kỳ'),
  ('D001818', 8.0, '2024-10-10', 'HS8A19', 'ENG', 'Miệng'),
  ('D001819', 5.4, '2024-10-13', 'HS8A19', 'ENG', 'Cuối kỳ'),
  ('D001820', 8.2, '2024-10-10', 'HS8A19', 'ENG', '1 tiết'),
  ('D001821', 7.2, '2024-11-27', 'HS8A19', 'ENG', '15 phút'),
  ('D001822', 9.7, '2024-11-27', 'HS8A19', 'ENG', '1 tiết'),
  ('D001823', 8.3, '2024-10-18', 'HS8A19', 'ENG', 'Cuối kỳ'),
  ('D001824', 8.2, '2024-10-22', 'HS8A19', 'TEC', 'Miệng'),
  ('D001825', 7.3, '2024-10-21', 'HS8A19', 'TEC', '1 tiết'),
  ('D001826', 5.1, '2024-10-28', 'HS8A19', 'TEC', 'Cuối kỳ'),
  ('D001827', 8.6, '2024-10-24', 'HS8A19', 'TEC', 'Cuối kỳ'),
  ('D001828', 5.3, '2024-11-07', 'HS8A19', 'TEC', 'Cuối kỳ'),
  ('D001829', 6.2, '2024-11-01', 'HS8A19', 'TEC', '15 phút'),
  ('D001830', 7.5, '2024-10-04', 'HS8A20', 'GEO', '1 tiết'),
  ('D001831', 9.5, '2024-11-01', 'HS8A20', 'GEO', '1 tiết'),
  ('D001832', 4.2, '2024-10-21', 'HS8A20', 'GEO', 'Cuối kỳ'),
  ('D001833', 4.3, '2024-11-23', 'HS8A20', 'BIO', '1 tiết'),
  ('D001834', 5.6, '2024-09-19', 'HS8A20', 'BIO', 'Miệng'),
  ('D001835', 9.2, '2024-10-20', 'HS8A20', 'BIO', 'Cuối kỳ'),
  ('D001836', 6.9, '2024-10-24', 'HS8A20', 'BIO', 'Miệng'),
  ('D001837', 4.2, '2024-09-20', 'HS8A20', 'BIO', '15 phút'),
  ('D001838', 8.2, '2024-09-28', 'HS8A20', 'BIO', '15 phút'),
  ('D001839', 6.5, '2024-09-02', 'HS8A20', 'IT', 'Cuối kỳ'),
  ('D001840', 7.8, '2024-09-11', 'HS8A20', 'IT', 'Miệng'),
  ('D001841', 9.1, '2024-10-28', 'HS8A20', 'IT', '15 phút'),
  ('D001842', 6.0, '2024-11-28', 'HS8A20', 'PHY', '1 tiết'),
  ('D001843', 9.4, '2024-09-19', 'HS8A20', 'PHY', '1 tiết'),
  ('D001844', 7.1, '2024-11-13', 'HS8A20', 'PHY', 'Cuối kỳ'),
  ('D001845', 9.0, '2024-11-05', 'HS8B01', 'CIV', '1 tiết'),
  ('D001846', 4.5, '2024-10-02', 'HS8B01', 'CIV', '1 tiết'),
  ('D001847', 7.7, '2024-11-17', 'HS8B01', 'CIV', 'Cuối kỳ'),
  ('D001848', 5.0, '2024-11-27', 'HS8B01', 'CIV', 'Miệng'),
  ('D001849', 5.6, '2024-10-04', 'HS8B01', 'TEC', '1 tiết'),
  ('D001850', 6.8, '2024-11-03', 'HS8B01', 'TEC', 'Cuối kỳ'),
  ('D001851', 4.5, '2024-09-06', 'HS8B01', 'TEC', 'Miệng'),
  ('D001852', 5.1, '2024-11-21', 'HS8B01', 'TEC', 'Miệng'),
  ('D001853', 8.6, '2024-09-07', 'HS8B01', 'TEC', '1 tiết'),
  ('D001854', 4.5, '2024-11-08', 'HS8B01', 'MATH', '1 tiết'),
  ('D001855', 9.0, '2024-11-28', 'HS8B01', 'MATH', '15 phút'),
  ('D001856', 8.5, '2024-11-05', 'HS8B01', 'MATH', '1 tiết'),
  ('D001857', 4.3, '2024-11-10', 'HS8B01', 'MATH', '15 phút'),
  ('D001858', 5.7, '2024-11-11', 'HS8B01', 'MATH', 'Cuối kỳ'),
  ('D001859', 5.4, '2024-09-09', 'HS8B01', 'MATH', '15 phút'),
  ('D001860', 9.9, '2024-10-23', 'HS8B01', 'LIT', 'Cuối kỳ'),
  ('D001861', 5.6, '2024-10-12', 'HS8B01', 'LIT', '1 tiết'),
  ('D001862', 6.1, '2024-11-17', 'HS8B01', 'LIT', 'Cuối kỳ'),
  ('D001863', 9.0, '2024-11-27', 'HS8B01', 'LIT', '15 phút'),
  ('D001864', 10.0, '2024-10-12', 'HS8B02', 'MATH', '1 tiết'),
  ('D001865', 5.2, '2024-11-17', 'HS8B02', 'MATH', '1 tiết'),
  ('D001866', 4.5, '2024-09-09', 'HS8B02', 'MATH', '15 phút'),
  ('D001867', 6.8, '2024-09-04', 'HS8B02', 'MATH', '15 phút'),
  ('D001868', 4.8, '2024-11-11', 'HS8B02', 'PE', '1 tiết'),
  ('D001869', 7.4, '2024-11-19', 'HS8B02', 'PE', 'Miệng'),
  ('D001870', 5.9, '2024-09-21', 'HS8B02', 'PE', '1 tiết'),
  ('D001871', 9.2, '2024-09-06', 'HS8B02', 'PE', 'Cuối kỳ'),
  ('D001872', 6.9, '2024-10-21', 'HS8B02', 'PE', 'Miệng'),
  ('D001873', 5.1, '2024-10-10', 'HS8B02', 'PE', '15 phút'),
  ('D001874', 7.3, '2024-09-15', 'HS8B02', 'HIS', 'Cuối kỳ'),
  ('D001875', 7.6, '2024-11-14', 'HS8B02', 'HIS', 'Cuối kỳ'),
  ('D001876', 6.8, '2024-09-09', 'HS8B02', 'HIS', '1 tiết'),
  ('D001877', 7.6, '2024-10-22', 'HS8B02', 'HIS', 'Cuối kỳ'),
  ('D001878', 5.8, '2024-09-25', 'HS8B02', 'HIS', 'Miệng'),
  ('D001879', 6.5, '2024-10-19', 'HS8B02', 'HIS', 'Cuối kỳ'),
  ('D001880', 5.0, '2024-09-10', 'HS8B02', 'ENG', '15 phút'),
  ('D001881', 9.7, '2024-11-25', 'HS8B02', 'ENG', '15 phút'),
  ('D001882', 4.8, '2024-10-26', 'HS8B02', 'ENG', 'Miệng'),
  ('D001883', 6.4, '2024-10-01', 'HS8B03', 'LIT', '15 phút'),
  ('D001884', 5.2, '2024-09-10', 'HS8B03', 'LIT', '1 tiết'),
  ('D001885', 4.5, '2024-09-28', 'HS8B03', 'LIT', '15 phút'),
  ('D001886', 6.6, '2024-11-08', 'HS8B03', 'LIT', '15 phút'),
  ('D001887', 8.1, '2024-10-01', 'HS8B03', 'LIT', 'Cuối kỳ'),
  ('D001888', 5.0, '2024-09-16', 'HS8B03', 'LIT', 'Cuối kỳ'),
  ('D001889', 9.5, '2024-11-13', 'HS8B03', 'CHE', 'Cuối kỳ'),
  ('D001890', 8.2, '2024-09-13', 'HS8B03', 'CHE', '15 phút'),
  ('D001891', 5.9, '2024-09-13', 'HS8B03', 'CHE', '1 tiết'),
  ('D001892', 9.4, '2024-11-24', 'HS8B03', 'CHE', 'Cuối kỳ'),
  ('D001893', 7.2, '2024-10-16', 'HS8B03', 'ENG', 'Miệng'),
  ('D001894', 5.3, '2024-11-06', 'HS8B03', 'ENG', '15 phút'),
  ('D001895', 6.2, '2024-10-17', 'HS8B03', 'ENG', 'Miệng'),
  ('D001896', 7.7, '2024-10-03', 'HS8B03', 'ENG', '15 phút'),
  ('D001897', 4.8, '2024-09-02', 'HS8B03', 'ENG', '15 phút'),
  ('D001898', 5.8, '2024-09-11', 'HS8B03', 'ENG', 'Cuối kỳ'),
  ('D001899', 6.6, '2024-10-10', 'HS8B03', 'BIO', 'Cuối kỳ'),
  ('D001900', 8.1, '2024-10-02', 'HS8B03', 'BIO', '1 tiết'),
  ('D001901', 9.8, '2024-10-06', 'HS8B03', 'BIO', '15 phút'),
  ('D001902', 6.4, '2024-11-27', 'HS8B03', 'BIO', 'Miệng'),
  ('D001903', 8.8, '2024-09-06', 'HS8B04', 'GEO', '1 tiết'),
  ('D001904', 4.8, '2024-11-13', 'HS8B04', 'GEO', 'Cuối kỳ'),
  ('D001905', 4.1, '2024-11-22', 'HS8B04', 'GEO', 'Cuối kỳ'),
  ('D001906', 6.5, '2024-09-10', 'HS8B04', 'GEO', 'Cuối kỳ'),
  ('D001907', 5.6, '2024-11-04', 'HS8B04', 'GEO', 'Cuối kỳ'),
  ('D001908', 7.0, '2024-10-23', 'HS8B04', 'GEO', '1 tiết'),
  ('D001909', 4.7, '2024-09-14', 'HS8B04', 'LIT', 'Cuối kỳ'),
  ('D001910', 9.2, '2024-09-05', 'HS8B04', 'LIT', 'Miệng'),
  ('D001911', 6.0, '2024-11-19', 'HS8B04', 'LIT', '1 tiết'),
  ('D001912', 5.2, '2024-11-24', 'HS8B04', 'LIT', 'Cuối kỳ'),
  ('D001913', 6.6, '2024-10-10', 'HS8B04', 'LIT', 'Miệng'),
  ('D001914', 9.2, '2024-10-12', 'HS8B04', 'BIO', 'Miệng'),
  ('D001915', 9.3, '2024-11-12', 'HS8B04', 'BIO', '1 tiết'),
  ('D001916', 6.6, '2024-11-10', 'HS8B04', 'BIO', 'Miệng'),
  ('D001917', 5.1, '2024-10-14', 'HS8B04', 'CIV', 'Miệng'),
  ('D001918', 6.7, '2024-10-21', 'HS8B04', 'CIV', 'Miệng'),
  ('D001919', 7.6, '2024-10-24', 'HS8B04', 'CIV', 'Miệng'),
  ('D001920', 7.2, '2024-10-08', 'HS8B04', 'CIV', '15 phút'),
  ('D001921', 4.5, '2024-09-05', 'HS8B04', 'CIV', '15 phút'),
  ('D001922', 9.8, '2024-11-20', 'HS8B05', 'CIV', '15 phút'),
  ('D001923', 9.5, '2024-11-27', 'HS8B05', 'CIV', 'Cuối kỳ'),
  ('D001924', 4.2, '2024-10-12', 'HS8B05', 'CIV', 'Miệng'),
  ('D001925', 4.9, '2024-11-21', 'HS8B05', 'CIV', 'Miệng'),
  ('D001926', 6.3, '2024-11-03', 'HS8B05', 'CIV', '1 tiết'),
  ('D001927', 6.5, '2024-09-06', 'HS8B05', 'GEO', '1 tiết'),
  ('D001928', 8.3, '2024-11-03', 'HS8B05', 'GEO', 'Cuối kỳ'),
  ('D001929', 9.8, '2024-09-19', 'HS8B05', 'GEO', '1 tiết'),
  ('D001930', 10.0, '2024-11-17', 'HS8B05', 'GEO', '15 phút'),
  ('D001931', 8.2, '2024-09-12', 'HS8B05', 'GEO', 'Cuối kỳ'),
  ('D001932', 8.6, '2024-10-09', 'HS8B05', 'HIS', '15 phút'),
  ('D001933', 5.7, '2024-11-02', 'HS8B05', 'HIS', 'Cuối kỳ'),
  ('D001934', 9.5, '2024-11-10', 'HS8B05', 'HIS', '1 tiết'),
  ('D001935', 4.0, '2024-09-01', 'HS8B05', 'HIS', 'Cuối kỳ'),
  ('D001936', 5.6, '2024-10-20', 'HS8B05', 'CHE', '1 tiết'),
  ('D001937', 4.6, '2024-09-01', 'HS8B05', 'CHE', '1 tiết'),
  ('D001938', 5.3, '2024-11-10', 'HS8B05', 'CHE', 'Cuối kỳ'),
  ('D001939', 7.5, '2024-11-20', 'HS8B05', 'CHE', '1 tiết'),
  ('D001940', 6.1, '2024-10-12', 'HS8B06', 'IT', 'Cuối kỳ'),
  ('D001941', 4.9, '2024-11-16', 'HS8B06', 'IT', '15 phút'),
  ('D001942', 7.2, '2024-09-22', 'HS8B06', 'IT', 'Cuối kỳ'),
  ('D001943', 6.4, '2024-11-28', 'HS8B06', 'HIS', 'Miệng'),
  ('D001944', 7.8, '2024-11-12', 'HS8B06', 'HIS', 'Miệng'),
  ('D001945', 5.2, '2024-11-12', 'HS8B06', 'HIS', '1 tiết'),
  ('D001946', 5.8, '2024-10-15', 'HS8B06', 'HIS', 'Cuối kỳ'),
  ('D001947', 4.2, '2024-11-19', 'HS8B06', 'HIS', '15 phút'),
  ('D001948', 7.4, '2024-10-25', 'HS8B06', 'GEO', 'Miệng'),
  ('D001949', 8.5, '2024-10-18', 'HS8B06', 'GEO', 'Cuối kỳ'),
  ('D001950', 9.9, '2024-10-18', 'HS8B06', 'GEO', '15 phút'),
  ('D001951', 6.3, '2024-09-04', 'HS8B06', 'GEO', 'Cuối kỳ'),
  ('D001952', 5.3, '2024-09-19', 'HS8B06', 'GEO', '1 tiết'),
  ('D001953', 9.2, '2024-11-13', 'HS8B06', 'TEC', 'Cuối kỳ'),
  ('D001954', 6.1, '2024-09-14', 'HS8B06', 'TEC', '1 tiết'),
  ('D001955', 5.9, '2024-10-21', 'HS8B06', 'TEC', 'Miệng'),
  ('D001956', 8.0, '2024-11-21', 'HS8B06', 'TEC', '1 tiết'),
  ('D001957', 9.2, '2024-10-25', 'HS8B07', 'IT', 'Cuối kỳ'),
  ('D001958', 5.7, '2024-10-06', 'HS8B07', 'IT', '15 phút'),
  ('D001959', 6.4, '2024-09-18', 'HS8B07', 'IT', '1 tiết'),
  ('D001960', 8.6, '2024-11-06', 'HS8B07', 'IT', 'Miệng'),
  ('D001961', 7.5, '2024-10-14', 'HS8B07', 'TEC', 'Cuối kỳ'),
  ('D001962', 5.1, '2024-09-20', 'HS8B07', 'TEC', '15 phút'),
  ('D001963', 4.8, '2024-11-17', 'HS8B07', 'TEC', 'Miệng'),
  ('D001964', 7.6, '2024-11-14', 'HS8B07', 'TEC', 'Miệng'),
  ('D001965', 6.0, '2024-09-06', 'HS8B07', 'TEC', 'Cuối kỳ'),
  ('D001966', 8.1, '2024-10-01', 'HS8B07', 'TEC', 'Cuối kỳ'),
  ('D001967', 9.1, '2024-09-15', 'HS8B07', 'CIV', '1 tiết'),
  ('D001968', 8.3, '2024-09-06', 'HS8B07', 'CIV', 'Cuối kỳ'),
  ('D001969', 9.6, '2024-09-11', 'HS8B07', 'CIV', '15 phút'),
  ('D001970', 5.8, '2024-09-07', 'HS8B07', 'CIV', 'Cuối kỳ'),
  ('D001971', 5.5, '2024-11-15', 'HS8B07', 'HIS', '15 phút'),
  ('D001972', 8.8, '2024-10-17', 'HS8B07', 'HIS', 'Miệng'),
  ('D001973', 8.8, '2024-10-28', 'HS8B07', 'HIS', '15 phút'),
  ('D001974', 5.5, '2024-11-03', 'HS8B07', 'HIS', 'Miệng'),
  ('D001975', 8.5, '2024-11-22', 'HS8B07', 'HIS', 'Cuối kỳ'),
  ('D001976', 9.2, '2024-10-28', 'HS8B07', 'HIS', 'Cuối kỳ'),
  ('D001977', 8.3, '2024-11-21', 'HS8B08', 'LIT', 'Miệng'),
  ('D001978', 6.6, '2024-11-02', 'HS8B08', 'LIT', '1 tiết'),
  ('D001979', 8.9, '2024-11-25', 'HS8B08', 'LIT', 'Miệng'),
  ('D001980', 6.4, '2024-11-21', 'HS8B08', 'HIS', 'Cuối kỳ'),
  ('D001981', 6.6, '2024-09-04', 'HS8B08', 'HIS', '15 phút'),
  ('D001982', 9.1, '2024-11-25', 'HS8B08', 'HIS', 'Miệng'),
  ('D001983', 8.3, '2024-10-14', 'HS8B08', 'HIS', '1 tiết'),
  ('D001984', 4.9, '2024-09-26', 'HS8B08', 'HIS', 'Cuối kỳ'),
  ('D001985', 5.6, '2024-10-21', 'HS8B08', 'CHE', 'Miệng'),
  ('D001986', 6.7, '2024-11-16', 'HS8B08', 'CHE', '15 phút'),
  ('D001987', 8.5, '2024-10-10', 'HS8B08', 'CHE', 'Cuối kỳ'),
  ('D001988', 6.0, '2024-10-23', 'HS8B08', 'CHE', '1 tiết'),
  ('D001989', 7.6, '2024-09-05', 'HS8B08', 'IT', '1 tiết'),
  ('D001990', 4.2, '2024-10-19', 'HS8B08', 'IT', '1 tiết'),
  ('D001991', 8.3, '2024-10-23', 'HS8B08', 'IT', '15 phút'),
  ('D001992', 7.4, '2024-10-16', 'HS8B08', 'IT', 'Cuối kỳ'),
  ('D001993', 8.0, '2024-09-24', 'HS8B08', 'IT', '15 phút'),
  ('D001994', 7.8, '2024-09-28', 'HS8B09', 'ENG', '15 phút'),
  ('D001995', 7.5, '2024-09-19', 'HS8B09', 'ENG', 'Miệng'),
  ('D001996', 5.6, '2024-11-17', 'HS8B09', 'ENG', 'Cuối kỳ'),
  ('D001997', 6.9, '2024-09-12', 'HS8B09', 'ENG', '15 phút'),
  ('D001998', 7.5, '2024-11-11', 'HS8B09', 'ENG', '1 tiết'),
  ('D001999', 9.2, '2024-10-21', 'HS8B09', 'PE', '15 phút'),
  ('D002000', 9.2, '2024-10-06', 'HS8B09', 'PE', 'Cuối kỳ'),
  ('D002001', 9.4, '2024-09-22', 'HS8B09', 'PE', 'Miệng'),
  ('D002002', 6.1, '2024-10-07', 'HS8B09', 'PE', '15 phút'),
  ('D002003', 4.9, '2024-11-25', 'HS8B09', 'PE', 'Miệng'),
  ('D002004', 7.9, '2024-10-16', 'HS8B09', 'PE', 'Cuối kỳ'),
  ('D002005', 9.0, '2024-11-08', 'HS8B09', 'CHE', '15 phút'),
  ('D002006', 6.2, '2024-09-13', 'HS8B09', 'CHE', 'Miệng'),
  ('D002007', 9.7, '2024-11-03', 'HS8B09', 'CHE', '1 tiết'),
  ('D002008', 9.8, '2024-09-15', 'HS8B09', 'HIS', '15 phút'),
  ('D002009', 5.5, '2024-11-06', 'HS8B09', 'HIS', '15 phút'),
  ('D002010', 5.4, '2024-11-15', 'HS8B09', 'HIS', '15 phút'),
  ('D002011', 4.5, '2024-09-24', 'HS8B10', 'MATH', 'Miệng'),
  ('D002012', 9.4, '2024-09-17', 'HS8B10', 'MATH', '1 tiết'),
  ('D002013', 4.4, '2024-09-08', 'HS8B10', 'MATH', 'Cuối kỳ'),
  ('D002014', 6.8, '2024-11-26', 'HS8B10', 'MATH', 'Miệng'),
  ('D002015', 5.9, '2024-11-03', 'HS8B10', 'MATH', '15 phút'),
  ('D002016', 4.7, '2024-09-16', 'HS8B10', 'PE', '15 phút'),
  ('D002017', 4.6, '2024-11-07', 'HS8B10', 'PE', 'Cuối kỳ'),
  ('D002018', 5.8, '2024-09-19', 'HS8B10', 'PE', 'Cuối kỳ'),
  ('D002019', 9.2, '2024-09-24', 'HS8B10', 'PE', 'Cuối kỳ'),
  ('D002020', 8.7, '2024-09-19', 'HS8B10', 'PE', 'Cuối kỳ'),
  ('D002021', 10.0, '2024-10-25', 'HS8B10', 'PE', 'Cuối kỳ'),
  ('D002022', 7.0, '2024-09-11', 'HS8B10', 'CHE', 'Cuối kỳ'),
  ('D002023', 7.1, '2024-11-10', 'HS8B10', 'CHE', '1 tiết'),
  ('D002024', 9.2, '2024-09-11', 'HS8B10', 'CHE', '1 tiết'),
  ('D002025', 8.1, '2024-11-10', 'HS8B10', 'CHE', 'Cuối kỳ'),
  ('D002026', 4.7, '2024-09-16', 'HS8B10', 'CHE', 'Miệng'),
  ('D002027', 9.4, '2024-11-16', 'HS8B10', 'IT', 'Cuối kỳ'),
  ('D002028', 5.0, '2024-09-25', 'HS8B10', 'IT', 'Cuối kỳ'),
  ('D002029', 8.0, '2024-09-28', 'HS8B10', 'IT', 'Cuối kỳ'),
  ('D002030', 6.1, '2024-11-18', 'HS8B10', 'IT', '15 phút'),
  ('D002031', 5.2, '2024-09-25', 'HS8B10', 'IT', '15 phút'),
  ('D002032', 8.6, '2024-10-04', 'HS8B11', 'PHY', '1 tiết'),
  ('D002033', 9.6, '2024-09-19', 'HS8B11', 'PHY', '15 phút'),
  ('D002034', 5.9, '2024-09-25', 'HS8B11', 'PHY', 'Cuối kỳ'),
  ('D002035', 8.7, '2024-09-20', 'HS8B11', 'PHY', '15 phút'),
  ('D002036', 6.0, '2024-11-16', 'HS8B11', 'PHY', 'Cuối kỳ'),
  ('D002037', 5.4, '2024-10-16', 'HS8B11', 'CHE', '1 tiết'),
  ('D002038', 6.2, '2024-10-11', 'HS8B11', 'CHE', '1 tiết'),
  ('D002039', 9.0, '2024-10-15', 'HS8B11', 'CHE', '1 tiết'),
  ('D002040', 6.6, '2024-10-25', 'HS8B11', 'CHE', 'Cuối kỳ'),
  ('D002041', 4.0, '2024-10-02', 'HS8B11', 'CHE', 'Cuối kỳ'),
  ('D002042', 7.9, '2024-09-15', 'HS8B11', 'IT', '1 tiết'),
  ('D002043', 4.1, '2024-11-07', 'HS8B11', 'IT', '15 phút'),
  ('D002044', 8.0, '2024-10-10', 'HS8B11', 'IT', '1 tiết'),
  ('D002045', 4.1, '2024-10-26', 'HS8B11', 'IT', 'Cuối kỳ'),
  ('D002046', 6.0, '2024-11-24', 'HS8B11', 'IT', '15 phút'),
  ('D002047', 7.7, '2024-10-28', 'HS8B11', 'CIV', '1 tiết'),
  ('D002048', 4.6, '2024-09-06', 'HS8B11', 'CIV', '1 tiết'),
  ('D002049', 8.3, '2024-11-19', 'HS8B11', 'CIV', 'Cuối kỳ'),
  ('D002050', 9.7, '2024-09-25', 'HS8B11', 'CIV', 'Cuối kỳ'),
  ('D002051', 4.4, '2024-09-21', 'HS8B12', 'TEC', '1 tiết'),
  ('D002052', 5.7, '2024-10-15', 'HS8B12', 'TEC', '1 tiết'),
  ('D002053', 4.7, '2024-09-24', 'HS8B12', 'TEC', 'Miệng'),
  ('D002054', 5.9, '2024-11-14', 'HS8B12', 'TEC', '15 phút'),
  ('D002055', 9.2, '2024-11-10', 'HS8B12', 'TEC', '15 phút'),
  ('D002056', 7.4, '2024-10-08', 'HS8B12', 'TEC', '1 tiết'),
  ('D002057', 7.3, '2024-10-23', 'HS8B12', 'GEO', 'Miệng'),
  ('D002058', 4.8, '2024-09-28', 'HS8B12', 'GEO', '1 tiết'),
  ('D002059', 9.7, '2024-10-25', 'HS8B12', 'GEO', 'Cuối kỳ'),
  ('D002060', 8.5, '2024-09-06', 'HS8B12', 'GEO', '1 tiết'),
  ('D002061', 6.8, '2024-10-12', 'HS8B12', 'GEO', '1 tiết'),
  ('D002062', 8.1, '2024-11-09', 'HS8B12', 'PHY', '1 tiết'),
  ('D002063', 7.6, '2024-09-05', 'HS8B12', 'PHY', 'Miệng'),
  ('D002064', 7.9, '2024-10-13', 'HS8B12', 'PHY', 'Cuối kỳ'),
  ('D002065', 8.8, '2024-11-02', 'HS8B12', 'PHY', '1 tiết'),
  ('D002066', 7.4, '2024-09-17', 'HS8B12', 'CHE', '1 tiết'),
  ('D002067', 8.7, '2024-10-10', 'HS8B12', 'CHE', '1 tiết'),
  ('D002068', 7.8, '2024-11-03', 'HS8B12', 'CHE', 'Miệng'),
  ('D002069', 7.4, '2024-10-20', 'HS8B13', 'IT', '15 phút'),
  ('D002070', 8.5, '2024-11-14', 'HS8B13', 'IT', '1 tiết'),
  ('D002071', 6.8, '2024-11-05', 'HS8B13', 'IT', '1 tiết'),
  ('D002072', 5.1, '2024-11-11', 'HS8B13', 'LIT', 'Cuối kỳ'),
  ('D002073', 7.2, '2024-11-24', 'HS8B13', 'LIT', 'Cuối kỳ'),
  ('D002074', 9.3, '2024-10-19', 'HS8B13', 'LIT', '1 tiết'),
  ('D002075', 7.7, '2024-10-01', 'HS8B13', 'TEC', 'Miệng'),
  ('D002076', 5.4, '2024-10-05', 'HS8B13', 'TEC', '1 tiết'),
  ('D002077', 9.1, '2024-11-22', 'HS8B13', 'TEC', '1 tiết'),
  ('D002078', 7.9, '2024-09-25', 'HS8B13', 'ENG', '1 tiết'),
  ('D002079', 9.4, '2024-11-28', 'HS8B13', 'ENG', '15 phút'),
  ('D002080', 5.1, '2024-09-07', 'HS8B13', 'ENG', '1 tiết'),
  ('D002081', 5.1, '2024-09-18', 'HS8B13', 'ENG', 'Miệng'),
  ('D002082', 8.7, '2024-11-12', 'HS8B13', 'ENG', 'Miệng'),
  ('D002083', 6.0, '2024-10-08', 'HS8B13', 'ENG', '15 phút'),
  ('D002084', 5.4, '2024-09-25', 'HS8B14', 'PHY', '1 tiết'),
  ('D002085', 4.2, '2024-10-04', 'HS8B14', 'PHY', 'Cuối kỳ'),
  ('D002086', 4.2, '2024-11-28', 'HS8B14', 'PHY', '15 phút'),
  ('D002087', 6.3, '2024-10-15', 'HS8B14', 'PHY', 'Cuối kỳ'),
  ('D002088', 5.2, '2024-10-19', 'HS8B14', 'PHY', 'Miệng'),
  ('D002089', 9.8, '2024-11-19', 'HS8B14', 'CHE', 'Miệng'),
  ('D002090', 5.0, '2024-09-04', 'HS8B14', 'CHE', 'Cuối kỳ'),
  ('D002091', 8.4, '2024-10-24', 'HS8B14', 'CHE', '1 tiết'),
  ('D002092', 5.1, '2024-09-26', 'HS8B14', 'ENG', '1 tiết'),
  ('D002093', 6.9, '2024-11-04', 'HS8B14', 'ENG', 'Cuối kỳ'),
  ('D002094', 4.1, '2024-10-26', 'HS8B14', 'ENG', 'Cuối kỳ'),
  ('D002095', 6.4, '2024-09-12', 'HS8B14', 'ENG', '1 tiết'),
  ('D002096', 9.7, '2024-09-14', 'HS8B14', 'ENG', '1 tiết'),
  ('D002097', 5.4, '2024-11-03', 'HS8B14', 'ENG', 'Cuối kỳ'),
  ('D002098', 4.1, '2024-10-24', 'HS8B14', 'HIS', '1 tiết'),
  ('D002099', 4.3, '2024-09-06', 'HS8B14', 'HIS', 'Miệng'),
  ('D002100', 4.8, '2024-09-05', 'HS8B14', 'HIS', 'Cuối kỳ'),
  ('D002101', 8.6, '2024-09-20', 'HS8B14', 'HIS', '15 phút'),
  ('D002102', 9.2, '2024-11-10', 'HS8B14', 'HIS', '1 tiết'),
  ('D002103', 7.7, '2024-09-14', 'HS8B14', 'HIS', '15 phút'),
  ('D002104', 9.3, '2024-09-26', 'HS8B15', 'ENG', '15 phút'),
  ('D002105', 4.2, '2024-09-10', 'HS8B15', 'ENG', 'Cuối kỳ'),
  ('D002106', 7.8, '2024-10-20', 'HS8B15', 'ENG', '1 tiết'),
  ('D002107', 4.2, '2024-09-11', 'HS8B15', 'ENG', 'Miệng'),
  ('D002108', 9.3, '2024-09-24', 'HS8B15', 'ENG', '15 phút'),
  ('D002109', 4.3, '2024-10-25', 'HS8B15', 'IT', '15 phút'),
  ('D002110', 4.9, '2024-09-12', 'HS8B15', 'IT', '15 phút'),
  ('D002111', 4.6, '2024-09-04', 'HS8B15', 'IT', 'Cuối kỳ'),
  ('D002112', 6.8, '2024-10-28', 'HS8B15', 'IT', 'Cuối kỳ'),
  ('D002113', 4.8, '2024-11-26', 'HS8B15', 'IT', 'Miệng'),
  ('D002114', 5.9, '2024-10-09', 'HS8B15', 'IT', '15 phút'),
  ('D002115', 7.9, '2024-10-20', 'HS8B15', 'TEC', 'Miệng'),
  ('D002116', 6.9, '2024-11-27', 'HS8B15', 'TEC', '15 phút'),
  ('D002117', 4.8, '2024-11-05', 'HS8B15', 'TEC', '15 phút'),
  ('D002118', 5.4, '2024-09-24', 'HS8B15', 'TEC', 'Miệng'),
  ('D002119', 8.3, '2024-10-20', 'HS8B15', 'TEC', 'Miệng'),
  ('D002120', 5.4, '2024-09-24', 'HS8B15', 'PE', '1 tiết'),
  ('D002121', 6.0, '2024-10-22', 'HS8B15', 'PE', '1 tiết'),
  ('D002122', 8.6, '2024-09-11', 'HS8B15', 'PE', 'Cuối kỳ'),
  ('D002123', 6.2, '2024-09-19', 'HS8B15', 'PE', 'Miệng'),
  ('D002124', 4.1, '2024-11-02', 'HS8B16', 'TEC', '15 phút'),
  ('D002125', 5.0, '2024-10-01', 'HS8B16', 'TEC', 'Cuối kỳ'),
  ('D002126', 6.9, '2024-10-07', 'HS8B16', 'TEC', 'Cuối kỳ'),
  ('D002127', 6.7, '2024-09-15', 'HS8B16', 'TEC', '1 tiết'),
  ('D002128', 4.7, '2024-10-21', 'HS8B16', 'HIS', '1 tiết'),
  ('D002129', 6.0, '2024-09-09', 'HS8B16', 'HIS', '1 tiết'),
  ('D002130', 8.8, '2024-10-25', 'HS8B16', 'HIS', 'Cuối kỳ'),
  ('D002131', 8.0, '2024-11-28', 'HS8B16', 'HIS', '1 tiết'),
  ('D002132', 8.6, '2024-10-03', 'HS8B16', 'HIS', '1 tiết'),
  ('D002133', 6.6, '2024-09-18', 'HS8B16', 'HIS', '15 phút'),
  ('D002134', 5.4, '2024-10-27', 'HS8B16', 'MATH', 'Miệng'),
  ('D002135', 4.7, '2024-11-10', 'HS8B16', 'MATH', '15 phút'),
  ('D002136', 9.2, '2024-10-15', 'HS8B16', 'MATH', 'Cuối kỳ'),
  ('D002137', 9.8, '2024-11-06', 'HS8B16', 'PHY', 'Cuối kỳ'),
  ('D002138', 8.9, '2024-11-07', 'HS8B16', 'PHY', '15 phút'),
  ('D002139', 9.0, '2024-09-25', 'HS8B16', 'PHY', 'Miệng'),
  ('D002140', 8.8, '2024-10-18', 'HS8B17', 'PHY', '15 phút'),
  ('D002141', 8.2, '2024-11-06', 'HS8B17', 'PHY', '1 tiết'),
  ('D002142', 5.0, '2024-11-06', 'HS8B17', 'PHY', '15 phút'),
  ('D002143', 7.2, '2024-11-14', 'HS8B17', 'BIO', '15 phút'),
  ('D002144', 5.7, '2024-10-10', 'HS8B17', 'BIO', 'Cuối kỳ'),
  ('D002145', 9.4, '2024-10-16', 'HS8B17', 'BIO', 'Cuối kỳ'),
  ('D002146', 5.9, '2024-11-10', 'HS8B17', 'BIO', 'Miệng'),
  ('D002147', 5.5, '2024-11-22', 'HS8B17', 'IT', '1 tiết'),
  ('D002148', 5.3, '2024-11-20', 'HS8B17', 'IT', 'Miệng'),
  ('D002149', 4.4, '2024-10-05', 'HS8B17', 'IT', '15 phút'),
  ('D002150', 8.9, '2024-09-13', 'HS8B17', 'ENG', '15 phút'),
  ('D002151', 7.9, '2024-10-19', 'HS8B17', 'ENG', '15 phút'),
  ('D002152', 5.5, '2024-10-03', 'HS8B17', 'ENG', '15 phút'),
  ('D002153', 9.8, '2024-10-05', 'HS8B17', 'ENG', 'Cuối kỳ'),
  ('D002154', 4.7, '2024-11-19', 'HS8B17', 'ENG', '15 phút'),
  ('D002155', 5.2, '2024-09-22', 'HS8B17', 'ENG', '1 tiết'),
  ('D002156', 7.1, '2024-11-20', 'HS8B18', 'BIO', 'Cuối kỳ'),
  ('D002157', 5.4, '2024-10-10', 'HS8B18', 'BIO', 'Miệng'),
  ('D002158', 7.2, '2024-11-15', 'HS8B18', 'BIO', '15 phút'),
  ('D002159', 4.4, '2024-11-11', 'HS8B18', 'BIO', '1 tiết'),
  ('D002160', 9.7, '2024-09-13', 'HS8B18', 'BIO', '1 tiết'),
  ('D002161', 7.8, '2024-10-19', 'HS8B18', 'MATH', '15 phút'),
  ('D002162', 9.3, '2024-11-28', 'HS8B18', 'MATH', 'Cuối kỳ'),
  ('D002163', 8.6, '2024-09-17', 'HS8B18', 'MATH', 'Miệng'),
  ('D002164', 10.0, '2024-11-20', 'HS8B18', 'LIT', '1 tiết'),
  ('D002165', 5.4, '2024-11-16', 'HS8B18', 'LIT', 'Cuối kỳ'),
  ('D002166', 6.5, '2024-11-04', 'HS8B18', 'LIT', '1 tiết'),
  ('D002167', 9.4, '2024-11-17', 'HS8B18', 'IT', '1 tiết'),
  ('D002168', 6.5, '2024-10-12', 'HS8B18', 'IT', 'Miệng'),
  ('D002169', 4.1, '2024-11-26', 'HS8B18', 'IT', 'Cuối kỳ'),
  ('D002170', 5.5, '2024-10-08', 'HS8B18', 'IT', 'Cuối kỳ'),
  ('D002171', 8.0, '2024-09-25', 'HS8B18', 'IT', 'Cuối kỳ'),
  ('D002172', 4.3, '2024-09-19', 'HS8B19', 'IT', 'Miệng'),
  ('D002173', 7.5, '2024-09-25', 'HS8B19', 'IT', '15 phút'),
  ('D002174', 6.2, '2024-11-23', 'HS8B19', 'IT', 'Cuối kỳ'),
  ('D002175', 8.9, '2024-11-24', 'HS8B19', 'IT', 'Miệng'),
  ('D002176', 6.1, '2024-10-28', 'HS8B19', 'IT', 'Cuối kỳ'),
  ('D002177', 7.4, '2024-11-02', 'HS8B19', 'IT', 'Cuối kỳ'),
  ('D002178', 8.0, '2024-09-07', 'HS8B19', 'PE', '15 phút'),
  ('D002179', 4.1, '2024-10-04', 'HS8B19', 'PE', '1 tiết'),
  ('D002180', 9.5, '2024-09-24', 'HS8B19', 'PE', 'Cuối kỳ'),
  ('D002181', 9.1, '2024-10-12', 'HS8B19', 'PE', '1 tiết'),
  ('D002182', 6.1, '2024-09-09', 'HS8B19', 'PE', 'Cuối kỳ'),
  ('D002183', 8.7, '2024-10-15', 'HS8B19', 'PE', '1 tiết'),
  ('D002184', 5.3, '2024-11-21', 'HS8B19', 'CIV', '1 tiết'),
  ('D002185', 8.4, '2024-10-25', 'HS8B19', 'CIV', '15 phút'),
  ('D002186', 9.1, '2024-09-11', 'HS8B19', 'CIV', '1 tiết'),
  ('D002187', 7.7, '2024-11-26', 'HS8B19', 'CIV', '15 phút'),
  ('D002188', 9.0, '2024-09-24', 'HS8B19', 'HIS', 'Miệng'),
  ('D002189', 7.8, '2024-10-20', 'HS8B19', 'HIS', 'Cuối kỳ'),
  ('D002190', 7.8, '2024-10-07', 'HS8B19', 'HIS', '1 tiết'),
  ('D002191', 9.1, '2024-10-12', 'HS8B19', 'HIS', '1 tiết'),
  ('D002192', 8.8, '2024-10-25', 'HS8B19', 'HIS', '15 phút'),
  ('D002193', 7.5, '2024-11-23', 'HS8B20', 'ENG', '1 tiết'),
  ('D002194', 8.5, '2024-11-06', 'HS8B20', 'ENG', 'Cuối kỳ'),
  ('D002195', 7.7, '2024-09-07', 'HS8B20', 'ENG', 'Miệng'),
  ('D002196', 4.5, '2024-11-22', 'HS8B20', 'ENG', 'Cuối kỳ'),
  ('D002197', 4.9, '2024-10-18', 'HS8B20', 'BIO', '1 tiết'),
  ('D002198', 6.4, '2024-10-04', 'HS8B20', 'BIO', '1 tiết'),
  ('D002199', 7.7, '2024-09-11', 'HS8B20', 'BIO', '15 phút'),
  ('D002200', 6.7, '2024-09-08', 'HS8B20', 'BIO', '15 phút'),
  ('D002201', 8.0, '2024-10-01', 'HS8B20', 'BIO', 'Cuối kỳ'),
  ('D002202', 9.0, '2024-09-08', 'HS8B20', 'MATH', '15 phút'),
  ('D002203', 6.6, '2024-09-05', 'HS8B20', 'MATH', 'Miệng'),
  ('D002204', 5.8, '2024-09-28', 'HS8B20', 'MATH', 'Cuối kỳ'),
  ('D002205', 9.0, '2024-10-18', 'HS8B20', 'MATH', '15 phút'),
  ('D002206', 5.1, '2024-11-19', 'HS8B20', 'LIT', 'Cuối kỳ'),
  ('D002207', 7.8, '2024-10-24', 'HS8B20', 'LIT', '1 tiết'),
  ('D002208', 8.2, '2024-10-26', 'HS8B20', 'LIT', '1 tiết'),
  ('D002209', 6.6, '2024-10-08', 'HS8B20', 'LIT', '1 tiết'),
  ('D002210', 7.2, '2024-09-23', 'HS8B20', 'LIT', '15 phút'),
  ('D002211', 5.9, '2024-11-08', 'HS8B20', 'LIT', '15 phút'),
  ('D002212', 4.6, '2024-11-08', 'HS9A01', 'LIT', '1 tiết'),
  ('D002213', 8.3, '2024-11-18', 'HS9A01', 'LIT', '15 phút'),
  ('D002214', 6.8, '2024-11-27', 'HS9A01', 'LIT', 'Miệng'),
  ('D002215', 6.8, '2024-10-16', 'HS9A01', 'LIT', 'Cuối kỳ'),
  ('D002216', 4.4, '2024-09-01', 'HS9A01', 'LIT', 'Cuối kỳ'),
  ('D002217', 9.4, '2024-10-28', 'HS9A01', 'IT', '15 phút'),
  ('D002218', 4.4, '2024-10-03', 'HS9A01', 'IT', '1 tiết'),
  ('D002219', 7.4, '2024-11-01', 'HS9A01', 'IT', 'Cuối kỳ'),
  ('D002220', 8.2, '2024-09-13', 'HS9A01', 'GEO', '15 phút'),
  ('D002221', 8.0, '2024-10-18', 'HS9A01', 'GEO', '1 tiết'),
  ('D002222', 6.0, '2024-11-26', 'HS9A01', 'GEO', 'Cuối kỳ'),
  ('D002223', 4.9, '2024-11-22', 'HS9A01', 'GEO', '1 tiết'),
  ('D002224', 9.2, '2024-11-02', 'HS9A01', 'GEO', '1 tiết'),
  ('D002225', 7.5, '2024-09-20', 'HS9A01', 'GEO', 'Miệng'),
  ('D002226', 8.4, '2024-11-07', 'HS9A01', 'CIV', '15 phút'),
  ('D002227', 9.9, '2024-09-27', 'HS9A01', 'CIV', '15 phút'),
  ('D002228', 4.2, '2024-10-24', 'HS9A01', 'CIV', 'Miệng'),
  ('D002229', 6.0, '2024-09-13', 'HS9A01', 'CIV', 'Cuối kỳ'),
  ('D002230', 8.8, '2024-10-23', 'HS9A01', 'CIV', 'Cuối kỳ'),
  ('D002231', 4.8, '2024-10-06', 'HS9A01', 'CIV', 'Miệng'),
  ('D002232', 7.0, '2024-09-09', 'HS9A02', 'CHE', 'Cuối kỳ'),
  ('D002233', 5.2, '2024-10-21', 'HS9A02', 'CHE', 'Miệng'),
  ('D002234', 6.0, '2024-09-17', 'HS9A02', 'CHE', '1 tiết'),
  ('D002235', 4.1, '2024-11-02', 'HS9A02', 'CHE', 'Miệng'),
  ('D002236', 8.1, '2024-09-06', 'HS9A02', 'CHE', 'Miệng'),
  ('D002237', 4.0, '2024-10-10', 'HS9A02', 'BIO', 'Miệng'),
  ('D002238', 8.8, '2024-11-19', 'HS9A02', 'BIO', '1 tiết'),
  ('D002239', 9.2, '2024-09-07', 'HS9A02', 'BIO', 'Cuối kỳ'),
  ('D002240', 7.2, '2024-10-04', 'HS9A02', 'ENG', '15 phút'),
  ('D002241', 7.6, '2024-11-06', 'HS9A02', 'ENG', 'Cuối kỳ'),
  ('D002242', 8.2, '2024-09-17', 'HS9A02', 'ENG', '15 phút'),
  ('D002243', 8.9, '2024-10-01', 'HS9A02', 'ENG', 'Miệng'),
  ('D002244', 8.8, '2024-10-10', 'HS9A02', 'HIS', 'Miệng'),
  ('D002245', 6.1, '2024-09-19', 'HS9A02', 'HIS', '15 phút'),
  ('D002246', 9.4, '2024-10-07', 'HS9A02', 'HIS', '15 phút'),
  ('D002247', 8.7, '2024-09-22', 'HS9A03', 'PE', 'Miệng'),
  ('D002248', 6.0, '2024-10-05', 'HS9A03', 'PE', '15 phút'),
  ('D002249', 9.8, '2024-10-07', 'HS9A03', 'PE', 'Cuối kỳ'),
  ('D002250', 4.2, '2024-09-16', 'HS9A03', 'PE', 'Miệng'),
  ('D002251', 9.1, '2024-09-22', 'HS9A03', 'PE', '1 tiết'),
  ('D002252', 9.5, '2024-11-19', 'HS9A03', 'PE', 'Cuối kỳ'),
  ('D002253', 5.7, '2024-09-15', 'HS9A03', 'BIO', '15 phút'),
  ('D002254', 5.8, '2024-11-14', 'HS9A03', 'BIO', 'Cuối kỳ'),
  ('D002255', 6.6, '2024-09-16', 'HS9A03', 'BIO', 'Miệng'),
  ('D002256', 6.9, '2024-10-18', 'HS9A03', 'BIO', 'Cuối kỳ'),
  ('D002257', 5.8, '2024-10-25', 'HS9A03', 'GEO', 'Miệng'),
  ('D002258', 7.2, '2024-09-07', 'HS9A03', 'GEO', 'Miệng'),
  ('D002259', 5.8, '2024-11-24', 'HS9A03', 'GEO', '15 phút'),
  ('D002260', 7.8, '2024-11-02', 'HS9A03', 'GEO', 'Miệng'),
  ('D002261', 4.3, '2024-10-13', 'HS9A03', 'GEO', '15 phút'),
  ('D002262', 6.1, '2024-11-02', 'HS9A03', 'GEO', 'Cuối kỳ'),
  ('D002263', 7.1, '2024-11-23', 'HS9A03', 'IT', 'Miệng'),
  ('D002264', 9.5, '2024-09-15', 'HS9A03', 'IT', '15 phút'),
  ('D002265', 9.4, '2024-11-11', 'HS9A03', 'IT', 'Miệng'),
  ('D002266', 8.3, '2024-10-07', 'HS9A03', 'IT', 'Miệng'),
  ('D002267', 4.0, '2024-09-22', 'HS9A04', 'MATH', '1 tiết'),
  ('D002268', 9.9, '2024-10-27', 'HS9A04', 'MATH', '15 phút'),
  ('D002269', 6.2, '2024-10-02', 'HS9A04', 'MATH', '15 phút'),
  ('D002270', 4.9, '2024-09-20', 'HS9A04', 'MATH', '1 tiết'),
  ('D002271', 9.3, '2024-10-22', 'HS9A04', 'MATH', '1 tiết'),
  ('D002272', 9.6, '2024-11-24', 'HS9A04', 'HIS', '1 tiết'),
  ('D002273', 6.5, '2024-09-14', 'HS9A04', 'HIS', 'Cuối kỳ'),
  ('D002274', 6.3, '2024-09-27', 'HS9A04', 'HIS', 'Cuối kỳ'),
  ('D002275', 5.5, '2024-09-21', 'HS9A04', 'HIS', 'Cuối kỳ'),
  ('D002276', 8.2, '2024-10-05', 'HS9A04', 'PHY', '15 phút'),
  ('D002277', 4.4, '2024-09-04', 'HS9A04', 'PHY', '15 phút'),
  ('D002278', 9.4, '2024-10-03', 'HS9A04', 'PHY', '15 phút'),
  ('D002279', 5.0, '2024-11-09', 'HS9A04', 'LIT', 'Cuối kỳ'),
  ('D002280', 5.7, '2024-10-10', 'HS9A04', 'LIT', '1 tiết'),
  ('D002281', 4.7, '2024-09-13', 'HS9A04', 'LIT', '15 phút'),
  ('D002282', 9.7, '2024-11-28', 'HS9A04', 'LIT', 'Cuối kỳ'),
  ('D002283', 5.2, '2024-11-02', 'HS9A04', 'LIT', 'Cuối kỳ'),
  ('D002284', 9.0, '2024-09-03', 'HS9A05', 'GEO', 'Miệng'),
  ('D002285', 5.5, '2024-11-12', 'HS9A05', 'GEO', 'Cuối kỳ'),
  ('D002286', 8.4, '2024-10-20', 'HS9A05', 'GEO', 'Miệng'),
  ('D002287', 8.6, '2024-11-11', 'HS9A05', 'LIT', 'Miệng'),
  ('D002288', 7.4, '2024-09-11', 'HS9A05', 'LIT', '1 tiết'),
  ('D002289', 9.5, '2024-10-15', 'HS9A05', 'LIT', '15 phút'),
  ('D002290', 9.4, '2024-09-13', 'HS9A05', 'LIT', 'Cuối kỳ'),
  ('D002291', 9.7, '2024-11-03', 'HS9A05', 'CIV', '15 phút'),
  ('D002292', 5.1, '2024-09-11', 'HS9A05', 'CIV', 'Cuối kỳ'),
  ('D002293', 4.2, '2024-10-03', 'HS9A05', 'CIV', '15 phút'),
  ('D002294', 7.6, '2024-10-18', 'HS9A05', 'CIV', '15 phút'),
  ('D002295', 7.3, '2024-10-02', 'HS9A05', 'PHY', 'Miệng'),
  ('D002296', 8.1, '2024-10-17', 'HS9A05', 'PHY', 'Miệng'),
  ('D002297', 7.7, '2024-09-24', 'HS9A05', 'PHY', '1 tiết'),
  ('D002298', 6.2, '2024-09-04', 'HS9A05', 'PHY', '15 phút'),
  ('D002299', 8.6, '2024-09-28', 'HS9A06', 'MATH', '15 phút'),
  ('D002300', 8.6, '2024-09-19', 'HS9A06', 'MATH', 'Miệng'),
  ('D002301', 4.1, '2024-10-19', 'HS9A06', 'MATH', 'Cuối kỳ'),
  ('D002302', 5.7, '2024-11-13', 'HS9A06', 'MATH', 'Cuối kỳ'),
  ('D002303', 9.5, '2024-09-22', 'HS9A06', 'MATH', 'Cuối kỳ'),
  ('D002304', 7.7, '2024-10-21', 'HS9A06', 'MATH', 'Cuối kỳ'),
  ('D002305', 9.5, '2024-09-15', 'HS9A06', 'HIS', '1 tiết'),
  ('D002306', 5.3, '2024-10-21', 'HS9A06', 'HIS', '15 phút'),
  ('D002307', 9.8, '2024-10-09', 'HS9A06', 'HIS', '15 phút'),
  ('D002308', 6.2, '2024-09-14', 'HS9A06', 'HIS', '1 tiết'),
  ('D002309', 4.9, '2024-10-14', 'HS9A06', 'HIS', '15 phút'),
  ('D002310', 9.9, '2024-09-27', 'HS9A06', 'HIS', '1 tiết'),
  ('D002311', 9.7, '2024-10-14', 'HS9A06', 'TEC', 'Cuối kỳ'),
  ('D002312', 8.4, '2024-10-13', 'HS9A06', 'TEC', 'Cuối kỳ'),
  ('D002313', 6.2, '2024-10-22', 'HS9A06', 'TEC', 'Cuối kỳ'),
  ('D002314', 4.8, '2024-11-07', 'HS9A06', 'TEC', '15 phút'),
  ('D002315', 8.3, '2024-11-07', 'HS9A06', 'PE', '1 tiết'),
  ('D002316', 9.4, '2024-11-28', 'HS9A06', 'PE', 'Cuối kỳ'),
  ('D002317', 6.2, '2024-10-07', 'HS9A06', 'PE', 'Cuối kỳ'),
  ('D002318', 4.8, '2024-09-18', 'HS9A06', 'PE', 'Cuối kỳ'),
  ('D002319', 5.3, '2024-11-06', 'HS9A07', 'CHE', 'Cuối kỳ'),
  ('D002320', 9.6, '2024-10-06', 'HS9A07', 'CHE', 'Cuối kỳ'),
  ('D002321', 4.1, '2024-09-13', 'HS9A07', 'CHE', '15 phút'),
  ('D002322', 5.6, '2024-11-22', 'HS9A07', 'CHE', '15 phút'),
  ('D002323', 7.5, '2024-09-05', 'HS9A07', 'PE', 'Cuối kỳ'),
  ('D002324', 5.9, '2024-09-28', 'HS9A07', 'PE', '15 phút'),
  ('D002325', 8.6, '2024-10-11', 'HS9A07', 'PE', 'Miệng'),
  ('D002326', 8.1, '2024-09-03', 'HS9A07', 'PE', 'Miệng'),
  ('D002327', 4.1, '2024-09-11', 'HS9A07', 'PE', 'Miệng'),
  ('D002328', 5.9, '2024-10-07', 'HS9A07', 'PE', '15 phút'),
  ('D002329', 5.8, '2024-09-12', 'HS9A07', 'HIS', '1 tiết'),
  ('D002330', 7.5, '2024-10-16', 'HS9A07', 'HIS', '1 tiết'),
  ('D002331', 8.2, '2024-10-10', 'HS9A07', 'HIS', 'Miệng'),
  ('D002332', 8.8, '2024-09-05', 'HS9A07', 'HIS', '15 phút'),
  ('D002333', 4.7, '2024-11-14', 'HS9A07', 'MATH', '15 phút'),
  ('D002334', 7.4, '2024-11-16', 'HS9A07', 'MATH', '1 tiết'),
  ('D002335', 8.1, '2024-09-04', 'HS9A07', 'MATH', '15 phút'),
  ('D002336', 9.5, '2024-09-25', 'HS9A07', 'MATH', 'Miệng'),
  ('D002337', 4.8, '2024-10-16', 'HS9A07', 'MATH', 'Cuối kỳ'),
  ('D002338', 6.9, '2024-09-19', 'HS9A07', 'MATH', '1 tiết'),
  ('D002339', 9.4, '2024-10-22', 'HS9A08', 'GEO', '1 tiết'),
  ('D002340', 9.3, '2024-09-12', 'HS9A08', 'GEO', 'Miệng'),
  ('D002341', 5.1, '2024-11-10', 'HS9A08', 'GEO', 'Cuối kỳ'),
  ('D002342', 9.5, '2024-09-26', 'HS9A08', 'GEO', '15 phút'),
  ('D002343', 9.8, '2024-10-10', 'HS9A08', 'GEO', 'Miệng'),
  ('D002344', 6.1, '2024-10-01', 'HS9A08', 'GEO', 'Cuối kỳ'),
  ('D002345', 6.2, '2024-10-07', 'HS9A08', 'PE', '1 tiết'),
  ('D002346', 9.9, '2024-09-16', 'HS9A08', 'PE', '1 tiết'),
  ('D002347', 9.4, '2024-09-21', 'HS9A08', 'PE', '15 phút'),
  ('D002348', 8.2, '2024-10-15', 'HS9A08', 'PE', 'Cuối kỳ'),
  ('D002349', 4.2, '2024-11-25', 'HS9A08', 'CIV', 'Cuối kỳ'),
  ('D002350', 8.0, '2024-10-18', 'HS9A08', 'CIV', 'Miệng'),
  ('D002351', 4.8, '2024-11-01', 'HS9A08', 'CIV', 'Miệng'),
  ('D002352', 5.8, '2024-09-16', 'HS9A08', 'CIV', 'Cuối kỳ'),
  ('D002353', 6.3, '2024-11-22', 'HS9A08', 'CIV', '1 tiết'),
  ('D002354', 6.0, '2024-11-28', 'HS9A08', 'ENG', 'Cuối kỳ'),
  ('D002355', 6.4, '2024-10-05', 'HS9A08', 'ENG', '1 tiết'),
  ('D002356', 8.3, '2024-11-07', 'HS9A08', 'ENG', 'Cuối kỳ'),
  ('D002357', 5.7, '2024-09-15', 'HS9A08', 'ENG', 'Miệng'),
  ('D002358', 8.8, '2024-10-28', 'HS9A08', 'ENG', 'Miệng'),
  ('D002359', 4.1, '2024-09-26', 'HS9A08', 'ENG', 'Miệng'),
  ('D002360', 4.9, '2024-09-25', 'HS9A09', 'PHY', 'Miệng'),
  ('D002361', 9.2, '2024-09-24', 'HS9A09', 'PHY', 'Miệng'),
  ('D002362', 8.4, '2024-10-28', 'HS9A09', 'PHY', 'Miệng'),
  ('D002363', 7.5, '2024-10-21', 'HS9A09', 'LIT', '1 tiết'),
  ('D002364', 8.7, '2024-09-20', 'HS9A09', 'LIT', 'Miệng'),
  ('D002365', 4.3, '2024-09-07', 'HS9A09', 'LIT', 'Miệng'),
  ('D002366', 5.1, '2024-11-03', 'HS9A09', 'LIT', 'Miệng'),
  ('D002367', 8.7, '2024-09-07', 'HS9A09', 'ENG', 'Miệng'),
  ('D002368', 8.3, '2024-10-11', 'HS9A09', 'ENG', '15 phút'),
  ('D002369', 6.9, '2024-09-23', 'HS9A09', 'ENG', 'Cuối kỳ'),
  ('D002370', 7.6, '2024-09-16', 'HS9A09', 'ENG', '1 tiết'),
  ('D002371', 8.4, '2024-11-28', 'HS9A09', 'ENG', 'Miệng'),
  ('D002372', 6.7, '2024-11-01', 'HS9A09', 'ENG', 'Miệng'),
  ('D002373', 9.8, '2024-10-05', 'HS9A09', 'BIO', '15 phút'),
  ('D002374', 8.2, '2024-11-25', 'HS9A09', 'BIO', 'Miệng'),
  ('D002375', 5.1, '2024-10-25', 'HS9A09', 'BIO', '15 phút'),
  ('D002376', 5.0, '2024-11-27', 'HS9A09', 'BIO', '1 tiết'),
  ('D002377', 6.6, '2024-10-24', 'HS9A10', 'PE', '15 phút'),
  ('D002378', 7.2, '2024-11-22', 'HS9A10', 'PE', '1 tiết'),
  ('D002379', 5.7, '2024-09-03', 'HS9A10', 'PE', 'Miệng'),
  ('D002380', 4.4, '2024-10-24', 'HS9A10', 'PE', 'Miệng'),
  ('D002381', 4.5, '2024-11-15', 'HS9A10', 'HIS', 'Miệng'),
  ('D002382', 9.9, '2024-11-03', 'HS9A10', 'HIS', '1 tiết'),
  ('D002383', 7.5, '2024-10-23', 'HS9A10', 'HIS', 'Miệng'),
  ('D002384', 7.4, '2024-11-27', 'HS9A10', 'HIS', '1 tiết'),
  ('D002385', 6.7, '2024-11-26', 'HS9A10', 'HIS', 'Cuối kỳ'),
  ('D002386', 6.2, '2024-10-25', 'HS9A10', 'HIS', 'Cuối kỳ'),
  ('D002387', 7.3, '2024-11-07', 'HS9A10', 'IT', '15 phút'),
  ('D002388', 7.5, '2024-09-23', 'HS9A10', 'IT', '1 tiết'),
  ('D002389', 6.5, '2024-10-11', 'HS9A10', 'IT', 'Cuối kỳ'),
  ('D002390', 6.8, '2024-10-15', 'HS9A10', 'IT', '15 phút'),
  ('D002391', 4.9, '2024-10-14', 'HS9A10', 'IT', 'Miệng'),
  ('D002392', 8.7, '2024-10-28', 'HS9A10', 'CHE', '15 phút'),
  ('D002393', 6.4, '2024-09-14', 'HS9A10', 'CHE', '15 phút'),
  ('D002394', 4.9, '2024-09-07', 'HS9A10', 'CHE', 'Miệng'),
  ('D002395', 4.1, '2024-10-05', 'HS9A10', 'CHE', '1 tiết'),
  ('D002396', 4.9, '2024-11-09', 'HS9A11', 'BIO', '15 phút'),
  ('D002397', 5.1, '2024-11-24', 'HS9A11', 'BIO', 'Cuối kỳ'),
  ('D002398', 6.6, '2024-09-16', 'HS9A11', 'BIO', 'Miệng'),
  ('D002399', 6.1, '2024-09-03', 'HS9A11', 'BIO', '1 tiết'),
  ('D002400', 8.2, '2024-11-10', 'HS9A11', 'BIO', '15 phút'),
  ('D002401', 5.4, '2024-10-26', 'HS9A11', 'BIO', '15 phút'),
  ('D002402', 6.9, '2024-10-21', 'HS9A11', 'PHY', '15 phút'),
  ('D002403', 6.0, '2024-10-22', 'HS9A11', 'PHY', 'Cuối kỳ'),
  ('D002404', 7.7, '2024-11-05', 'HS9A11', 'PHY', '1 tiết'),
  ('D002405', 6.0, '2024-10-26', 'HS9A11', 'PHY', '15 phút'),
  ('D002406', 6.2, '2024-10-03', 'HS9A11', 'PHY', 'Miệng'),
  ('D002407', 6.7, '2024-10-08', 'HS9A11', 'PHY', '15 phút'),
  ('D002408', 8.1, '2024-10-21', 'HS9A11', 'MATH', 'Cuối kỳ'),
  ('D002409', 8.7, '2024-11-11', 'HS9A11', 'MATH', '1 tiết'),
  ('D002410', 8.2, '2024-09-11', 'HS9A11', 'MATH', '15 phút'),
  ('D002411', 8.2, '2024-11-08', 'HS9A11', 'MATH', '15 phút'),
  ('D002412', 6.9, '2024-10-01', 'HS9A11', 'MATH', '1 tiết'),
  ('D002413', 6.3, '2024-09-20', 'HS9A11', 'GEO', '1 tiết'),
  ('D002414', 4.5, '2024-10-15', 'HS9A11', 'GEO', '1 tiết'),
  ('D002415', 4.4, '2024-10-25', 'HS9A11', 'GEO', '15 phút'),
  ('D002416', 5.5, '2024-11-01', 'HS9A12', 'CHE', '1 tiết'),
  ('D002417', 6.1, '2024-11-16', 'HS9A12', 'CHE', '15 phút'),
  ('D002418', 8.7, '2024-10-16', 'HS9A12', 'CHE', '1 tiết'),
  ('D002419', 7.6, '2024-11-07', 'HS9A12', 'CHE', '15 phút'),
  ('D002420', 9.7, '2024-11-20', 'HS9A12', 'CHE', 'Miệng'),
  ('D002421', 5.8, '2024-09-24', 'HS9A12', 'CHE', '15 phút'),
  ('D002422', 5.5, '2024-10-14', 'HS9A12', 'ENG', 'Miệng'),
  ('D002423', 5.8, '2024-09-05', 'HS9A12', 'ENG', '1 tiết'),
  ('D002424', 4.2, '2024-11-21', 'HS9A12', 'ENG', 'Cuối kỳ'),
  ('D002425', 4.5, '2024-10-25', 'HS9A12', 'ENG', '15 phút'),
  ('D002426', 6.7, '2024-10-18', 'HS9A12', 'ENG', '15 phút'),
  ('D002427', 8.6, '2024-09-09', 'HS9A12', 'BIO', 'Cuối kỳ'),
  ('D002428', 5.7, '2024-11-20', 'HS9A12', 'BIO', 'Cuối kỳ'),
  ('D002429', 5.7, '2024-11-05', 'HS9A12', 'BIO', '1 tiết'),
  ('D002430', 9.7, '2024-09-02', 'HS9A12', 'BIO', '1 tiết'),
  ('D002431', 7.3, '2024-10-05', 'HS9A12', 'BIO', '1 tiết'),
  ('D002432', 9.0, '2024-10-18', 'HS9A12', 'BIO', 'Miệng'),
  ('D002433', 7.9, '2024-10-06', 'HS9A12', 'MATH', '1 tiết'),
  ('D002434', 7.7, '2024-09-21', 'HS9A12', 'MATH', '1 tiết'),
  ('D002435', 5.9, '2024-11-02', 'HS9A12', 'MATH', 'Miệng'),
  ('D002436', 8.3, '2024-11-05', 'HS9A12', 'MATH', 'Cuối kỳ'),
  ('D002437', 4.4, '2024-09-05', 'HS9A12', 'MATH', '15 phút'),
  ('D002438', 4.6, '2024-09-23', 'HS9A12', 'MATH', '15 phút'),
  ('D002439', 6.5, '2024-09-16', 'HS9A13', 'LIT', 'Cuối kỳ'),
  ('D002440', 7.3, '2024-11-14', 'HS9A13', 'LIT', 'Cuối kỳ'),
  ('D002441', 8.2, '2024-11-27', 'HS9A13', 'LIT', 'Miệng'),
  ('D002442', 6.7, '2024-09-25', 'HS9A13', 'BIO', '1 tiết'),
  ('D002443', 5.4, '2024-09-21', 'HS9A13', 'BIO', 'Miệng'),
  ('D002444', 4.3, '2024-11-08', 'HS9A13', 'BIO', 'Cuối kỳ'),
  ('D002445', 4.3, '2024-09-25', 'HS9A13', 'BIO', '15 phút'),
  ('D002446', 9.7, '2024-09-17', 'HS9A13', 'CIV', '1 tiết'),
  ('D002447', 5.9, '2024-11-22', 'HS9A13', 'CIV', 'Cuối kỳ'),
  ('D002448', 4.1, '2024-10-16', 'HS9A13', 'CIV', 'Miệng'),
  ('D002449', 8.0, '2024-11-14', 'HS9A13', 'CIV', 'Miệng'),
  ('D002450', 5.2, '2024-09-07', 'HS9A13', 'PE', '15 phút'),
  ('D002451', 7.5, '2024-09-12', 'HS9A13', 'PE', 'Miệng'),
  ('D002452', 7.5, '2024-10-17', 'HS9A13', 'PE', '15 phút'),
  ('D002453', 9.5, '2024-11-20', 'HS9A14', 'HIS', '1 tiết'),
  ('D002454', 5.6, '2024-10-17', 'HS9A14', 'HIS', 'Cuối kỳ'),
  ('D002455', 5.0, '2024-09-25', 'HS9A14', 'HIS', '1 tiết'),
  ('D002456', 5.2, '2024-10-13', 'HS9A14', 'PHY', 'Miệng'),
  ('D002457', 7.9, '2024-10-01', 'HS9A14', 'PHY', 'Cuối kỳ'),
  ('D002458', 7.6, '2024-11-22', 'HS9A14', 'PHY', 'Cuối kỳ'),
  ('D002459', 5.2, '2024-09-02', 'HS9A14', 'PHY', 'Cuối kỳ'),
  ('D002460', 8.8, '2024-11-28', 'HS9A14', 'PHY', '15 phút'),
  ('D002461', 8.6, '2024-11-24', 'HS9A14', 'ENG', '1 tiết'),
  ('D002462', 9.0, '2024-11-07', 'HS9A14', 'ENG', '1 tiết'),
  ('D002463', 6.2, '2024-09-21', 'HS9A14', 'ENG', '15 phút'),
  ('D002464', 7.4, '2024-10-07', 'HS9A14', 'ENG', 'Miệng'),
  ('D002465', 4.1, '2024-09-28', 'HS9A14', 'IT', '1 tiết'),
  ('D002466', 5.2, '2024-11-13', 'HS9A14', 'IT', '1 tiết'),
  ('D002467', 6.7, '2024-10-20', 'HS9A14', 'IT', '15 phút'),
  ('D002468', 9.5, '2024-10-18', 'HS9A14', 'IT', '1 tiết'),
  ('D002469', 8.8, '2024-11-28', 'HS9A14', 'IT', '15 phút'),
  ('D002470', 7.7, '2024-09-09', 'HS9A15', 'LIT', 'Miệng'),
  ('D002471', 5.8, '2024-10-24', 'HS9A15', 'LIT', '15 phút'),
  ('D002472', 4.6, '2024-10-07', 'HS9A15', 'LIT', '15 phút'),
  ('D002473', 8.5, '2024-10-03', 'HS9A15', 'PE', '1 tiết'),
  ('D002474', 6.5, '2024-09-10', 'HS9A15', 'PE', 'Miệng'),
  ('D002475', 9.4, '2024-10-05', 'HS9A15', 'PE', '1 tiết'),
  ('D002476', 6.7, '2024-09-04', 'HS9A15', 'PE', 'Miệng'),
  ('D002477', 9.3, '2024-10-06', 'HS9A15', 'PE', 'Miệng'),
  ('D002478', 4.7, '2024-11-08', 'HS9A15', 'PE', 'Cuối kỳ'),
  ('D002479', 5.6, '2024-11-19', 'HS9A15', 'TEC', 'Cuối kỳ'),
  ('D002480', 4.4, '2024-11-05', 'HS9A15', 'TEC', '15 phút'),
  ('D002481', 4.4, '2024-11-13', 'HS9A15', 'TEC', 'Miệng'),
  ('D002482', 4.2, '2024-10-27', 'HS9A15', 'TEC', 'Cuối kỳ'),
  ('D002483', 6.5, '2024-09-19', 'HS9A15', 'TEC', 'Miệng'),
  ('D002484', 9.8, '2024-10-23', 'HS9A15', 'MATH', '1 tiết'),
  ('D002485', 8.3, '2024-09-26', 'HS9A15', 'MATH', '1 tiết'),
  ('D002486', 4.1, '2024-10-28', 'HS9A15', 'MATH', '15 phút'),
  ('D002487', 7.4, '2024-11-16', 'HS9A16', 'PHY', '15 phút'),
  ('D002488', 8.3, '2024-11-02', 'HS9A16', 'PHY', '1 tiết'),
  ('D002489', 6.2, '2024-11-12', 'HS9A16', 'PHY', 'Cuối kỳ'),
  ('D002490', 8.9, '2024-11-06', 'HS9A16', 'PHY', '1 tiết'),
  ('D002491', 8.0, '2024-10-24', 'HS9A16', 'PHY', '15 phút'),
  ('D002492', 5.9, '2024-11-12', 'HS9A16', 'PHY', 'Cuối kỳ'),
  ('D002493', 7.5, '2024-10-15', 'HS9A16', 'GEO', '1 tiết'),
  ('D002494', 8.6, '2024-09-27', 'HS9A16', 'GEO', 'Cuối kỳ'),
  ('D002495', 8.1, '2024-10-12', 'HS9A16', 'GEO', 'Cuối kỳ'),
  ('D002496', 4.5, '2024-10-05', 'HS9A16', 'GEO', '1 tiết'),
  ('D002497', 7.9, '2024-10-25', 'HS9A16', 'MATH', '15 phút'),
  ('D002498', 9.3, '2024-10-17', 'HS9A16', 'MATH', '15 phút'),
  ('D002499', 7.6, '2024-11-21', 'HS9A16', 'MATH', '15 phút'),
  ('D002500', 9.1, '2024-11-05', 'HS9A16', 'MATH', '15 phút'),
  ('D002501', 8.9, '2024-10-03', 'HS9A16', 'MATH', 'Cuối kỳ'),
  ('D002502', 9.9, '2024-11-02', 'HS9A16', 'PE', 'Miệng'),
  ('D002503', 7.5, '2024-10-18', 'HS9A16', 'PE', '15 phút'),
  ('D002504', 8.4, '2024-11-23', 'HS9A16', 'PE', '1 tiết'),
  ('D002505', 7.1, '2024-10-08', 'HS9A17', 'GEO', '1 tiết'),
  ('D002506', 8.5, '2024-11-25', 'HS9A17', 'GEO', 'Miệng'),
  ('D002507', 5.4, '2024-11-15', 'HS9A17', 'GEO', '15 phút'),
  ('D002508', 9.0, '2024-09-23', 'HS9A17', 'GEO', 'Miệng'),
  ('D002509', 9.4, '2024-11-26', 'HS9A17', 'GEO', 'Miệng'),
  ('D002510', 7.0, '2024-09-23', 'HS9A17', 'GEO', '1 tiết'),
  ('D002511', 8.5, '2024-10-27', 'HS9A17', 'LIT', '15 phút'),
  ('D002512', 7.3, '2024-09-27', 'HS9A17', 'LIT', '15 phút'),
  ('D002513', 4.1, '2024-09-10', 'HS9A17', 'LIT', 'Miệng'),
  ('D002514', 5.2, '2024-11-03', 'HS9A17', 'LIT', 'Miệng'),
  ('D002515', 6.7, '2024-09-14', 'HS9A17', 'BIO', '1 tiết'),
  ('D002516', 8.0, '2024-09-23', 'HS9A17', 'BIO', '1 tiết'),
  ('D002517', 6.1, '2024-10-07', 'HS9A17', 'BIO', '1 tiết'),
  ('D002518', 6.6, '2024-11-16', 'HS9A17', 'BIO', 'Miệng'),
  ('D002519', 8.1, '2024-09-16', 'HS9A17', 'BIO', '1 tiết'),
  ('D002520', 4.2, '2024-11-16', 'HS9A17', 'PE', 'Cuối kỳ'),
  ('D002521', 8.5, '2024-09-14', 'HS9A17', 'PE', '1 tiết'),
  ('D002522', 9.7, '2024-11-16', 'HS9A17', 'PE', 'Miệng'),
  ('D002523', 6.3, '2024-10-25', 'HS9A17', 'PE', 'Miệng'),
  ('D002524', 6.8, '2024-11-03', 'HS9A17', 'PE', 'Miệng'),
  ('D002525', 8.5, '2024-09-20', 'HS9A18', 'PHY', 'Cuối kỳ'),
  ('D002526', 4.2, '2024-10-18', 'HS9A18', 'PHY', 'Cuối kỳ'),
  ('D002527', 5.3, '2024-10-04', 'HS9A18', 'PHY', 'Miệng'),
  ('D002528', 8.1, '2024-11-28', 'HS9A18', 'PHY', 'Miệng'),
  ('D002529', 9.6, '2024-10-03', 'HS9A18', 'PHY', '15 phút'),
  ('D002530', 6.8, '2024-11-19', 'HS9A18', 'PHY', 'Cuối kỳ'),
  ('D002531', 5.5, '2024-09-23', 'HS9A18', 'CIV', 'Cuối kỳ'),
  ('D002532', 5.0, '2024-10-10', 'HS9A18', 'CIV', '15 phút'),
  ('D002533', 4.2, '2024-11-11', 'HS9A18', 'CIV', 'Cuối kỳ'),
  ('D002534', 8.1, '2024-09-07', 'HS9A18', 'LIT', 'Cuối kỳ'),
  ('D002535', 6.9, '2024-09-13', 'HS9A18', 'LIT', '15 phút'),
  ('D002536', 8.6, '2024-09-10', 'HS9A18', 'LIT', '15 phút'),
  ('D002537', 6.0, '2024-11-19', 'HS9A18', 'GEO', 'Cuối kỳ'),
  ('D002538', 5.4, '2024-10-26', 'HS9A18', 'GEO', 'Miệng'),
  ('D002539', 4.6, '2024-09-05', 'HS9A18', 'GEO', 'Miệng'),
  ('D002540', 6.6, '2024-10-26', 'HS9A18', 'GEO', 'Cuối kỳ'),
  ('D002541', 6.5, '2024-09-09', 'HS9A19', 'MATH', 'Cuối kỳ'),
  ('D002542', 7.3, '2024-10-03', 'HS9A19', 'MATH', 'Miệng'),
  ('D002543', 4.5, '2024-11-12', 'HS9A19', 'MATH', 'Cuối kỳ'),
  ('D002544', 7.0, '2024-09-05', 'HS9A19', 'IT', 'Miệng'),
  ('D002545', 4.1, '2024-09-19', 'HS9A19', 'IT', '15 phút'),
  ('D002546', 8.0, '2024-10-22', 'HS9A19', 'IT', '1 tiết'),
  ('D002547', 7.3, '2024-10-03', 'HS9A19', 'IT', '15 phút'),
  ('D002548', 7.5, '2024-09-18', 'HS9A19', 'IT', 'Miệng'),
  ('D002549', 5.4, '2024-09-10', 'HS9A19', 'IT', '15 phút'),
  ('D002550', 4.1, '2024-09-17', 'HS9A19', 'BIO', 'Miệng'),
  ('D002551', 4.7, '2024-11-09', 'HS9A19', 'BIO', 'Miệng'),
  ('D002552', 5.8, '2024-09-11', 'HS9A19', 'BIO', '15 phút'),
  ('D002553', 9.2, '2024-09-07', 'HS9A19', 'BIO', 'Cuối kỳ'),
  ('D002554', 6.9, '2024-09-04', 'HS9A19', 'BIO', '15 phút'),
  ('D002555', 6.3, '2024-11-21', 'HS9A19', 'BIO', 'Miệng'),
  ('D002556', 8.0, '2024-11-05', 'HS9A19', 'CIV', 'Miệng'),
  ('D002557', 6.9, '2024-09-19', 'HS9A19', 'CIV', '15 phút'),
  ('D002558', 5.5, '2024-10-27', 'HS9A19', 'CIV', '1 tiết'),
  ('D002559', 9.6, '2024-10-14', 'HS9A19', 'CIV', 'Miệng'),
  ('D002560', 5.2, '2024-11-12', 'HS9A20', 'HIS', 'Cuối kỳ'),
  ('D002561', 6.7, '2024-09-24', 'HS9A20', 'HIS', '15 phút'),
  ('D002562', 6.9, '2024-11-14', 'HS9A20', 'HIS', '15 phút'),
  ('D002563', 7.6, '2024-10-16', 'HS9A20', 'MATH', 'Miệng'),
  ('D002564', 6.6, '2024-09-14', 'HS9A20', 'MATH', 'Miệng'),
  ('D002565', 7.4, '2024-11-25', 'HS9A20', 'MATH', '15 phút'),
  ('D002566', 8.6, '2024-09-12', 'HS9A20', 'MATH', '1 tiết'),
  ('D002567', 5.7, '2024-11-26', 'HS9A20', 'BIO', '1 tiết'),
  ('D002568', 5.8, '2024-11-20', 'HS9A20', 'BIO', '1 tiết'),
  ('D002569', 9.5, '2024-10-17', 'HS9A20', 'BIO', 'Cuối kỳ'),
  ('D002570', 6.3, '2024-11-19', 'HS9A20', 'BIO', '15 phút'),
  ('D002571', 6.8, '2024-09-23', 'HS9A20', 'BIO', 'Cuối kỳ'),
  ('D002572', 9.9, '2024-11-17', 'HS9A20', 'BIO', 'Miệng'),
  ('D002573', 7.8, '2024-10-28', 'HS9A20', 'TEC', '1 tiết'),
  ('D002574', 7.6, '2024-09-11', 'HS9A20', 'TEC', '1 tiết'),
  ('D002575', 9.4, '2024-11-07', 'HS9A20', 'TEC', '1 tiết'),
  ('D002576', 9.8, '2024-09-27', 'HS9A20', 'TEC', '1 tiết'),
  ('D002577', 7.1, '2024-10-09', 'HS9A20', 'TEC', '1 tiết'),
  ('D002578', 5.1, '2024-11-12', 'HS9B01', 'PE', '1 tiết'),
  ('D002579', 5.2, '2024-10-19', 'HS9B01', 'PE', '15 phút'),
  ('D002580', 4.7, '2024-11-10', 'HS9B01', 'PE', '15 phút'),
  ('D002581', 5.2, '2024-11-27', 'HS9B01', 'PE', '1 tiết'),
  ('D002582', 5.1, '2024-11-26', 'HS9B01', 'PE', 'Cuối kỳ'),
  ('D002583', 5.5, '2024-10-23', 'HS9B01', 'HIS', '1 tiết'),
  ('D002584', 9.6, '2024-10-18', 'HS9B01', 'HIS', '1 tiết'),
  ('D002585', 4.9, '2024-11-03', 'HS9B01', 'HIS', '1 tiết'),
  ('D002586', 4.7, '2024-10-27', 'HS9B01', 'HIS', 'Cuối kỳ'),
  ('D002587', 4.0, '2024-09-26', 'HS9B01', 'HIS', '1 tiết'),
  ('D002588', 6.7, '2024-11-19', 'HS9B01', 'PHY', '1 tiết'),
  ('D002589', 7.1, '2024-10-07', 'HS9B01', 'PHY', '1 tiết'),
  ('D002590', 4.3, '2024-10-21', 'HS9B01', 'PHY', 'Cuối kỳ'),
  ('D002591', 7.6, '2024-10-14', 'HS9B01', 'PHY', 'Cuối kỳ'),
  ('D002592', 5.9, '2024-09-06', 'HS9B01', 'PHY', 'Miệng'),
  ('D002593', 6.2, '2024-09-02', 'HS9B01', 'PHY', 'Miệng'),
  ('D002594', 4.6, '2024-11-09', 'HS9B01', 'ENG', '15 phút'),
  ('D002595', 8.7, '2024-11-22', 'HS9B01', 'ENG', 'Cuối kỳ'),
  ('D002596', 5.2, '2024-11-19', 'HS9B01', 'ENG', 'Miệng'),
  ('D002597', 4.1, '2024-10-20', 'HS9B01', 'ENG', '1 tiết'),
  ('D002598', 5.7, '2024-09-08', 'HS9B01', 'ENG', '15 phút'),
  ('D002599', 9.0, '2024-09-01', 'HS9B02', 'PE', '1 tiết'),
  ('D002600', 8.6, '2024-09-26', 'HS9B02', 'PE', 'Cuối kỳ'),
  ('D002601', 5.2, '2024-11-01', 'HS9B02', 'PE', '15 phút'),
  ('D002602', 4.5, '2024-11-20', 'HS9B02', 'PE', '1 tiết'),
  ('D002603', 8.9, '2024-09-04', 'HS9B02', 'PE', '15 phút'),
  ('D002604', 5.3, '2024-10-20', 'HS9B02', 'TEC', '15 phút'),
  ('D002605', 9.4, '2024-09-09', 'HS9B02', 'TEC', 'Miệng'),
  ('D002606', 4.0, '2024-11-10', 'HS9B02', 'TEC', 'Cuối kỳ'),
  ('D002607', 7.5, '2024-11-28', 'HS9B02', 'TEC', 'Cuối kỳ'),
  ('D002608', 6.7, '2024-09-04', 'HS9B02', 'TEC', 'Miệng'),
  ('D002609', 6.5, '2024-10-15', 'HS9B02', 'TEC', '15 phút'),
  ('D002610', 9.1, '2024-10-01', 'HS9B02', 'CIV', '1 tiết'),
  ('D002611', 5.2, '2024-11-16', 'HS9B02', 'CIV', 'Cuối kỳ'),
  ('D002612', 8.7, '2024-11-11', 'HS9B02', 'CIV', '1 tiết'),
  ('D002613', 4.1, '2024-11-20', 'HS9B02', 'CIV', 'Cuối kỳ'),
  ('D002614', 9.0, '2024-11-07', 'HS9B02', 'CIV', '1 tiết'),
  ('D002615', 4.9, '2024-09-20', 'HS9B02', 'CIV', 'Cuối kỳ'),
  ('D002616', 8.7, '2024-09-07', 'HS9B02', 'CHE', '1 tiết'),
  ('D002617', 6.1, '2024-10-08', 'HS9B02', 'CHE', '1 tiết'),
  ('D002618', 9.4, '2024-10-20', 'HS9B02', 'CHE', 'Cuối kỳ'),
  ('D002619', 9.8, '2024-11-19', 'HS9B02', 'CHE', '15 phút'),
  ('D002620', 7.4, '2024-10-13', 'HS9B03', 'CIV', 'Miệng'),
  ('D002621', 6.9, '2024-11-15', 'HS9B03', 'CIV', 'Cuối kỳ'),
  ('D002622', 4.5, '2024-10-12', 'HS9B03', 'CIV', '15 phút'),
  ('D002623', 5.6, '2024-10-16', 'HS9B03', 'CIV', '15 phút'),
  ('D002624', 5.0, '2024-11-21', 'HS9B03', 'CIV', '15 phút'),
  ('D002625', 9.1, '2024-10-12', 'HS9B03', 'CIV', 'Miệng'),
  ('D002626', 4.5, '2024-09-03', 'HS9B03', 'LIT', 'Miệng'),
  ('D002627', 5.5, '2024-11-09', 'HS9B03', 'LIT', 'Cuối kỳ'),
  ('D002628', 4.9, '2024-09-28', 'HS9B03', 'LIT', 'Cuối kỳ'),
  ('D002629', 5.7, '2024-09-08', 'HS9B03', 'LIT', 'Cuối kỳ'),
  ('D002630', 5.0, '2024-09-08', 'HS9B03', 'GEO', 'Miệng'),
  ('D002631', 7.7, '2024-11-21', 'HS9B03', 'GEO', '15 phút'),
  ('D002632', 5.7, '2024-10-14', 'HS9B03', 'GEO', '15 phút'),
  ('D002633', 5.4, '2024-09-20', 'HS9B03', 'GEO', 'Miệng'),
  ('D002634', 4.4, '2024-09-09', 'HS9B03', 'GEO', '15 phút'),
  ('D002635', 8.7, '2024-11-25', 'HS9B03', 'MATH', '1 tiết'),
  ('D002636', 8.3, '2024-09-18', 'HS9B03', 'MATH', '15 phút'),
  ('D002637', 5.5, '2024-09-11', 'HS9B03', 'MATH', '15 phút'),
  ('D002638', 6.4, '2024-09-02', 'HS9B04', 'CHE', 'Cuối kỳ'),
  ('D002639', 4.9, '2024-09-08', 'HS9B04', 'CHE', '1 tiết'),
  ('D002640', 7.4, '2024-10-15', 'HS9B04', 'CHE', '15 phút'),
  ('D002641', 5.1, '2024-09-23', 'HS9B04', 'IT', '15 phút'),
  ('D002642', 5.0, '2024-11-25', 'HS9B04', 'IT', 'Miệng'),
  ('D002643', 4.4, '2024-10-05', 'HS9B04', 'IT', 'Miệng'),
  ('D002644', 5.7, '2024-11-26', 'HS9B04', 'IT', 'Cuối kỳ'),
  ('D002645', 8.1, '2024-10-18', 'HS9B04', 'IT', 'Cuối kỳ'),
  ('D002646', 9.3, '2024-10-21', 'HS9B04', 'IT', '1 tiết'),
  ('D002647', 8.5, '2024-11-14', 'HS9B04', 'MATH', '15 phút'),
  ('D002648', 7.0, '2024-10-05', 'HS9B04', 'MATH', 'Miệng'),
  ('D002649', 5.2, '2024-11-12', 'HS9B04', 'MATH', '1 tiết'),
  ('D002650', 4.7, '2024-10-13', 'HS9B04', 'MATH', 'Cuối kỳ'),
  ('D002651', 5.8, '2024-09-11', 'HS9B04', 'MATH', 'Cuối kỳ'),
  ('D002652', 5.2, '2024-09-07', 'HS9B04', 'MATH', 'Cuối kỳ'),
  ('D002653', 6.7, '2024-11-26', 'HS9B04', 'CIV', '15 phút'),
  ('D002654', 7.9, '2024-10-13', 'HS9B04', 'CIV', '15 phút'),
  ('D002655', 4.9, '2024-09-15', 'HS9B04', 'CIV', '1 tiết'),
  ('D002656', 6.9, '2024-10-23', 'HS9B04', 'CIV', 'Cuối kỳ'),
  ('D002657', 9.8, '2024-09-05', 'HS9B05', 'BIO', 'Miệng'),
  ('D002658', 5.8, '2024-09-12', 'HS9B05', 'BIO', 'Cuối kỳ'),
  ('D002659', 9.5, '2024-11-28', 'HS9B05', 'BIO', 'Cuối kỳ'),
  ('D002660', 4.5, '2024-10-12', 'HS9B05', 'BIO', 'Cuối kỳ'),
  ('D002661', 4.2, '2024-10-03', 'HS9B05', 'BIO', '1 tiết'),
  ('D002662', 6.0, '2024-10-17', 'HS9B05', 'BIO', '15 phút'),
  ('D002663', 10.0, '2024-09-24', 'HS9B05', 'PHY', '1 tiết'),
  ('D002664', 4.4, '2024-11-07', 'HS9B05', 'PHY', '1 tiết'),
  ('D002665', 4.1, '2024-10-11', 'HS9B05', 'PHY', 'Cuối kỳ'),
  ('D002666', 7.7, '2024-10-12', 'HS9B05', 'GEO', 'Miệng'),
  ('D002667', 8.8, '2024-11-04', 'HS9B05', 'GEO', 'Cuối kỳ'),
  ('D002668', 8.6, '2024-10-25', 'HS9B05', 'GEO', 'Miệng'),
  ('D002669', 8.0, '2024-11-24', 'HS9B05', 'GEO', 'Miệng'),
  ('D002670', 10.0, '2024-09-27', 'HS9B05', 'GEO', 'Cuối kỳ'),
  ('D002671', 8.0, '2024-10-24', 'HS9B05', 'ENG', '1 tiết'),
  ('D002672', 4.9, '2024-09-03', 'HS9B05', 'ENG', 'Cuối kỳ'),
  ('D002673', 5.7, '2024-09-02', 'HS9B05', 'ENG', 'Miệng'),
  ('D002674', 5.8, '2024-09-07', 'HS9B05', 'ENG', 'Cuối kỳ'),
  ('D002675', 7.4, '2024-10-26', 'HS9B05', 'ENG', '15 phút'),
  ('D002676', 4.0, '2024-09-06', 'HS9B06', 'HIS', 'Miệng'),
  ('D002677', 5.6, '2024-10-26', 'HS9B06', 'HIS', 'Miệng'),
  ('D002678', 5.3, '2024-09-22', 'HS9B06', 'HIS', 'Cuối kỳ'),
  ('D002679', 4.7, '2024-11-15', 'HS9B06', 'HIS', '1 tiết'),
  ('D002680', 9.1, '2024-10-19', 'HS9B06', 'IT', '1 tiết'),
  ('D002681', 7.8, '2024-10-17', 'HS9B06', 'IT', '15 phút'),
  ('D002682', 8.0, '2024-11-19', 'HS9B06', 'IT', '1 tiết'),
  ('D002683', 8.8, '2024-09-08', 'HS9B06', 'IT', 'Miệng'),
  ('D002684', 6.6, '2024-10-11', 'HS9B06', 'IT', '1 tiết'),
  ('D002685', 9.8, '2024-10-02', 'HS9B06', 'PE', '1 tiết'),
  ('D002686', 8.8, '2024-10-04', 'HS9B06', 'PE', '15 phút'),
  ('D002687', 7.3, '2024-09-08', 'HS9B06', 'PE', 'Cuối kỳ'),
  ('D002688', 9.4, '2024-09-23', 'HS9B06', 'PE', '1 tiết'),
  ('D002689', 6.5, '2024-10-14', 'HS9B06', 'PE', '1 tiết'),
  ('D002690', 5.8, '2024-09-06', 'HS9B06', 'PE', 'Cuối kỳ'),
  ('D002691', 8.6, '2024-09-14', 'HS9B06', 'CHE', 'Cuối kỳ'),
  ('D002692', 8.9, '2024-09-14', 'HS9B06', 'CHE', 'Cuối kỳ'),
  ('D002693', 9.9, '2024-10-12', 'HS9B06', 'CHE', 'Miệng'),
  ('D002694', 7.5, '2024-10-14', 'HS9B07', 'CHE', '15 phút'),
  ('D002695', 5.7, '2024-11-26', 'HS9B07', 'CHE', '15 phút'),
  ('D002696', 6.0, '2024-11-11', 'HS9B07', 'CHE', 'Cuối kỳ'),
  ('D002697', 9.1, '2024-09-03', 'HS9B07', 'CHE', 'Miệng'),
  ('D002698', 8.8, '2024-09-05', 'HS9B07', 'CHE', 'Cuối kỳ'),
  ('D002699', 7.0, '2024-09-26', 'HS9B07', 'CHE', '15 phút'),
  ('D002700', 4.0, '2024-09-02', 'HS9B07', 'PHY', '15 phút'),
  ('D002701', 5.7, '2024-10-22', 'HS9B07', 'PHY', '1 tiết'),
  ('D002702', 8.0, '2024-09-02', 'HS9B07', 'PHY', '15 phút'),
  ('D002703', 6.0, '2024-09-19', 'HS9B07', 'GEO', 'Miệng'),
  ('D002704', 9.9, '2024-11-01', 'HS9B07', 'GEO', '15 phút'),
  ('D002705', 8.7, '2024-10-27', 'HS9B07', 'GEO', 'Cuối kỳ'),
  ('D002706', 4.6, '2024-11-10', 'HS9B07', 'GEO', 'Miệng'),
  ('D002707', 9.0, '2024-10-05', 'HS9B07', 'GEO', 'Miệng'),
  ('D002708', 7.6, '2024-10-06', 'HS9B07', 'PE', 'Miệng'),
  ('D002709', 7.0, '2024-09-23', 'HS9B07', 'PE', '1 tiết'),
  ('D002710', 4.2, '2024-10-22', 'HS9B07', 'PE', '15 phút'),
  ('D002711', 8.2, '2024-10-12', 'HS9B07', 'PE', '1 tiết'),
  ('D002712', 5.8, '2024-11-27', 'HS9B07', 'PE', 'Cuối kỳ'),
  ('D002713', 6.5, '2024-09-26', 'HS9B07', 'PE', '1 tiết'),
  ('D002714', 4.9, '2024-09-02', 'HS9B08', 'CIV', 'Miệng'),
  ('D002715', 4.4, '2024-09-05', 'HS9B08', 'CIV', 'Miệng'),
  ('D002716', 10.0, '2024-09-05', 'HS9B08', 'CIV', 'Miệng'),
  ('D002717', 5.7, '2024-10-23', 'HS9B08', 'CIV', '1 tiết'),
  ('D002718', 7.5, '2024-11-16', 'HS9B08', 'CIV', 'Cuối kỳ'),
  ('D002719', 6.5, '2024-11-22', 'HS9B08', 'CIV', '1 tiết'),
  ('D002720', 9.4, '2024-11-02', 'HS9B08', 'BIO', '1 tiết'),
  ('D002721', 4.9, '2024-09-12', 'HS9B08', 'BIO', 'Miệng'),
  ('D002722', 4.3, '2024-10-13', 'HS9B08', 'BIO', '15 phút'),
  ('D002723', 8.9, '2024-10-22', 'HS9B08', 'BIO', 'Cuối kỳ'),
  ('D002724', 6.7, '2024-10-24', 'HS9B08', 'PHY', 'Cuối kỳ'),
  ('D002725', 8.0, '2024-11-28', 'HS9B08', 'PHY', '15 phút'),
  ('D002726', 4.0, '2024-09-09', 'HS9B08', 'PHY', 'Cuối kỳ'),
  ('D002727', 4.6, '2024-10-05', 'HS9B08', 'PHY', 'Miệng'),
  ('D002728', 9.3, '2024-09-17', 'HS9B08', 'PHY', 'Cuối kỳ'),
  ('D002729', 9.4, '2024-11-06', 'HS9B08', 'PE', 'Cuối kỳ'),
  ('D002730', 4.2, '2024-09-21', 'HS9B08', 'PE', '1 tiết'),
  ('D002731', 8.3, '2024-11-12', 'HS9B08', 'PE', '1 tiết'),
  ('D002732', 4.0, '2024-10-25', 'HS9B08', 'PE', '15 phút'),
  ('D002733', 5.3, '2024-10-22', 'HS9B08', 'PE', '1 tiết'),
  ('D002734', 8.6, '2024-11-26', 'HS9B09', 'IT', 'Miệng'),
  ('D002735', 6.7, '2024-11-19', 'HS9B09', 'IT', '1 tiết'),
  ('D002736', 7.2, '2024-10-02', 'HS9B09', 'IT', '1 tiết'),
  ('D002737', 6.0, '2024-10-19', 'HS9B09', 'IT', 'Miệng'),
  ('D002738', 6.8, '2024-10-15', 'HS9B09', 'IT', '15 phút'),
  ('D002739', 9.5, '2024-11-08', 'HS9B09', 'IT', 'Cuối kỳ'),
  ('D002740', 5.8, '2024-11-28', 'HS9B09', 'HIS', 'Miệng'),
  ('D002741', 8.9, '2024-11-19', 'HS9B09', 'HIS', '1 tiết'),
  ('D002742', 6.4, '2024-09-17', 'HS9B09', 'HIS', '15 phút'),
  ('D002743', 4.2, '2024-10-08', 'HS9B09', 'HIS', 'Cuối kỳ'),
  ('D002744', 4.0, '2024-09-03', 'HS9B09', 'HIS', '1 tiết'),
  ('D002745', 4.1, '2024-11-26', 'HS9B09', 'TEC', '1 tiết'),
  ('D002746', 8.6, '2024-11-02', 'HS9B09', 'TEC', 'Cuối kỳ'),
  ('D002747', 9.9, '2024-09-18', 'HS9B09', 'TEC', '1 tiết'),
  ('D002748', 8.7, '2024-09-13', 'HS9B09', 'TEC', '1 tiết'),
  ('D002749', 5.1, '2024-11-07', 'HS9B09', 'TEC', 'Miệng'),
  ('D002750', 8.1, '2024-09-11', 'HS9B09', 'TEC', '15 phút'),
  ('D002751', 4.1, '2024-09-24', 'HS9B09', 'PHY', '1 tiết'),
  ('D002752', 5.0, '2024-10-22', 'HS9B09', 'PHY', '1 tiết'),
  ('D002753', 6.5, '2024-10-07', 'HS9B09', 'PHY', '15 phút'),
  ('D002754', 6.2, '2024-10-10', 'HS9B09', 'PHY', 'Miệng'),
  ('D002755', 4.5, '2024-09-28', 'HS9B09', 'PHY', 'Miệng'),
  ('D002756', 9.1, '2024-09-08', 'HS9B09', 'PHY', 'Miệng'),
  ('D002757', 4.7, '2024-11-15', 'HS9B10', 'CHE', 'Miệng'),
  ('D002758', 6.9, '2024-11-09', 'HS9B10', 'CHE', 'Miệng'),
  ('D002759', 6.1, '2024-09-12', 'HS9B10', 'CHE', '15 phút'),
  ('D002760', 6.3, '2024-09-18', 'HS9B10', 'CHE', '1 tiết'),
  ('D002761', 8.4, '2024-11-26', 'HS9B10', 'CHE', 'Miệng'),
  ('D002762', 5.0, '2024-10-06', 'HS9B10', 'ENG', '15 phút'),
  ('D002763', 6.9, '2024-11-12', 'HS9B10', 'ENG', 'Miệng'),
  ('D002764', 6.0, '2024-10-26', 'HS9B10', 'ENG', 'Cuối kỳ'),
  ('D002765', 8.8, '2024-10-07', 'HS9B10', 'LIT', '15 phút'),
  ('D002766', 5.1, '2024-11-16', 'HS9B10', 'LIT', 'Miệng'),
  ('D002767', 9.9, '2024-11-08', 'HS9B10', 'LIT', 'Cuối kỳ'),
  ('D002768', 6.3, '2024-11-12', 'HS9B10', 'GEO', '15 phút'),
  ('D002769', 9.4, '2024-09-15', 'HS9B10', 'GEO', '15 phút'),
  ('D002770', 4.0, '2024-10-01', 'HS9B10', 'GEO', '1 tiết'),
  ('D002771', 7.9, '2024-10-24', 'HS9B10', 'GEO', 'Miệng'),
  ('D002772', 9.8, '2024-10-03', 'HS9B10', 'GEO', '15 phút'),
  ('D002773', 9.1, '2024-11-17', 'HS9B10', 'GEO', 'Miệng'),
  ('D002774', 4.7, '2024-09-26', 'HS9B11', 'PE', '1 tiết'),
  ('D002775', 5.5, '2024-11-27', 'HS9B11', 'PE', 'Cuối kỳ'),
  ('D002776', 5.8, '2024-09-02', 'HS9B11', 'PE', '1 tiết'),
  ('D002777', 8.0, '2024-09-23', 'HS9B11', 'PE', '1 tiết'),
  ('D002778', 8.9, '2024-09-09', 'HS9B11', 'PE', '1 tiết'),
  ('D002779', 9.9, '2024-11-12', 'HS9B11', 'ENG', 'Miệng'),
  ('D002780', 7.0, '2024-11-10', 'HS9B11', 'ENG', 'Cuối kỳ'),
  ('D002781', 4.1, '2024-10-11', 'HS9B11', 'ENG', '15 phút'),
  ('D002782', 8.3, '2024-09-17', 'HS9B11', 'ENG', 'Miệng'),
  ('D002783', 6.2, '2024-09-09', 'HS9B11', 'ENG', '1 tiết'),
  ('D002784', 5.9, '2024-09-06', 'HS9B11', 'ENG', '15 phút'),
  ('D002785', 5.4, '2024-10-10', 'HS9B11', 'GEO', 'Miệng'),
  ('D002786', 8.9, '2024-11-19', 'HS9B11', 'GEO', '1 tiết'),
  ('D002787', 9.4, '2024-11-10', 'HS9B11', 'GEO', 'Miệng'),
  ('D002788', 8.5, '2024-09-10', 'HS9B11', 'TEC', 'Cuối kỳ'),
  ('D002789', 4.6, '2024-10-09', 'HS9B11', 'TEC', 'Miệng'),
  ('D002790', 4.8, '2024-09-19', 'HS9B11', 'TEC', 'Miệng'),
  ('D002791', 4.6, '2024-10-02', 'HS9B11', 'TEC', 'Cuối kỳ'),
  ('D002792', 8.9, '2024-10-18', 'HS9B11', 'TEC', 'Miệng'),
  ('D002793', 5.6, '2024-11-18', 'HS9B11', 'TEC', '15 phút'),
  ('D002794', 7.8, '2024-09-16', 'HS9B12', 'LIT', '15 phút'),
  ('D002795', 8.4, '2024-09-06', 'HS9B12', 'LIT', '15 phút'),
  ('D002796', 9.9, '2024-09-22', 'HS9B12', 'LIT', '1 tiết'),
  ('D002797', 7.0, '2024-09-02', 'HS9B12', 'BIO', 'Cuối kỳ'),
  ('D002798', 5.3, '2024-11-13', 'HS9B12', 'BIO', '15 phút'),
  ('D002799', 9.0, '2024-10-12', 'HS9B12', 'BIO', '15 phút'),
  ('D002800', 6.4, '2024-11-14', 'HS9B12', 'BIO', '1 tiết'),
  ('D002801', 5.5, '2024-09-23', 'HS9B12', 'ENG', 'Cuối kỳ'),
  ('D002802', 5.5, '2024-11-16', 'HS9B12', 'ENG', 'Miệng'),
  ('D002803', 9.9, '2024-10-19', 'HS9B12', 'ENG', '15 phút'),
  ('D002804', 8.5, '2024-11-05', 'HS9B12', 'ENG', '15 phút'),
  ('D002805', 8.9, '2024-11-04', 'HS9B12', 'ENG', '15 phút'),
  ('D002806', 8.3, '2024-09-08', 'HS9B12', 'PE', 'Miệng'),
  ('D002807', 8.4, '2024-11-13', 'HS9B12', 'PE', '15 phút'),
  ('D002808', 9.8, '2024-10-04', 'HS9B12', 'PE', 'Miệng'),
  ('D002809', 7.9, '2024-11-04', 'HS9B12', 'PE', 'Miệng'),
  ('D002810', 4.9, '2024-11-21', 'HS9B13', 'HIS', 'Miệng'),
  ('D002811', 9.2, '2024-10-14', 'HS9B13', 'HIS', 'Cuối kỳ'),
  ('D002812', 8.0, '2024-11-09', 'HS9B13', 'HIS', 'Cuối kỳ'),
  ('D002813', 8.0, '2024-11-05', 'HS9B13', 'HIS', '15 phút'),
  ('D002814', 6.3, '2024-09-28', 'HS9B13', 'HIS', '15 phút'),
  ('D002815', 6.9, '2024-10-14', 'HS9B13', 'HIS', 'Miệng'),
  ('D002816', 4.0, '2024-10-06', 'HS9B13', 'LIT', 'Miệng'),
  ('D002817', 8.7, '2024-09-24', 'HS9B13', 'LIT', 'Cuối kỳ'),
  ('D002818', 7.1, '2024-09-14', 'HS9B13', 'LIT', 'Miệng'),
  ('D002819', 9.3, '2024-09-10', 'HS9B13', 'LIT', '1 tiết'),
  ('D002820', 5.1, '2024-09-16', 'HS9B13', 'LIT', 'Miệng'),
  ('D002821', 6.1, '2024-11-08', 'HS9B13', 'BIO', 'Cuối kỳ'),
  ('D002822', 5.2, '2024-10-27', 'HS9B13', 'BIO', 'Cuối kỳ'),
  ('D002823', 9.8, '2024-10-06', 'HS9B13', 'BIO', 'Cuối kỳ'),
  ('D002824', 5.3, '2024-09-01', 'HS9B13', 'BIO', '15 phút'),
  ('D002825', 7.9, '2024-10-08', 'HS9B13', 'BIO', '15 phút'),
  ('D002826', 4.7, '2024-11-12', 'HS9B13', 'BIO', '1 tiết'),
  ('D002827', 5.6, '2024-11-17', 'HS9B13', 'PHY', '1 tiết'),
  ('D002828', 8.5, '2024-09-03', 'HS9B13', 'PHY', 'Miệng'),
  ('D002829', 5.4, '2024-10-09', 'HS9B13', 'PHY', '15 phút'),
  ('D002830', 7.8, '2024-11-01', 'HS9B14', 'CIV', '15 phút'),
  ('D002831', 9.8, '2024-10-25', 'HS9B14', 'CIV', 'Cuối kỳ'),
  ('D002832', 7.4, '2024-09-16', 'HS9B14', 'CIV', '15 phút'),
  ('D002833', 5.1, '2024-11-10', 'HS9B14', 'CIV', 'Cuối kỳ'),
  ('D002834', 8.2, '2024-10-19', 'HS9B14', 'IT', '15 phút'),
  ('D002835', 7.8, '2024-11-27', 'HS9B14', 'IT', '1 tiết'),
  ('D002836', 4.6, '2024-10-20', 'HS9B14', 'IT', '15 phút'),
  ('D002837', 9.3, '2024-10-02', 'HS9B14', 'IT', '1 tiết'),
  ('D002838', 6.1, '2024-09-18', 'HS9B14', 'IT', '1 tiết'),
  ('D002839', 5.4, '2024-11-01', 'HS9B14', 'PE', 'Miệng'),
  ('D002840', 4.6, '2024-09-08', 'HS9B14', 'PE', 'Cuối kỳ'),
  ('D002841', 9.2, '2024-09-15', 'HS9B14', 'PE', 'Cuối kỳ'),
  ('D002842', 7.2, '2024-11-03', 'HS9B14', 'PE', 'Miệng'),
  ('D002843', 8.1, '2024-11-15', 'HS9B14', 'PE', '15 phút'),
  ('D002844', 5.3, '2024-09-07', 'HS9B14', 'PE', '1 tiết'),
  ('D002845', 4.2, '2024-09-19', 'HS9B14', 'TEC', 'Cuối kỳ'),
  ('D002846', 4.7, '2024-10-21', 'HS9B14', 'TEC', 'Cuối kỳ'),
  ('D002847', 9.4, '2024-09-11', 'HS9B14', 'TEC', '15 phút'),
  ('D002848', 4.3, '2024-11-09', 'HS9B15', 'PE', '15 phút'),
  ('D002849', 7.9, '2024-11-24', 'HS9B15', 'PE', 'Miệng'),
  ('D002850', 9.6, '2024-10-27', 'HS9B15', 'PE', '15 phút'),
  ('D002851', 8.8, '2024-10-04', 'HS9B15', 'PE', 'Miệng'),
  ('D002852', 9.5, '2024-10-01', 'HS9B15', 'LIT', 'Cuối kỳ'),
  ('D002853', 8.2, '2024-10-25', 'HS9B15', 'LIT', 'Cuối kỳ'),
  ('D002854', 7.3, '2024-09-01', 'HS9B15', 'LIT', 'Miệng'),
  ('D002855', 9.9, '2024-11-01', 'HS9B15', 'LIT', '1 tiết'),
  ('D002856', 5.0, '2024-09-08', 'HS9B15', 'CIV', 'Miệng'),
  ('D002857', 8.4, '2024-09-27', 'HS9B15', 'CIV', '15 phút'),
  ('D002858', 5.2, '2024-10-15', 'HS9B15', 'CIV', 'Miệng'),
  ('D002859', 8.0, '2024-09-20', 'HS9B15', 'CIV', '15 phút'),
  ('D002860', 4.7, '2024-11-07', 'HS9B15', 'CHE', '1 tiết'),
  ('D002861', 7.8, '2024-10-27', 'HS9B15', 'CHE', 'Cuối kỳ'),
  ('D002862', 4.9, '2024-09-27', 'HS9B15', 'CHE', '15 phút'),
  ('D002863', 4.2, '2024-09-22', 'HS9B16', 'GEO', 'Cuối kỳ'),
  ('D002864', 4.7, '2024-09-07', 'HS9B16', 'GEO', 'Miệng'),
  ('D002865', 4.9, '2024-09-14', 'HS9B16', 'GEO', '15 phút'),
  ('D002866', 8.2, '2024-09-09', 'HS9B16', 'GEO', '1 tiết'),
  ('D002867', 9.3, '2024-09-27', 'HS9B16', 'GEO', '15 phút'),
  ('D002868', 6.5, '2024-11-27', 'HS9B16', 'HIS', 'Cuối kỳ'),
  ('D002869', 5.7, '2024-10-20', 'HS9B16', 'HIS', '15 phút'),
  ('D002870', 9.6, '2024-09-07', 'HS9B16', 'HIS', 'Cuối kỳ'),
  ('D002871', 5.8, '2024-11-15', 'HS9B16', 'HIS', 'Miệng'),
  ('D002872', 9.2, '2024-09-26', 'HS9B16', 'HIS', '15 phút'),
  ('D002873', 9.4, '2024-09-24', 'HS9B16', 'HIS', 'Miệng'),
  ('D002874', 6.4, '2024-11-19', 'HS9B16', 'MATH', '15 phút'),
  ('D002875', 4.3, '2024-09-18', 'HS9B16', 'MATH', '15 phút'),
  ('D002876', 8.8, '2024-09-02', 'HS9B16', 'MATH', 'Miệng'),
  ('D002877', 5.4, '2024-11-03', 'HS9B16', 'MATH', '1 tiết'),
  ('D002878', 7.2, '2024-09-09', 'HS9B16', 'MATH', '1 tiết'),
  ('D002879', 6.0, '2024-09-27', 'HS9B16', 'MATH', '15 phút'),
  ('D002880', 6.6, '2024-09-05', 'HS9B16', 'ENG', '15 phút'),
  ('D002881', 8.2, '2024-09-17', 'HS9B16', 'ENG', '15 phút'),
  ('D002882', 7.7, '2024-09-14', 'HS9B16', 'ENG', 'Miệng'),
  ('D002883', 10.0, '2024-10-01', 'HS9B17', 'TEC', 'Miệng'),
  ('D002884', 8.6, '2024-09-25', 'HS9B17', 'TEC', 'Miệng'),
  ('D002885', 9.2, '2024-11-01', 'HS9B17', 'TEC', 'Miệng'),
  ('D002886', 5.9, '2024-11-26', 'HS9B17', 'TEC', 'Miệng'),
  ('D002887', 4.5, '2024-09-16', 'HS9B17', 'TEC', 'Miệng'),
  ('D002888', 8.7, '2024-11-21', 'HS9B17', 'BIO', '1 tiết'),
  ('D002889', 4.3, '2024-11-24', 'HS9B17', 'BIO', 'Miệng'),
  ('D002890', 8.3, '2024-10-11', 'HS9B17', 'BIO', 'Cuối kỳ'),
  ('D002891', 8.0, '2024-11-21', 'HS9B17', 'BIO', '1 tiết'),
  ('D002892', 8.5, '2024-10-06', 'HS9B17', 'BIO', 'Miệng'),
  ('D002893', 7.3, '2024-09-20', 'HS9B17', 'BIO', 'Cuối kỳ'),
  ('D002894', 6.9, '2024-09-05', 'HS9B17', 'GEO', '15 phút'),
  ('D002895', 8.9, '2024-10-17', 'HS9B17', 'GEO', 'Miệng'),
  ('D002896', 5.9, '2024-10-02', 'HS9B17', 'GEO', 'Cuối kỳ'),
  ('D002897', 6.8, '2024-09-20', 'HS9B17', 'GEO', 'Miệng'),
  ('D002898', 4.0, '2024-10-08', 'HS9B17', 'GEO', 'Cuối kỳ'),
  ('D002899', 7.8, '2024-09-12', 'HS9B17', 'ENG', '1 tiết'),
  ('D002900', 7.2, '2024-10-13', 'HS9B17', 'ENG', 'Miệng'),
  ('D002901', 5.4, '2024-09-26', 'HS9B17', 'ENG', '1 tiết'),
  ('D002902', 7.1, '2024-10-12', 'HS9B17', 'ENG', 'Miệng'),
  ('D002903', 6.2, '2024-09-26', 'HS9B17', 'ENG', 'Cuối kỳ'),
  ('D002904', 4.3, '2024-09-08', 'HS9B18', 'TEC', 'Cuối kỳ'),
  ('D002905', 7.6, '2024-11-18', 'HS9B18', 'TEC', 'Cuối kỳ'),
  ('D002906', 7.7, '2024-09-25', 'HS9B18', 'TEC', '15 phút'),
  ('D002907', 4.8, '2024-09-09', 'HS9B18', 'TEC', 'Miệng'),
  ('D002908', 9.6, '2024-10-09', 'HS9B18', 'TEC', 'Miệng'),
  ('D002909', 9.3, '2024-11-24', 'HS9B18', 'TEC', 'Miệng'),
  ('D002910', 7.8, '2024-10-28', 'HS9B18', 'MATH', '15 phút'),
  ('D002911', 7.3, '2024-10-16', 'HS9B18', 'MATH', '15 phút'),
  ('D002912', 7.1, '2024-10-23', 'HS9B18', 'MATH', '15 phút'),
  ('D002913', 7.2, '2024-09-13', 'HS9B18', 'MATH', '1 tiết'),
  ('D002914', 5.5, '2024-11-03', 'HS9B18', 'MATH', '15 phút'),
  ('D002915', 7.7, '2024-10-24', 'HS9B18', 'IT', '15 phút'),
  ('D002916', 7.1, '2024-11-22', 'HS9B18', 'IT', '1 tiết'),
  ('D002917', 6.4, '2024-09-01', 'HS9B18', 'IT', '15 phút'),
  ('D002918', 9.3, '2024-11-05', 'HS9B18', 'IT', '1 tiết'),
  ('D002919', 8.3, '2024-11-14', 'HS9B18', 'IT', '15 phút'),
  ('D002920', 4.6, '2024-10-03', 'HS9B18', 'IT', 'Cuối kỳ'),
  ('D002921', 8.9, '2024-10-21', 'HS9B18', 'CIV', 'Cuối kỳ'),
  ('D002922', 4.9, '2024-10-25', 'HS9B18', 'CIV', '1 tiết'),
  ('D002923', 9.2, '2024-09-06', 'HS9B18', 'CIV', 'Cuối kỳ'),
  ('D002924', 5.8, '2024-11-01', 'HS9B19', 'PHY', 'Miệng'),
  ('D002925', 6.8, '2024-10-14', 'HS9B19', 'PHY', '1 tiết'),
  ('D002926', 9.2, '2024-11-19', 'HS9B19', 'PHY', 'Miệng'),
  ('D002927', 8.6, '2024-11-04', 'HS9B19', 'PHY', '1 tiết'),
  ('D002928', 7.3, '2024-11-17', 'HS9B19', 'CIV', '15 phút'),
  ('D002929', 9.0, '2024-10-11', 'HS9B19', 'CIV', '15 phút'),
  ('D002930', 6.8, '2024-11-02', 'HS9B19', 'CIV', '1 tiết'),
  ('D002931', 4.2, '2024-11-21', 'HS9B19', 'CIV', 'Miệng'),
  ('D002932', 5.4, '2024-09-07', 'HS9B19', 'BIO', '1 tiết'),
  ('D002933', 5.2, '2024-11-09', 'HS9B19', 'BIO', '1 tiết'),
  ('D002934', 9.3, '2024-09-13', 'HS9B19', 'BIO', '15 phút'),
  ('D002935', 8.8, '2024-09-03', 'HS9B19', 'BIO', 'Miệng'),
  ('D002936', 8.3, '2024-10-17', 'HS9B19', 'BIO', 'Cuối kỳ'),
  ('D002937', 7.3, '2024-11-07', 'HS9B19', 'PE', '15 phút'),
  ('D002938', 7.6, '2024-11-22', 'HS9B19', 'PE', '15 phút'),
  ('D002939', 7.0, '2024-09-13', 'HS9B19', 'PE', '1 tiết'),
  ('D002940', 9.7, '2024-11-25', 'HS9B20', 'PHY', 'Cuối kỳ'),
  ('D002941', 8.6, '2024-10-13', 'HS9B20', 'PHY', 'Miệng'),
  ('D002942', 6.8, '2024-11-28', 'HS9B20', 'PHY', 'Cuối kỳ'),
  ('D002943', 4.1, '2024-09-07', 'HS9B20', 'MATH', 'Miệng'),
  ('D002944', 10.0, '2024-09-19', 'HS9B20', 'MATH', 'Miệng'),
  ('D002945', 6.0, '2024-10-04', 'HS9B20', 'MATH', '15 phút'),
  ('D002946', 5.5, '2024-10-11', 'HS9B20', 'HIS', 'Cuối kỳ'),
  ('D002947', 7.8, '2024-10-09', 'HS9B20', 'HIS', '1 tiết'),
  ('D002948', 8.9, '2024-11-04', 'HS9B20', 'HIS', 'Cuối kỳ'),
  ('D002949', 9.3, '2024-11-07', 'HS9B20', 'CIV', 'Cuối kỳ'),
  ('D002950', 6.2, '2024-10-05', 'HS9B20', 'CIV', 'Miệng'),
  ('D002951', 4.5, '2024-11-03', 'HS9B20', 'CIV', 'Miệng'),
  ('D002952', 7.2, '2024-09-08', 'HS10A01', 'IT', 'Cuối kỳ'),
  ('D002953', 7.2, '2024-10-27', 'HS10A01', 'IT', 'Miệng'),
  ('D002954', 7.5, '2024-10-07', 'HS10A01', 'IT', '15 phút'),
  ('D002955', 9.6, '2024-11-20', 'HS10A01', 'CIV', '15 phút'),
  ('D002956', 4.4, '2024-10-09', 'HS10A01', 'CIV', '1 tiết'),
  ('D002957', 6.0, '2024-09-03', 'HS10A01', 'CIV', '1 tiết'),
  ('D002958', 9.6, '2024-11-24', 'HS10A01', 'CIV', '1 tiết'),
  ('D002959', 7.1, '2024-10-24', 'HS10A01', 'PE', 'Miệng'),
  ('D002960', 9.0, '2024-11-01', 'HS10A01', 'PE', '1 tiết'),
  ('D002961', 5.4, '2024-10-14', 'HS10A01', 'PE', 'Cuối kỳ'),
  ('D002962', 9.8, '2024-11-02', 'HS10A01', 'PE', 'Miệng'),
  ('D002963', 8.5, '2024-10-25', 'HS10A01', 'CHE', 'Miệng'),
  ('D002964', 9.6, '2024-09-28', 'HS10A01', 'CHE', 'Miệng'),
  ('D002965', 7.1, '2024-09-12', 'HS10A01', 'CHE', 'Cuối kỳ'),
  ('D002966', 4.9, '2024-10-03', 'HS10A02', 'HIS', '1 tiết'),
  ('D002967', 9.6, '2024-09-04', 'HS10A02', 'HIS', '15 phút'),
  ('D002968', 8.6, '2024-10-11', 'HS10A02', 'HIS', '1 tiết'),
  ('D002969', 4.3, '2024-10-17', 'HS10A02', 'HIS', '15 phút'),
  ('D002970', 6.6, '2024-09-16', 'HS10A02', 'HIS', 'Cuối kỳ'),
  ('D002971', 6.5, '2024-11-21', 'HS10A02', 'HIS', '15 phút'),
  ('D002972', 9.9, '2024-10-10', 'HS10A02', 'PE', 'Miệng'),
  ('D002973', 4.7, '2024-10-18', 'HS10A02', 'PE', 'Miệng'),
  ('D002974', 8.8, '2024-10-25', 'HS10A02', 'PE', '15 phút'),
  ('D002975', 6.1, '2024-09-16', 'HS10A02', 'PE', '15 phút'),
  ('D002976', 4.3, '2024-09-21', 'HS10A02', 'LIT', '1 tiết'),
  ('D002977', 7.7, '2024-09-02', 'HS10A02', 'LIT', 'Miệng'),
  ('D002978', 8.0, '2024-10-23', 'HS10A02', 'LIT', 'Miệng'),
  ('D002979', 7.6, '2024-09-17', 'HS10A02', 'LIT', '1 tiết'),
  ('D002980', 10.0, '2024-11-23', 'HS10A02', 'LIT', 'Miệng'),
  ('D002981', 8.8, '2024-10-19', 'HS10A02', 'LIT', '15 phút'),
  ('D002982', 8.3, '2024-10-09', 'HS10A02', 'MATH', '15 phút'),
  ('D002983', 6.4, '2024-11-23', 'HS10A02', 'MATH', 'Cuối kỳ'),
  ('D002984', 8.6, '2024-11-26', 'HS10A02', 'MATH', 'Cuối kỳ'),
  ('D002985', 9.3, '2024-10-05', 'HS10A03', 'CIV', '1 tiết'),
  ('D002986', 7.5, '2024-11-19', 'HS10A03', 'CIV', '15 phút'),
  ('D002987', 4.9, '2024-11-04', 'HS10A03', 'CIV', '1 tiết'),
  ('D002988', 8.6, '2024-10-19', 'HS10A03', 'CHE', '15 phút'),
  ('D002989', 9.7, '2024-09-04', 'HS10A03', 'CHE', '15 phút'),
  ('D002990', 9.0, '2024-09-10', 'HS10A03', 'CHE', '15 phút'),
  ('D002991', 6.4, '2024-11-02', 'HS10A03', 'IT', 'Cuối kỳ'),
  ('D002992', 7.7, '2024-09-18', 'HS10A03', 'IT', 'Cuối kỳ'),
  ('D002993', 4.9, '2024-11-04', 'HS10A03', 'IT', 'Cuối kỳ'),
  ('D002994', 8.6, '2024-09-21', 'HS10A03', 'IT', 'Cuối kỳ'),
  ('D002995', 5.0, '2024-09-10', 'HS10A03', 'IT', '15 phút'),
  ('D002996', 7.1, '2024-09-11', 'HS10A03', 'IT', '1 tiết'),
  ('D002997', 9.4, '2024-11-05', 'HS10A03', 'GEO', 'Miệng'),
  ('D002998', 9.0, '2024-10-27', 'HS10A03', 'GEO', 'Miệng'),
  ('D002999', 9.4, '2024-10-22', 'HS10A03', 'GEO', 'Miệng'),
  ('D003000', 9.9, '2024-11-19', 'HS10A03', 'GEO', 'Cuối kỳ'),
  ('D003001', 7.5, '2024-10-18', 'HS10A04', 'BIO', '15 phút'),
  ('D003002', 6.6, '2024-10-03', 'HS10A04', 'BIO', 'Cuối kỳ'),
  ('D003003', 7.4, '2024-10-14', 'HS10A04', 'BIO', 'Miệng'),
  ('D003004', 9.5, '2024-09-01', 'HS10A04', 'BIO', 'Cuối kỳ'),
  ('D003005', 8.9, '2024-09-22', 'HS10A04', 'BIO', '15 phút'),
  ('D003006', 8.6, '2024-11-11', 'HS10A04', 'BIO', '1 tiết'),
  ('D003007', 5.5, '2024-09-25', 'HS10A04', 'MATH', '1 tiết'),
  ('D003008', 6.4, '2024-09-08', 'HS10A04', 'MATH', '1 tiết'),
  ('D003009', 9.1, '2024-10-21', 'HS10A04', 'MATH', 'Miệng'),
  ('D003010', 9.0, '2024-09-16', 'HS10A04', 'IT', '15 phút'),
  ('D003011', 4.0, '2024-11-28', 'HS10A04', 'IT', 'Cuối kỳ'),
  ('D003012', 7.6, '2024-10-03', 'HS10A04', 'IT', 'Miệng'),
  ('D003013', 9.0, '2024-10-17', 'HS10A04', 'ENG', '15 phút'),
  ('D003014', 4.5, '2024-11-07', 'HS10A04', 'ENG', '1 tiết'),
  ('D003015', 8.9, '2024-09-02', 'HS10A04', 'ENG', 'Miệng'),
  ('D003016', 5.8, '2024-11-03', 'HS10A05', 'HIS', '1 tiết'),
  ('D003017', 4.3, '2024-10-25', 'HS10A05', 'HIS', '15 phút'),
  ('D003018', 9.2, '2024-11-07', 'HS10A05', 'HIS', 'Cuối kỳ'),
  ('D003019', 7.8, '2024-09-24', 'HS10A05', 'IT', '1 tiết'),
  ('D003020', 5.3, '2024-10-09', 'HS10A05', 'IT', 'Miệng'),
  ('D003021', 9.4, '2024-10-15', 'HS10A05', 'IT', '1 tiết'),
  ('D003022', 6.3, '2024-09-23', 'HS10A05', 'IT', 'Cuối kỳ'),
  ('D003023', 9.3, '2024-11-13', 'HS10A05', 'IT', 'Cuối kỳ'),
  ('D003024', 8.0, '2024-11-05', 'HS10A05', 'IT', '1 tiết'),
  ('D003025', 7.3, '2024-09-24', 'HS10A05', 'MATH', 'Cuối kỳ'),
  ('D003026', 8.3, '2024-10-13', 'HS10A05', 'MATH', 'Miệng'),
  ('D003027', 9.9, '2024-11-23', 'HS10A05', 'MATH', 'Miệng'),
  ('D003028', 4.1, '2024-11-22', 'HS10A05', 'CHE', '1 tiết'),
  ('D003029', 4.4, '2024-09-07', 'HS10A05', 'CHE', '15 phút'),
  ('D003030', 6.7, '2024-09-05', 'HS10A05', 'CHE', '1 tiết'),
  ('D003031', 6.1, '2024-09-07', 'HS10A05', 'CHE', '1 tiết'),
  ('D003032', 9.5, '2024-10-04', 'HS10A05', 'CHE', 'Cuối kỳ'),
  ('D003033', 9.1, '2024-09-22', 'HS10A06', 'IT', 'Miệng'),
  ('D003034', 4.5, '2024-09-01', 'HS10A06', 'IT', 'Cuối kỳ'),
  ('D003035', 4.7, '2024-10-08', 'HS10A06', 'IT', '1 tiết'),
  ('D003036', 4.8, '2024-10-18', 'HS10A06', 'IT', '1 tiết'),
  ('D003037', 4.7, '2024-09-15', 'HS10A06', 'LIT', 'Miệng'),
  ('D003038', 9.3, '2024-11-10', 'HS10A06', 'LIT', '1 tiết'),
  ('D003039', 5.6, '2024-09-24', 'HS10A06', 'LIT', '15 phút'),
  ('D003040', 9.2, '2024-10-02', 'HS10A06', 'LIT', '15 phút'),
  ('D003041', 9.2, '2024-10-17', 'HS10A06', 'LIT', 'Miệng'),
  ('D003042', 9.8, '2024-09-14', 'HS10A06', 'LIT', '1 tiết'),
  ('D003043', 10.0, '2024-09-15', 'HS10A06', 'GEO', '15 phút'),
  ('D003044', 8.1, '2024-09-13', 'HS10A06', 'GEO', 'Cuối kỳ'),
  ('D003045', 7.2, '2024-09-15', 'HS10A06', 'GEO', 'Cuối kỳ'),
  ('D003046', 8.0, '2024-09-06', 'HS10A06', 'GEO', 'Miệng'),
  ('D003047', 4.1, '2024-09-21', 'HS10A06', 'GEO', 'Miệng'),
  ('D003048', 9.4, '2024-11-18', 'HS10A06', 'MATH', '15 phút'),
  ('D003049', 4.6, '2024-09-09', 'HS10A06', 'MATH', 'Cuối kỳ'),
  ('D003050', 5.0, '2024-11-11', 'HS10A06', 'MATH', 'Cuối kỳ'),
  ('D003051', 8.7, '2024-11-20', 'HS10A06', 'MATH', 'Cuối kỳ'),
  ('D003052', 5.4, '2024-10-28', 'HS10A06', 'MATH', '15 phút'),
  ('D003053', 9.2, '2024-11-08', 'HS10A06', 'MATH', 'Miệng'),
  ('D003054', 4.2, '2024-09-19', 'HS10A07', 'IT', 'Cuối kỳ'),
  ('D003055', 9.8, '2024-09-16', 'HS10A07', 'IT', 'Cuối kỳ'),
  ('D003056', 6.4, '2024-09-15', 'HS10A07', 'IT', 'Cuối kỳ'),
  ('D003057', 8.2, '2024-10-28', 'HS10A07', 'IT', 'Cuối kỳ'),
  ('D003058', 5.4, '2024-10-17', 'HS10A07', 'IT', '15 phút'),
  ('D003059', 9.2, '2024-09-12', 'HS10A07', 'IT', 'Miệng'),
  ('D003060', 7.2, '2024-09-22', 'HS10A07', 'ENG', '15 phút'),
  ('D003061', 5.1, '2024-11-12', 'HS10A07', 'ENG', '1 tiết'),
  ('D003062', 8.0, '2024-09-13', 'HS10A07', 'ENG', '1 tiết'),
  ('D003063', 4.1, '2024-10-18', 'HS10A07', 'ENG', 'Cuối kỳ'),
  ('D003064', 9.6, '2024-11-09', 'HS10A07', 'ENG', 'Cuối kỳ'),
  ('D003065', 7.4, '2024-11-03', 'HS10A07', 'ENG', '15 phút'),
  ('D003066', 9.9, '2024-09-11', 'HS10A07', 'TEC', 'Cuối kỳ'),
  ('D003067', 9.8, '2024-11-02', 'HS10A07', 'TEC', '1 tiết'),
  ('D003068', 5.4, '2024-11-20', 'HS10A07', 'TEC', '1 tiết'),
  ('D003069', 9.7, '2024-09-02', 'HS10A07', 'BIO', '1 tiết'),
  ('D003070', 8.8, '2024-11-23', 'HS10A07', 'BIO', '15 phút'),
  ('D003071', 8.0, '2024-11-14', 'HS10A07', 'BIO', '1 tiết'),
  ('D003072', 9.1, '2024-11-17', 'HS10A08', 'IT', 'Miệng'),
  ('D003073', 7.9, '2024-10-12', 'HS10A08', 'IT', 'Cuối kỳ'),
  ('D003074', 7.8, '2024-11-15', 'HS10A08', 'IT', 'Miệng'),
  ('D003075', 8.2, '2024-10-03', 'HS10A08', 'IT', '1 tiết'),
  ('D003076', 9.5, '2024-09-18', 'HS10A08', 'IT', 'Cuối kỳ'),
  ('D003077', 6.3, '2024-09-18', 'HS10A08', 'CHE', '15 phút'),
  ('D003078', 4.2, '2024-11-15', 'HS10A08', 'CHE', '1 tiết'),
  ('D003079', 6.3, '2024-09-20', 'HS10A08', 'CHE', 'Miệng'),
  ('D003080', 8.3, '2024-11-15', 'HS10A08', 'CHE', 'Cuối kỳ'),
  ('D003081', 7.7, '2024-10-13', 'HS10A08', 'CHE', '15 phút'),
  ('D003082', 9.1, '2024-11-14', 'HS10A08', 'CHE', 'Cuối kỳ'),
  ('D003083', 9.0, '2024-09-11', 'HS10A08', 'ENG', '15 phút'),
  ('D003084', 7.0, '2024-11-02', 'HS10A08', 'ENG', '1 tiết'),
  ('D003085', 8.1, '2024-09-13', 'HS10A08', 'ENG', '15 phút'),
  ('D003086', 8.1, '2024-09-12', 'HS10A08', 'ENG', 'Miệng'),
  ('D003087', 9.3, '2024-11-28', 'HS10A08', 'CIV', '1 tiết'),
  ('D003088', 8.5, '2024-10-13', 'HS10A08', 'CIV', '1 tiết'),
  ('D003089', 8.1, '2024-11-02', 'HS10A08', 'CIV', 'Miệng'),
  ('D003090', 8.0, '2024-09-09', 'HS10A08', 'CIV', '15 phút'),
  ('D003091', 8.7, '2024-10-28', 'HS10A08', 'CIV', '1 tiết'),
  ('D003092', 6.8, '2024-10-07', 'HS10A09', 'CHE', '15 phút'),
  ('D003093', 6.1, '2024-11-10', 'HS10A09', 'CHE', '15 phút'),
  ('D003094', 7.8, '2024-11-05', 'HS10A09', 'CHE', '1 tiết'),
  ('D003095', 8.7, '2024-09-28', 'HS10A09', 'CHE', '15 phút'),
  ('D003096', 7.3, '2024-11-04', 'HS10A09', 'CHE', '1 tiết'),
  ('D003097', 6.4, '2024-10-03', 'HS10A09', 'CHE', '1 tiết'),
  ('D003098', 7.2, '2024-10-24', 'HS10A09', 'TEC', 'Cuối kỳ'),
  ('D003099', 5.1, '2024-10-13', 'HS10A09', 'TEC', '15 phút'),
  ('D003100', 9.8, '2024-09-13', 'HS10A09', 'TEC', '15 phút'),
  ('D003101', 9.2, '2024-09-11', 'HS10A09', 'TEC', '1 tiết'),
  ('D003102', 5.3, '2024-11-04', 'HS10A09', 'ENG', 'Cuối kỳ'),
  ('D003103', 6.2, '2024-09-21', 'HS10A09', 'ENG', 'Cuối kỳ'),
  ('D003104', 7.1, '2024-10-28', 'HS10A09', 'ENG', '1 tiết'),
  ('D003105', 7.7, '2024-10-25', 'HS10A09', 'IT', '1 tiết'),
  ('D003106', 8.9, '2024-09-01', 'HS10A09', 'IT', '15 phút'),
  ('D003107', 5.8, '2024-11-04', 'HS10A09', 'IT', 'Miệng'),
  ('D003108', 4.3, '2024-11-27', 'HS10A10', 'LIT', '1 tiết'),
  ('D003109', 7.5, '2024-10-26', 'HS10A10', 'LIT', 'Miệng'),
  ('D003110', 4.5, '2024-10-07', 'HS10A10', 'LIT', 'Cuối kỳ'),
  ('D003111', 5.8, '2024-10-10', 'HS10A10', 'LIT', 'Cuối kỳ'),
  ('D003112', 6.0, '2024-10-07', 'HS10A10', 'GEO', 'Miệng'),
  ('D003113', 5.3, '2024-09-12', 'HS10A10', 'GEO', '15 phút'),
  ('D003114', 8.9, '2024-10-24', 'HS10A10', 'GEO', 'Miệng'),
  ('D003115', 8.8, '2024-10-28', 'HS10A10', 'PE', '1 tiết'),
  ('D003116', 4.3, '2024-11-09', 'HS10A10', 'PE', '15 phút'),
  ('D003117', 8.2, '2024-11-26', 'HS10A10', 'PE', 'Miệng'),
  ('D003118', 5.7, '2024-09-02', 'HS10A10', 'PE', '1 tiết'),
  ('D003119', 6.7, '2024-11-17', 'HS10A10', 'CIV', 'Miệng'),
  ('D003120', 8.2, '2024-11-16', 'HS10A10', 'CIV', 'Miệng'),
  ('D003121', 7.6, '2024-09-25', 'HS10A10', 'CIV', 'Cuối kỳ'),
  ('D003122', 4.0, '2024-10-05', 'HS10A10', 'CIV', '15 phút'),
  ('D003123', 5.0, '2024-09-11', 'HS10A11', 'IT', 'Cuối kỳ'),
  ('D003124', 6.5, '2024-10-28', 'HS10A11', 'IT', 'Cuối kỳ'),
  ('D003125', 8.8, '2024-10-18', 'HS10A11', 'IT', 'Cuối kỳ'),
  ('D003126', 5.7, '2024-09-05', 'HS10A11', 'IT', 'Cuối kỳ'),
  ('D003127', 8.2, '2024-11-11', 'HS10A11', 'IT', '1 tiết'),
  ('D003128', 7.2, '2024-10-24', 'HS10A11', 'IT', 'Cuối kỳ'),
  ('D003129', 8.8, '2024-10-26', 'HS10A11', 'TEC', '1 tiết'),
  ('D003130', 5.1, '2024-09-10', 'HS10A11', 'TEC', 'Miệng'),
  ('D003131', 9.8, '2024-11-14', 'HS10A11', 'TEC', '1 tiết'),
  ('D003132', 4.2, '2024-09-02', 'HS10A11', 'TEC', 'Miệng'),
  ('D003133', 4.9, '2024-10-12', 'HS10A11', 'TEC', '15 phút'),
  ('D003134', 4.4, '2024-09-05', 'HS10A11', 'CIV', 'Miệng'),
  ('D003135', 8.8, '2024-10-03', 'HS10A11', 'CIV', '15 phút'),
  ('D003136', 4.0, '2024-10-16', 'HS10A11', 'CIV', 'Miệng'),
  ('D003137', 7.1, '2024-11-21', 'HS10A11', 'CIV', 'Cuối kỳ'),
  ('D003138', 8.1, '2024-10-10', 'HS10A11', 'BIO', '1 tiết'),
  ('D003139', 9.1, '2024-11-20', 'HS10A11', 'BIO', 'Cuối kỳ'),
  ('D003140', 6.3, '2024-11-23', 'HS10A11', 'BIO', 'Cuối kỳ'),
  ('D003141', 4.9, '2024-11-08', 'HS10A11', 'BIO', 'Cuối kỳ'),
  ('D003142', 4.9, '2024-09-05', 'HS10A12', 'GEO', '1 tiết'),
  ('D003143', 9.1, '2024-11-23', 'HS10A12', 'GEO', '15 phút'),
  ('D003144', 9.5, '2024-10-07', 'HS10A12', 'GEO', 'Miệng'),
  ('D003145', 7.2, '2024-09-23', 'HS10A12', 'GEO', 'Miệng'),
  ('D003146', 8.4, '2024-09-27', 'HS10A12', 'GEO', 'Miệng'),
  ('D003147', 4.8, '2024-11-05', 'HS10A12', 'GEO', 'Miệng'),
  ('D003148', 7.7, '2024-09-13', 'HS10A12', 'CIV', 'Miệng'),
  ('D003149', 9.3, '2024-11-08', 'HS10A12', 'CIV', 'Cuối kỳ'),
  ('D003150', 5.6, '2024-09-07', 'HS10A12', 'CIV', 'Cuối kỳ'),
  ('D003151', 6.1, '2024-11-06', 'HS10A12', 'CIV', 'Cuối kỳ'),
  ('D003152', 6.4, '2024-11-03', 'HS10A12', 'CIV', 'Cuối kỳ'),
  ('D003153', 8.7, '2024-10-16', 'HS10A12', 'TEC', 'Cuối kỳ'),
  ('D003154', 5.9, '2024-11-12', 'HS10A12', 'TEC', '1 tiết'),
  ('D003155', 6.9, '2024-10-05', 'HS10A12', 'TEC', 'Miệng'),
  ('D003156', 6.0, '2024-11-03', 'HS10A12', 'TEC', 'Cuối kỳ'),
  ('D003157', 9.4, '2024-11-08', 'HS10A12', 'CHE', 'Miệng'),
  ('D003158', 6.4, '2024-11-28', 'HS10A12', 'CHE', '15 phút'),
  ('D003159', 8.3, '2024-09-21', 'HS10A12', 'CHE', 'Cuối kỳ'),
  ('D003160', 5.1, '2024-10-22', 'HS10A12', 'CHE', '15 phút'),
  ('D003161', 5.2, '2024-11-24', 'HS10A12', 'CHE', '15 phút'),
  ('D003162', 9.6, '2024-11-19', 'HS10A12', 'CHE', '15 phút'),
  ('D003163', 7.5, '2024-11-20', 'HS10A13', 'MATH', '15 phút'),
  ('D003164', 8.4, '2024-09-04', 'HS10A13', 'MATH', 'Cuối kỳ'),
  ('D003165', 8.8, '2024-11-28', 'HS10A13', 'MATH', 'Miệng'),
  ('D003166', 7.8, '2024-09-18', 'HS10A13', 'MATH', '15 phút'),
  ('D003167', 9.4, '2024-10-21', 'HS10A13', 'BIO', '1 tiết'),
  ('D003168', 8.2, '2024-09-26', 'HS10A13', 'BIO', '15 phút'),
  ('D003169', 5.9, '2024-10-09', 'HS10A13', 'BIO', 'Cuối kỳ'),
  ('D003170', 4.7, '2024-11-21', 'HS10A13', 'BIO', 'Cuối kỳ'),
  ('D003171', 5.3, '2024-10-10', 'HS10A13', 'ENG', '15 phút'),
  ('D003172', 9.7, '2024-11-11', 'HS10A13', 'ENG', '1 tiết'),
  ('D003173', 9.2, '2024-11-26', 'HS10A13', 'ENG', 'Cuối kỳ'),
  ('D003174', 7.7, '2024-11-04', 'HS10A13', 'ENG', '15 phút'),
  ('D003175', 9.4, '2024-11-27', 'HS10A13', 'ENG', 'Cuối kỳ'),
  ('D003176', 4.0, '2024-11-06', 'HS10A13', 'ENG', 'Cuối kỳ'),
  ('D003177', 5.0, '2024-10-08', 'HS10A13', 'PE', 'Cuối kỳ'),
  ('D003178', 8.6, '2024-10-24', 'HS10A13', 'PE', 'Miệng'),
  ('D003179', 5.3, '2024-11-27', 'HS10A13', 'PE', '1 tiết'),
  ('D003180', 4.8, '2024-09-26', 'HS10A14', 'ENG', 'Miệng'),
  ('D003181', 4.8, '2024-10-13', 'HS10A14', 'ENG', 'Miệng'),
  ('D003182', 7.3, '2024-09-02', 'HS10A14', 'ENG', 'Miệng'),
  ('D003183', 5.6, '2024-11-16', 'HS10A14', 'ENG', 'Cuối kỳ'),
  ('D003184', 6.1, '2024-09-23', 'HS10A14', 'PE', '1 tiết'),
  ('D003185', 8.0, '2024-10-06', 'HS10A14', 'PE', '15 phút'),
  ('D003186', 7.8, '2024-10-02', 'HS10A14', 'PE', 'Miệng'),
  ('D003187', 5.2, '2024-10-10', 'HS10A14', 'PE', '15 phút'),
  ('D003188', 9.5, '2024-11-03', 'HS10A14', 'PE', '1 tiết'),
  ('D003189', 4.7, '2024-09-12', 'HS10A14', 'PE', '15 phút'),
  ('D003190', 9.2, '2024-11-28', 'HS10A14', 'IT', 'Miệng'),
  ('D003191', 4.1, '2024-09-21', 'HS10A14', 'IT', '15 phút'),
  ('D003192', 8.7, '2024-11-19', 'HS10A14', 'IT', '1 tiết'),
  ('D003193', 8.0, '2024-09-10', 'HS10A14', 'IT', '15 phút'),
  ('D003194', 5.7, '2024-11-17', 'HS10A14', 'CIV', '15 phút'),
  ('D003195', 4.3, '2024-09-01', 'HS10A14', 'CIV', 'Cuối kỳ'),
  ('D003196', 10.0, '2024-09-07', 'HS10A14', 'CIV', 'Cuối kỳ'),
  ('D003197', 4.6, '2024-09-05', 'HS10A14', 'CIV', 'Cuối kỳ'),
  ('D003198', 4.3, '2024-09-24', 'HS10A14', 'CIV', '15 phút'),
  ('D003199', 4.7, '2024-09-04', 'HS10A14', 'CIV', 'Cuối kỳ'),
  ('D003200', 7.6, '2024-11-22', 'HS10A15', 'HIS', 'Miệng'),
  ('D003201', 4.7, '2024-10-13', 'HS10A15', 'HIS', 'Miệng'),
  ('D003202', 4.8, '2024-09-02', 'HS10A15', 'HIS', 'Miệng'),
  ('D003203', 6.7, '2024-11-11', 'HS10A15', 'GEO', 'Cuối kỳ'),
  ('D003204', 9.6, '2024-09-20', 'HS10A15', 'GEO', '15 phút'),
  ('D003205', 4.2, '2024-11-07', 'HS10A15', 'GEO', 'Cuối kỳ'),
  ('D003206', 6.0, '2024-11-01', 'HS10A15', 'ENG', '15 phút'),
  ('D003207', 6.7, '2024-11-26', 'HS10A15', 'ENG', '1 tiết'),
  ('D003208', 8.7, '2024-09-05', 'HS10A15', 'ENG', '1 tiết'),
  ('D003209', 5.1, '2024-09-10', 'HS10A15', 'ENG', 'Miệng'),
  ('D003210', 8.7, '2024-11-13', 'HS10A15', 'ENG', '15 phút'),
  ('D003211', 9.5, '2024-09-19', 'HS10A15', 'ENG', '1 tiết'),
  ('D003212', 4.9, '2024-10-13', 'HS10A15', 'MATH', '15 phút'),
  ('D003213', 4.1, '2024-11-07', 'HS10A15', 'MATH', '1 tiết'),
  ('D003214', 10.0, '2024-10-24', 'HS10A15', 'MATH', 'Cuối kỳ'),
  ('D003215', 9.0, '2024-09-26', 'HS10A15', 'MATH', 'Miệng'),
  ('D003216', 8.7, '2024-11-16', 'HS10A16', 'PHY', 'Miệng'),
  ('D003217', 8.7, '2024-09-15', 'HS10A16', 'PHY', 'Miệng'),
  ('D003218', 4.9, '2024-09-14', 'HS10A16', 'PHY', '1 tiết'),
  ('D003219', 7.3, '2024-11-12', 'HS10A16', 'PHY', 'Cuối kỳ'),
  ('D003220', 8.6, '2024-09-07', 'HS10A16', 'CIV', 'Miệng'),
  ('D003221', 5.6, '2024-09-24', 'HS10A16', 'CIV', '15 phút'),
  ('D003222', 4.2, '2024-10-02', 'HS10A16', 'CIV', 'Cuối kỳ'),
  ('D003223', 4.7, '2024-11-06', 'HS10A16', 'CIV', 'Cuối kỳ'),
  ('D003224', 5.4, '2024-10-09', 'HS10A16', 'CIV', 'Miệng'),
  ('D003225', 7.6, '2024-09-15', 'HS10A16', 'PE', 'Miệng'),
  ('D003226', 6.6, '2024-11-01', 'HS10A16', 'PE', 'Cuối kỳ'),
  ('D003227', 5.4, '2024-09-28', 'HS10A16', 'PE', '1 tiết'),
  ('D003228', 7.2, '2024-09-11', 'HS10A16', 'PE', '1 tiết'),
  ('D003229', 9.7, '2024-09-27', 'HS10A16', 'BIO', 'Miệng'),
  ('D003230', 5.3, '2024-11-28', 'HS10A16', 'BIO', '1 tiết'),
  ('D003231', 4.2, '2024-09-04', 'HS10A16', 'BIO', 'Miệng'),
  ('D003232', 7.7, '2024-10-16', 'HS10A16', 'BIO', 'Cuối kỳ'),
  ('D003233', 6.2, '2024-10-20', 'HS10A16', 'BIO', 'Miệng'),
  ('D003234', 5.7, '2024-09-08', 'HS10A17', 'BIO', '1 tiết'),
  ('D003235', 6.9, '2024-09-05', 'HS10A17', 'BIO', '1 tiết'),
  ('D003236', 6.8, '2024-09-04', 'HS10A17', 'BIO', 'Miệng'),
  ('D003237', 7.3, '2024-09-26', 'HS10A17', 'BIO', 'Miệng'),
  ('D003238', 4.2, '2024-09-26', 'HS10A17', 'BIO', 'Cuối kỳ'),
  ('D003239', 4.6, '2024-10-09', 'HS10A17', 'GEO', 'Miệng'),
  ('D003240', 6.9, '2024-10-17', 'HS10A17', 'GEO', 'Miệng'),
  ('D003241', 7.3, '2024-11-04', 'HS10A17', 'GEO', '1 tiết'),
  ('D003242', 6.7, '2024-09-19', 'HS10A17', 'GEO', 'Miệng'),
  ('D003243', 9.8, '2024-11-02', 'HS10A17', 'PE', 'Cuối kỳ'),
  ('D003244', 4.5, '2024-11-02', 'HS10A17', 'PE', 'Cuối kỳ'),
  ('D003245', 6.7, '2024-09-02', 'HS10A17', 'PE', 'Cuối kỳ'),
  ('D003246', 6.0, '2024-09-27', 'HS10A17', 'TEC', '1 tiết'),
  ('D003247', 6.2, '2024-11-09', 'HS10A17', 'TEC', 'Cuối kỳ'),
  ('D003248', 5.8, '2024-10-06', 'HS10A17', 'TEC', 'Miệng'),
  ('D003249', 8.2, '2024-09-01', 'HS10A17', 'TEC', 'Cuối kỳ'),
  ('D003250', 6.7, '2024-11-14', 'HS10A18', 'ENG', '1 tiết'),
  ('D003251', 7.0, '2024-09-04', 'HS10A18', 'ENG', 'Miệng'),
  ('D003252', 6.0, '2024-11-26', 'HS10A18', 'ENG', '15 phút'),
  ('D003253', 7.6, '2024-09-27', 'HS10A18', 'ENG', 'Cuối kỳ'),
  ('D003254', 9.5, '2024-10-13', 'HS10A18', 'ENG', 'Cuối kỳ'),
  ('D003255', 4.5, '2024-11-03', 'HS10A18', 'BIO', '15 phút'),
  ('D003256', 9.0, '2024-11-28', 'HS10A18', 'BIO', 'Cuối kỳ'),
  ('D003257', 4.1, '2024-09-09', 'HS10A18', 'BIO', 'Cuối kỳ'),
  ('D003258', 6.5, '2024-09-10', 'HS10A18', 'BIO', '1 tiết'),
  ('D003259', 8.5, '2024-09-02', 'HS10A18', 'IT', 'Cuối kỳ'),
  ('D003260', 7.5, '2024-11-15', 'HS10A18', 'IT', 'Miệng'),
  ('D003261', 9.5, '2024-09-01', 'HS10A18', 'IT', '1 tiết'),
  ('D003262', 7.3, '2024-11-03', 'HS10A18', 'PE', '1 tiết'),
  ('D003263', 7.4, '2024-10-08', 'HS10A18', 'PE', 'Miệng'),
  ('D003264', 5.9, '2024-09-02', 'HS10A18', 'PE', '1 tiết'),
  ('D003265', 7.7, '2024-11-02', 'HS10A18', 'PE', '1 tiết'),
  ('D003266', 7.8, '2024-11-03', 'HS10A19', 'CIV', '15 phút'),
  ('D003267', 6.8, '2024-10-22', 'HS10A19', 'CIV', 'Miệng'),
  ('D003268', 8.9, '2024-10-20', 'HS10A19', 'CIV', '1 tiết'),
  ('D003269', 4.6, '2024-10-04', 'HS10A19', 'CIV', '15 phút'),
  ('D003270', 5.3, '2024-10-02', 'HS10A19', 'CIV', 'Cuối kỳ'),
  ('D003271', 6.9, '2024-10-08', 'HS10A19', 'CIV', '15 phút'),
  ('D003272', 8.6, '2024-10-06', 'HS10A19', 'PE', '15 phút'),
  ('D003273', 8.4, '2024-11-22', 'HS10A19', 'PE', '1 tiết'),
  ('D003274', 7.5, '2024-09-20', 'HS10A19', 'PE', 'Cuối kỳ'),
  ('D003275', 8.8, '2024-09-23', 'HS10A19', 'PE', '1 tiết'),
  ('D003276', 9.3, '2024-11-05', 'HS10A19', 'GEO', 'Miệng'),
  ('D003277', 5.3, '2024-09-17', 'HS10A19', 'GEO', 'Cuối kỳ'),
  ('D003278', 8.9, '2024-11-28', 'HS10A19', 'GEO', '15 phút'),
  ('D003279', 4.6, '2024-10-02', 'HS10A19', 'GEO', '15 phút'),
  ('D003280', 7.8, '2024-11-21', 'HS10A19', 'HIS', '1 tiết'),
  ('D003281', 4.6, '2024-11-26', 'HS10A19', 'HIS', 'Miệng'),
  ('D003282', 5.4, '2024-11-23', 'HS10A19', 'HIS', 'Cuối kỳ'),
  ('D003283', 8.4, '2024-11-17', 'HS10A20', 'ENG', '1 tiết'),
  ('D003284', 9.6, '2024-11-01', 'HS10A20', 'ENG', 'Miệng'),
  ('D003285', 9.8, '2024-10-09', 'HS10A20', 'ENG', '1 tiết'),
  ('D003286', 5.0, '2024-09-15', 'HS10A20', 'LIT', '1 tiết'),
  ('D003287', 7.1, '2024-11-08', 'HS10A20', 'LIT', 'Cuối kỳ'),
  ('D003288', 9.8, '2024-10-15', 'HS10A20', 'LIT', 'Miệng'),
  ('D003289', 7.2, '2024-09-26', 'HS10A20', 'LIT', 'Miệng'),
  ('D003290', 7.2, '2024-10-16', 'HS10A20', 'CIV', '1 tiết'),
  ('D003291', 6.8, '2024-09-27', 'HS10A20', 'CIV', '15 phút'),
  ('D003292', 9.1, '2024-10-19', 'HS10A20', 'CIV', 'Miệng'),
  ('D003293', 5.8, '2024-10-03', 'HS10A20', 'CIV', 'Miệng'),
  ('D003294', 9.6, '2024-11-16', 'HS10A20', 'CIV', '1 tiết'),
  ('D003295', 7.6, '2024-10-18', 'HS10A20', 'GEO', '15 phút'),
  ('D003296', 6.8, '2024-10-19', 'HS10A20', 'GEO', 'Cuối kỳ'),
  ('D003297', 8.0, '2024-09-09', 'HS10A20', 'GEO', 'Miệng'),
  ('D003298', 7.5, '2024-09-23', 'HS10A20', 'GEO', 'Miệng'),
  ('D003299', 6.1, '2024-09-16', 'HS10B01', 'CHE', '15 phút'),
  ('D003300', 5.1, '2024-10-22', 'HS10B01', 'CHE', '15 phút'),
  ('D003301', 6.0, '2024-10-12', 'HS10B01', 'CHE', 'Miệng'),
  ('D003302', 7.5, '2024-11-22', 'HS10B01', 'LIT', 'Cuối kỳ'),
  ('D003303', 5.1, '2024-11-02', 'HS10B01', 'LIT', 'Cuối kỳ'),
  ('D003304', 8.2, '2024-10-27', 'HS10B01', 'LIT', 'Cuối kỳ'),
  ('D003305', 6.3, '2024-09-24', 'HS10B01', 'LIT', '1 tiết'),
  ('D003306', 9.6, '2024-10-01', 'HS10B01', 'LIT', '1 tiết'),
  ('D003307', 6.7, '2024-10-05', 'HS10B01', 'LIT', 'Miệng'),
  ('D003308', 4.1, '2024-11-11', 'HS10B01', 'PE', 'Miệng'),
  ('D003309', 6.3, '2024-09-12', 'HS10B01', 'PE', '15 phút'),
  ('D003310', 9.0, '2024-10-09', 'HS10B01', 'PE', '15 phút'),
  ('D003311', 4.0, '2024-11-26', 'HS10B01', 'PE', '15 phút'),
  ('D003312', 5.6, '2024-10-18', 'HS10B01', 'PE', '15 phút'),
  ('D003313', 7.7, '2024-10-05', 'HS10B01', 'PE', '1 tiết'),
  ('D003314', 6.9, '2024-11-15', 'HS10B01', 'HIS', 'Miệng'),
  ('D003315', 6.5, '2024-11-27', 'HS10B01', 'HIS', 'Miệng'),
  ('D003316', 4.5, '2024-09-07', 'HS10B01', 'HIS', 'Miệng'),
  ('D003317', 7.5, '2024-11-08', 'HS10B01', 'HIS', '1 tiết'),
  ('D003318', 8.0, '2024-11-21', 'HS10B01', 'HIS', '15 phút'),
  ('D003319', 10.0, '2024-09-23', 'HS10B01', 'HIS', 'Cuối kỳ'),
  ('D003320', 9.4, '2024-10-06', 'HS10B02', 'LIT', '15 phút'),
  ('D003321', 4.3, '2024-10-11', 'HS10B02', 'LIT', 'Miệng'),
  ('D003322', 6.4, '2024-11-01', 'HS10B02', 'LIT', '15 phút'),
  ('D003323', 6.2, '2024-10-25', 'HS10B02', 'LIT', '1 tiết'),
  ('D003324', 7.0, '2024-10-04', 'HS10B02', 'LIT', 'Miệng'),
  ('D003325', 6.6, '2024-11-02', 'HS10B02', 'LIT', '15 phút'),
  ('D003326', 5.6, '2024-11-14', 'HS10B02', 'PHY', 'Cuối kỳ'),
  ('D003327', 9.1, '2024-10-25', 'HS10B02', 'PHY', 'Cuối kỳ'),
  ('D003328', 9.4, '2024-11-03', 'HS10B02', 'PHY', '15 phút'),
  ('D003329', 8.2, '2024-11-18', 'HS10B02', 'PHY', 'Miệng'),
  ('D003330', 7.3, '2024-11-01', 'HS10B02', 'PHY', 'Cuối kỳ'),
  ('D003331', 9.0, '2024-09-04', 'HS10B02', 'CIV', '1 tiết'),
  ('D003332', 4.5, '2024-10-14', 'HS10B02', 'CIV', 'Miệng'),
  ('D003333', 8.7, '2024-10-20', 'HS10B02', 'CIV', '15 phút'),
  ('D003334', 9.5, '2024-11-13', 'HS10B02', 'CIV', '1 tiết'),
  ('D003335', 7.3, '2024-11-22', 'HS10B02', 'CIV', '15 phút'),
  ('D003336', 8.2, '2024-11-13', 'HS10B02', 'CIV', 'Cuối kỳ'),
  ('D003337', 9.6, '2024-10-19', 'HS10B02', 'GEO', '1 tiết'),
  ('D003338', 8.1, '2024-09-11', 'HS10B02', 'GEO', '1 tiết'),
  ('D003339', 7.5, '2024-10-26', 'HS10B02', 'GEO', 'Miệng'),
  ('D003340', 4.7, '2024-11-05', 'HS10B02', 'GEO', '15 phút'),
  ('D003341', 4.4, '2024-11-25', 'HS10B02', 'GEO', 'Cuối kỳ'),
  ('D003342', 4.7, '2024-10-03', 'HS10B03', 'BIO', 'Cuối kỳ'),
  ('D003343', 8.1, '2024-09-08', 'HS10B03', 'BIO', 'Cuối kỳ'),
  ('D003344', 5.2, '2024-10-08', 'HS10B03', 'BIO', 'Cuối kỳ'),
  ('D003345', 9.9, '2024-11-05', 'HS10B03', 'BIO', 'Miệng'),
  ('D003346', 7.1, '2024-10-11', 'HS10B03', 'BIO', '1 tiết'),
  ('D003347', 6.3, '2024-09-02', 'HS10B03', 'PHY', 'Miệng'),
  ('D003348', 7.6, '2024-11-19', 'HS10B03', 'PHY', '1 tiết'),
  ('D003349', 8.8, '2024-10-17', 'HS10B03', 'PHY', '1 tiết'),
  ('D003350', 4.3, '2024-10-13', 'HS10B03', 'HIS', '1 tiết'),
  ('D003351', 8.7, '2024-11-28', 'HS10B03', 'HIS', 'Cuối kỳ'),
  ('D003352', 6.6, '2024-10-02', 'HS10B03', 'HIS', '1 tiết'),
  ('D003353', 8.7, '2024-10-06', 'HS10B03', 'HIS', 'Miệng'),
  ('D003354', 5.9, '2024-10-16', 'HS10B03', 'MATH', 'Cuối kỳ'),
  ('D003355', 6.0, '2024-09-19', 'HS10B03', 'MATH', 'Cuối kỳ'),
  ('D003356', 8.7, '2024-10-25', 'HS10B03', 'MATH', '1 tiết'),
  ('D003357', 9.8, '2024-09-26', 'HS10B03', 'MATH', 'Miệng'),
  ('D003358', 6.6, '2024-09-28', 'HS10B03', 'MATH', '1 tiết'),
  ('D003359', 8.6, '2024-10-23', 'HS10B04', 'CHE', '1 tiết'),
  ('D003360', 4.3, '2024-10-21', 'HS10B04', 'CHE', '1 tiết'),
  ('D003361', 7.6, '2024-10-08', 'HS10B04', 'CHE', 'Miệng'),
  ('D003362', 4.1, '2024-11-14', 'HS10B04', 'CHE', '15 phút'),
  ('D003363', 4.7, '2024-09-10', 'HS10B04', 'HIS', '15 phút'),
  ('D003364', 9.8, '2024-10-14', 'HS10B04', 'HIS', 'Cuối kỳ'),
  ('D003365', 8.2, '2024-10-10', 'HS10B04', 'HIS', 'Cuối kỳ'),
  ('D003366', 4.8, '2024-10-20', 'HS10B04', 'HIS', 'Miệng'),
  ('D003367', 4.2, '2024-09-06', 'HS10B04', 'CIV', '1 tiết'),
  ('D003368', 8.3, '2024-09-03', 'HS10B04', 'CIV', '1 tiết'),
  ('D003369', 9.5, '2024-11-27', 'HS10B04', 'CIV', '1 tiết'),
  ('D003370', 7.2, '2024-11-21', 'HS10B04', 'CIV', 'Cuối kỳ'),
  ('D003371', 10.0, '2024-09-25', 'HS10B04', 'CIV', 'Miệng'),
  ('D003372', 4.7, '2024-11-17', 'HS10B04', 'CIV', 'Cuối kỳ'),
  ('D003373', 8.3, '2024-11-05', 'HS10B04', 'ENG', '15 phút'),
  ('D003374', 9.2, '2024-09-19', 'HS10B04', 'ENG', '1 tiết'),
  ('D003375', 6.7, '2024-09-26', 'HS10B04', 'ENG', '1 tiết'),
  ('D003376', 6.7, '2024-11-14', 'HS10B04', 'ENG', '1 tiết'),
  ('D003377', 9.1, '2024-11-26', 'HS10B04', 'ENG', 'Cuối kỳ'),
  ('D003378', 4.5, '2024-11-04', 'HS10B04', 'ENG', '15 phút'),
  ('D003379', 8.4, '2024-10-11', 'HS10B05', 'MATH', '15 phút'),
  ('D003380', 6.6, '2024-11-19', 'HS10B05', 'MATH', 'Cuối kỳ'),
  ('D003381', 9.2, '2024-11-02', 'HS10B05', 'MATH', 'Cuối kỳ'),
  ('D003382', 7.3, '2024-11-06', 'HS10B05', 'MATH', '1 tiết'),
  ('D003383', 9.7, '2024-09-10', 'HS10B05', 'PHY', '15 phút'),
  ('D003384', 4.7, '2024-11-23', 'HS10B05', 'PHY', '15 phút'),
  ('D003385', 7.0, '2024-10-12', 'HS10B05', 'PHY', '1 tiết'),
  ('D003386', 4.3, '2024-11-14', 'HS10B05', 'PHY', '1 tiết'),
  ('D003387', 5.8, '2024-10-10', 'HS10B05', 'PHY', 'Cuối kỳ'),
  ('D003388', 8.4, '2024-09-28', 'HS10B05', 'IT', 'Miệng'),
  ('D003389', 4.7, '2024-09-05', 'HS10B05', 'IT', 'Cuối kỳ'),
  ('D003390', 5.7, '2024-11-20', 'HS10B05', 'IT', 'Cuối kỳ'),
  ('D003391', 8.1, '2024-11-24', 'HS10B05', 'IT', 'Miệng'),
  ('D003392', 6.7, '2024-10-25', 'HS10B05', 'IT', '15 phút'),
  ('D003393', 8.0, '2024-11-21', 'HS10B05', 'CHE', '15 phút'),
  ('D003394', 6.9, '2024-09-07', 'HS10B05', 'CHE', 'Cuối kỳ'),
  ('D003395', 8.1, '2024-09-16', 'HS10B05', 'CHE', '1 tiết'),
  ('D003396', 8.3, '2024-11-18', 'HS10B05', 'CHE', 'Miệng'),
  ('D003397', 5.5, '2024-11-21', 'HS10B06', 'LIT', '15 phút'),
  ('D003398', 4.2, '2024-11-26', 'HS10B06', 'LIT', '15 phút'),
  ('D003399', 5.9, '2024-11-17', 'HS10B06', 'LIT', '15 phút'),
  ('D003400', 7.7, '2024-09-11', 'HS10B06', 'PE', '15 phút'),
  ('D003401', 9.3, '2024-09-02', 'HS10B06', 'PE', 'Miệng'),
  ('D003402', 7.1, '2024-11-28', 'HS10B06', 'PE', 'Cuối kỳ'),
  ('D003403', 6.6, '2024-11-10', 'HS10B06', 'PE', 'Miệng'),
  ('D003404', 9.1, '2024-10-06', 'HS10B06', 'PE', '1 tiết'),
  ('D003405', 5.5, '2024-11-12', 'HS10B06', 'HIS', '1 tiết'),
  ('D003406', 5.6, '2024-09-27', 'HS10B06', 'HIS', '15 phút'),
  ('D003407', 8.9, '2024-10-23', 'HS10B06', 'HIS', 'Miệng'),
  ('D003408', 6.9, '2024-11-07', 'HS10B06', 'HIS', 'Cuối kỳ'),
  ('D003409', 8.2, '2024-11-04', 'HS10B06', 'HIS', 'Miệng'),
  ('D003410', 5.4, '2024-11-04', 'HS10B06', 'PHY', '15 phút'),
  ('D003411', 7.2, '2024-11-17', 'HS10B06', 'PHY', '1 tiết'),
  ('D003412', 9.2, '2024-11-13', 'HS10B06', 'PHY', 'Cuối kỳ'),
  ('D003413', 9.9, '2024-11-17', 'HS10B06', 'PHY', '15 phút'),
  ('D003414', 9.3, '2024-11-20', 'HS10B06', 'PHY', 'Miệng'),
  ('D003415', 4.6, '2024-10-22', 'HS10B07', 'CHE', '15 phút'),
  ('D003416', 5.5, '2024-09-02', 'HS10B07', 'CHE', 'Miệng'),
  ('D003417', 9.2, '2024-11-18', 'HS10B07', 'CHE', 'Cuối kỳ'),
  ('D003418', 8.3, '2024-09-09', 'HS10B07', 'CHE', '15 phút'),
  ('D003419', 9.4, '2024-11-21', 'HS10B07', 'CHE', '15 phút'),
  ('D003420', 7.6, '2024-09-17', 'HS10B07', 'CHE', '15 phút'),
  ('D003421', 7.4, '2024-09-05', 'HS10B07', 'BIO', 'Miệng'),
  ('D003422', 9.9, '2024-11-18', 'HS10B07', 'BIO', 'Cuối kỳ'),
  ('D003423', 4.2, '2024-09-19', 'HS10B07', 'BIO', '15 phút'),
  ('D003424', 9.9, '2024-11-28', 'HS10B07', 'BIO', 'Miệng'),
  ('D003425', 5.0, '2024-09-02', 'HS10B07', 'GEO', 'Miệng'),
  ('D003426', 4.1, '2024-09-06', 'HS10B07', 'GEO', 'Miệng'),
  ('D003427', 4.1, '2024-11-17', 'HS10B07', 'GEO', 'Cuối kỳ'),
  ('D003428', 6.8, '2024-10-04', 'HS10B07', 'GEO', 'Miệng'),
  ('D003429', 7.0, '2024-11-20', 'HS10B07', 'ENG', 'Cuối kỳ'),
  ('D003430', 8.3, '2024-09-01', 'HS10B07', 'ENG', 'Miệng'),
  ('D003431', 8.9, '2024-09-12', 'HS10B07', 'ENG', 'Cuối kỳ'),
  ('D003432', 9.6, '2024-11-08', 'HS10B08', 'LIT', 'Miệng'),
  ('D003433', 7.5, '2024-09-26', 'HS10B08', 'LIT', 'Cuối kỳ'),
  ('D003434', 5.7, '2024-11-21', 'HS10B08', 'LIT', '15 phút'),
  ('D003435', 5.2, '2024-10-14', 'HS10B08', 'LIT', '1 tiết'),
  ('D003436', 9.0, '2024-09-02', 'HS10B08', 'LIT', 'Miệng'),
  ('D003437', 8.4, '2024-09-15', 'HS10B08', 'CHE', 'Cuối kỳ'),
  ('D003438', 9.5, '2024-09-12', 'HS10B08', 'CHE', '1 tiết'),
  ('D003439', 9.7, '2024-11-19', 'HS10B08', 'CHE', 'Cuối kỳ'),
  ('D003440', 6.6, '2024-09-11', 'HS10B08', 'CHE', 'Miệng'),
  ('D003441', 6.6, '2024-11-13', 'HS10B08', 'MATH', 'Cuối kỳ'),
  ('D003442', 5.6, '2024-09-01', 'HS10B08', 'MATH', 'Cuối kỳ'),
  ('D003443', 9.5, '2024-10-28', 'HS10B08', 'MATH', 'Miệng'),
  ('D003444', 8.2, '2024-09-10', 'HS10B08', 'PHY', 'Miệng'),
  ('D003445', 8.8, '2024-11-11', 'HS10B08', 'PHY', 'Miệng'),
  ('D003446', 6.4, '2024-11-09', 'HS10B08', 'PHY', 'Cuối kỳ'),
  ('D003447', 8.6, '2024-09-14', 'HS10B09', 'MATH', 'Cuối kỳ'),
  ('D003448', 7.3, '2024-10-18', 'HS10B09', 'MATH', '15 phút'),
  ('D003449', 6.3, '2024-11-19', 'HS10B09', 'MATH', 'Cuối kỳ'),
  ('D003450', 5.0, '2024-11-15', 'HS10B09', 'MATH', 'Miệng'),
  ('D003451', 7.2, '2024-11-14', 'HS10B09', 'MATH', 'Miệng'),
  ('D003452', 7.2, '2024-11-22', 'HS10B09', 'IT', 'Cuối kỳ'),
  ('D003453', 8.7, '2024-09-12', 'HS10B09', 'IT', 'Miệng'),
  ('D003454', 6.2, '2024-11-14', 'HS10B09', 'IT', '15 phút'),
  ('D003455', 6.2, '2024-09-19', 'HS10B09', 'IT', 'Cuối kỳ'),
  ('D003456', 9.4, '2024-09-23', 'HS10B09', 'IT', '15 phút'),
  ('D003457', 4.8, '2024-09-05', 'HS10B09', 'IT', 'Cuối kỳ'),
  ('D003458', 6.7, '2024-11-17', 'HS10B09', 'PE', '15 phút'),
  ('D003459', 6.3, '2024-10-03', 'HS10B09', 'PE', 'Miệng'),
  ('D003460', 8.6, '2024-11-12', 'HS10B09', 'PE', '15 phút'),
  ('D003461', 9.6, '2024-10-12', 'HS10B09', 'PE', '1 tiết'),
  ('D003462', 7.1, '2024-09-15', 'HS10B09', 'PE', 'Cuối kỳ'),
  ('D003463', 5.7, '2024-09-22', 'HS10B09', 'TEC', '15 phút'),
  ('D003464', 6.9, '2024-10-20', 'HS10B09', 'TEC', '15 phút'),
  ('D003465', 8.7, '2024-09-18', 'HS10B09', 'TEC', '15 phút'),
  ('D003466', 5.7, '2024-11-23', 'HS10B09', 'TEC', 'Cuối kỳ'),
  ('D003467', 9.6, '2024-10-09', 'HS10B09', 'TEC', '15 phút'),
  ('D003468', 5.0, '2024-11-16', 'HS10B09', 'TEC', '1 tiết'),
  ('D003469', 8.9, '2024-10-24', 'HS10B10', 'IT', '1 tiết'),
  ('D003470', 5.6, '2024-09-04', 'HS10B10', 'IT', '1 tiết'),
  ('D003471', 8.1, '2024-10-16', 'HS10B10', 'IT', 'Miệng'),
  ('D003472', 6.6, '2024-11-05', 'HS10B10', 'PE', 'Miệng'),
  ('D003473', 9.1, '2024-09-05', 'HS10B10', 'PE', '1 tiết'),
  ('D003474', 7.0, '2024-09-23', 'HS10B10', 'PE', 'Miệng'),
  ('D003475', 9.6, '2024-09-03', 'HS10B10', 'PE', 'Cuối kỳ'),
  ('D003476', 5.3, '2024-11-11', 'HS10B10', 'PE', 'Cuối kỳ'),
  ('D003477', 9.7, '2024-10-06', 'HS10B10', 'LIT', '15 phút'),
  ('D003478', 9.0, '2024-10-28', 'HS10B10', 'LIT', 'Cuối kỳ'),
  ('D003479', 10.0, '2024-11-06', 'HS10B10', 'LIT', '1 tiết'),
  ('D003480', 9.3, '2024-10-01', 'HS10B10', 'LIT', 'Miệng'),
  ('D003481', 4.5, '2024-11-21', 'HS10B10', 'LIT', '15 phút'),
  ('D003482', 8.1, '2024-11-15', 'HS10B10', 'GEO', '15 phút'),
  ('D003483', 4.5, '2024-10-03', 'HS10B10', 'GEO', 'Cuối kỳ'),
  ('D003484', 9.6, '2024-11-26', 'HS10B10', 'GEO', '1 tiết'),
  ('D003485', 4.0, '2024-09-02', 'HS10B10', 'GEO', '1 tiết'),
  ('D003486', 7.4, '2024-09-20', 'HS10B11', 'IT', '15 phút'),
  ('D003487', 9.1, '2024-09-27', 'HS10B11', 'IT', 'Miệng'),
  ('D003488', 5.9, '2024-10-03', 'HS10B11', 'IT', 'Miệng'),
  ('D003489', 5.4, '2024-10-02', 'HS10B11', 'CIV', '15 phút'),
  ('D003490', 5.2, '2024-09-15', 'HS10B11', 'CIV', 'Miệng'),
  ('D003491', 8.9, '2024-11-11', 'HS10B11', 'CIV', 'Miệng'),
  ('D003492', 4.0, '2024-10-09', 'HS10B11', 'CIV', 'Miệng'),
  ('D003493', 9.3, '2024-11-26', 'HS10B11', 'CIV', '1 tiết'),
  ('D003494', 8.2, '2024-09-26', 'HS10B11', 'MATH', '15 phút'),
  ('D003495', 8.8, '2024-11-15', 'HS10B11', 'MATH', 'Cuối kỳ'),
  ('D003496', 7.6, '2024-11-07', 'HS10B11', 'MATH', 'Cuối kỳ'),
  ('D003497', 6.1, '2024-11-09', 'HS10B11', 'MATH', '1 tiết'),
  ('D003498', 9.7, '2024-09-14', 'HS10B11', 'MATH', 'Miệng'),
  ('D003499', 9.9, '2024-09-26', 'HS10B11', 'LIT', '1 tiết'),
  ('D003500', 8.9, '2024-09-07', 'HS10B11', 'LIT', 'Miệng'),
  ('D003501', 4.2, '2024-10-02', 'HS10B11', 'LIT', '15 phút'),
  ('D003502', 6.1, '2024-11-22', 'HS10B11', 'LIT', 'Cuối kỳ'),
  ('D003503', 9.4, '2024-09-26', 'HS10B12', 'PHY', '1 tiết'),
  ('D003504', 6.6, '2024-11-25', 'HS10B12', 'PHY', '15 phút'),
  ('D003505', 6.0, '2024-09-14', 'HS10B12', 'PHY', 'Miệng'),
  ('D003506', 6.4, '2024-10-18', 'HS10B12', 'PHY', 'Cuối kỳ'),
  ('D003507', 4.2, '2024-10-15', 'HS10B12', 'PHY', '15 phút'),
  ('D003508', 7.5, '2024-09-23', 'HS10B12', 'PHY', '1 tiết'),
  ('D003509', 9.6, '2024-11-07', 'HS10B12', 'CIV', '1 tiết'),
  ('D003510', 9.8, '2024-10-26', 'HS10B12', 'CIV', '15 phút'),
  ('D003511', 6.3, '2024-11-28', 'HS10B12', 'CIV', '1 tiết'),
  ('D003512', 6.4, '2024-09-18', 'HS10B12', 'CIV', 'Miệng'),
  ('D003513', 6.0, '2024-09-15', 'HS10B12', 'CIV', 'Cuối kỳ'),
  ('D003514', 8.2, '2024-10-12', 'HS10B12', 'ENG', 'Cuối kỳ'),
  ('D003515', 7.7, '2024-10-03', 'HS10B12', 'ENG', '1 tiết'),
  ('D003516', 9.8, '2024-09-07', 'HS10B12', 'ENG', '15 phút'),
  ('D003517', 8.4, '2024-09-20', 'HS10B12', 'ENG', 'Miệng'),
  ('D003518', 7.2, '2024-10-25', 'HS10B12', 'ENG', '1 tiết'),
  ('D003519', 4.3, '2024-11-23', 'HS10B12', 'LIT', '1 tiết'),
  ('D003520', 8.4, '2024-11-20', 'HS10B12', 'LIT', 'Miệng'),
  ('D003521', 9.3, '2024-09-03', 'HS10B12', 'LIT', 'Miệng'),
  ('D003522', 4.9, '2024-10-23', 'HS10B13', 'GEO', 'Cuối kỳ'),
  ('D003523', 8.1, '2024-09-22', 'HS10B13', 'GEO', '15 phút'),
  ('D003524', 5.0, '2024-09-13', 'HS10B13', 'GEO', '1 tiết'),
  ('D003525', 5.9, '2024-10-23', 'HS10B13', 'IT', 'Miệng'),
  ('D003526', 8.1, '2024-09-03', 'HS10B13', 'IT', '15 phút'),
  ('D003527', 5.1, '2024-10-26', 'HS10B13', 'IT', '1 tiết'),
  ('D003528', 9.2, '2024-09-01', 'HS10B13', 'IT', '15 phút'),
  ('D003529', 8.6, '2024-11-02', 'HS10B13', 'HIS', 'Miệng'),
  ('D003530', 5.9, '2024-10-07', 'HS10B13', 'HIS', '15 phút'),
  ('D003531', 9.4, '2024-10-26', 'HS10B13', 'HIS', '1 tiết'),
  ('D003532', 6.6, '2024-11-11', 'HS10B13', 'HIS', 'Miệng'),
  ('D003533', 6.6, '2024-09-27', 'HS10B13', 'HIS', 'Cuối kỳ'),
  ('D003534', 4.6, '2024-10-23', 'HS10B13', 'HIS', '15 phút'),
  ('D003535', 6.8, '2024-11-02', 'HS10B13', 'LIT', '1 tiết'),
  ('D003536', 8.2, '2024-11-22', 'HS10B13', 'LIT', '1 tiết'),
  ('D003537', 7.9, '2024-09-22', 'HS10B13', 'LIT', 'Miệng'),
  ('D003538', 4.3, '2024-10-10', 'HS10B13', 'LIT', '15 phút'),
  ('D003539', 5.7, '2024-09-02', 'HS10B14', 'CHE', '15 phút'),
  ('D003540', 6.6, '2024-11-20', 'HS10B14', 'CHE', '1 tiết'),
  ('D003541', 4.4, '2024-11-10', 'HS10B14', 'CHE', 'Miệng'),
  ('D003542', 9.9, '2024-10-20', 'HS10B14', 'MATH', '15 phút'),
  ('D003543', 9.8, '2024-10-12', 'HS10B14', 'MATH', '15 phút'),
  ('D003544', 9.5, '2024-11-19', 'HS10B14', 'MATH', '1 tiết'),
  ('D003545', 4.9, '2024-10-13', 'HS10B14', 'MATH', 'Miệng'),
  ('D003546', 4.4, '2024-10-19', 'HS10B14', 'PHY', 'Miệng'),
  ('D003547', 7.9, '2024-10-19', 'HS10B14', 'PHY', 'Cuối kỳ'),
  ('D003548', 9.7, '2024-11-02', 'HS10B14', 'PHY', 'Miệng'),
  ('D003549', 8.3, '2024-10-09', 'HS10B14', 'LIT', 'Miệng'),
  ('D003550', 8.7, '2024-09-16', 'HS10B14', 'LIT', '1 tiết'),
  ('D003551', 8.2, '2024-09-23', 'HS10B14', 'LIT', '15 phút'),
  ('D003552', 8.0, '2024-11-28', 'HS10B14', 'LIT', '1 tiết'),
  ('D003553', 5.8, '2024-11-12', 'HS10B14', 'LIT', '15 phút'),
  ('D003554', 4.1, '2024-10-16', 'HS10B14', 'LIT', 'Cuối kỳ'),
  ('D003555', 5.3, '2024-11-12', 'HS10B15', 'HIS', 'Miệng'),
  ('D003556', 4.4, '2024-09-13', 'HS10B15', 'HIS', '1 tiết'),
  ('D003557', 5.5, '2024-10-06', 'HS10B15', 'HIS', '1 tiết'),
  ('D003558', 6.8, '2024-10-06', 'HS10B15', 'ENG', 'Miệng'),
  ('D003559', 7.8, '2024-11-19', 'HS10B15', 'ENG', '15 phút'),
  ('D003560', 5.3, '2024-09-10', 'HS10B15', 'ENG', '1 tiết'),
  ('D003561', 4.4, '2024-11-26', 'HS10B15', 'BIO', 'Miệng'),
  ('D003562', 7.4, '2024-11-14', 'HS10B15', 'BIO', 'Miệng'),
  ('D003563', 6.1, '2024-09-21', 'HS10B15', 'BIO', 'Cuối kỳ'),
  ('D003564', 5.5, '2024-09-04', 'HS10B15', 'PE', 'Miệng'),
  ('D003565', 6.3, '2024-10-08', 'HS10B15', 'PE', '15 phút'),
  ('D003566', 7.7, '2024-09-10', 'HS10B15', 'PE', '1 tiết'),
  ('D003567', 9.7, '2024-10-11', 'HS10B15', 'PE', 'Cuối kỳ'),
  ('D003568', 5.9, '2024-11-28', 'HS10B15', 'PE', '15 phút'),
  ('D003569', 5.0, '2024-09-08', 'HS10B16', 'LIT', '15 phút'),
  ('D003570', 6.5, '2024-09-26', 'HS10B16', 'LIT', 'Miệng'),
  ('D003571', 9.3, '2024-09-15', 'HS10B16', 'LIT', '1 tiết'),
  ('D003572', 6.1, '2024-09-03', 'HS10B16', 'LIT', '1 tiết'),
  ('D003573', 6.8, '2024-10-01', 'HS10B16', 'LIT', '15 phút'),
  ('D003574', 9.4, '2024-09-03', 'HS10B16', 'ENG', '1 tiết'),
  ('D003575', 9.1, '2024-09-23', 'HS10B16', 'ENG', 'Miệng'),
  ('D003576', 5.1, '2024-10-23', 'HS10B16', 'ENG', '15 phút'),
  ('D003577', 7.9, '2024-11-24', 'HS10B16', 'PE', '15 phút'),
  ('D003578', 4.4, '2024-11-26', 'HS10B16', 'PE', 'Miệng'),
  ('D003579', 7.1, '2024-10-24', 'HS10B16', 'PE', 'Miệng'),
  ('D003580', 7.4, '2024-10-04', 'HS10B16', 'HIS', 'Miệng'),
  ('D003581', 7.0, '2024-09-18', 'HS10B16', 'HIS', '1 tiết'),
  ('D003582', 6.0, '2024-11-03', 'HS10B16', 'HIS', '1 tiết'),
  ('D003583', 7.4, '2024-10-23', 'HS10B16', 'HIS', 'Cuối kỳ'),
  ('D003584', 5.0, '2024-11-04', 'HS10B16', 'HIS', 'Cuối kỳ'),
  ('D003585', 9.5, '2024-10-18', 'HS10B17', 'IT', '15 phút'),
  ('D003586', 4.4, '2024-10-20', 'HS10B17', 'IT', '15 phút'),
  ('D003587', 7.1, '2024-11-16', 'HS10B17', 'IT', '15 phút'),
  ('D003588', 8.8, '2024-10-11', 'HS10B17', 'IT', '1 tiết'),
  ('D003589', 9.2, '2024-11-04', 'HS10B17', 'IT', '15 phút'),
  ('D003590', 8.3, '2024-10-06', 'HS10B17', 'TEC', 'Miệng'),
  ('D003591', 4.3, '2024-11-07', 'HS10B17', 'TEC', '1 tiết'),
  ('D003592', 7.2, '2024-11-27', 'HS10B17', 'TEC', '15 phút'),
  ('D003593', 4.8, '2024-09-02', 'HS10B17', 'TEC', '1 tiết'),
  ('D003594', 5.7, '2024-10-09', 'HS10B17', 'MATH', '15 phút'),
  ('D003595', 8.4, '2024-11-28', 'HS10B17', 'MATH', 'Miệng'),
  ('D003596', 4.4, '2024-10-19', 'HS10B17', 'MATH', '15 phút'),
  ('D003597', 8.0, '2024-11-21', 'HS10B17', 'PE', 'Miệng'),
  ('D003598', 4.8, '2024-11-07', 'HS10B17', 'PE', 'Miệng'),
  ('D003599', 5.7, '2024-11-23', 'HS10B17', 'PE', '15 phút'),
  ('D003600', 6.2, '2024-09-23', 'HS10B18', 'PHY', 'Miệng'),
  ('D003601', 5.5, '2024-11-07', 'HS10B18', 'PHY', 'Miệng'),
  ('D003602', 9.4, '2024-09-17', 'HS10B18', 'PHY', 'Miệng'),
  ('D003603', 6.5, '2024-09-14', 'HS10B18', 'PHY', '1 tiết'),
  ('D003604', 6.4, '2024-09-22', 'HS10B18', 'PHY', 'Miệng'),
  ('D003605', 6.1, '2024-11-08', 'HS10B18', 'PHY', 'Cuối kỳ'),
  ('D003606', 6.8, '2024-10-19', 'HS10B18', 'ENG', 'Miệng'),
  ('D003607', 7.7, '2024-09-05', 'HS10B18', 'ENG', 'Miệng'),
  ('D003608', 8.1, '2024-11-06', 'HS10B18', 'ENG', 'Miệng'),
  ('D003609', 6.5, '2024-11-24', 'HS10B18', 'ENG', 'Miệng'),
  ('D003610', 6.8, '2024-10-28', 'HS10B18', 'ENG', 'Miệng'),
  ('D003611', 9.2, '2024-09-19', 'HS10B18', 'ENG', '15 phút'),
  ('D003612', 9.7, '2024-09-09', 'HS10B18', 'CIV', '15 phút'),
  ('D003613', 9.1, '2024-11-18', 'HS10B18', 'CIV', '1 tiết'),
  ('D003614', 4.4, '2024-10-13', 'HS10B18', 'CIV', '15 phút'),
  ('D003615', 7.4, '2024-09-04', 'HS10B18', 'GEO', 'Cuối kỳ'),
  ('D003616', 6.9, '2024-11-02', 'HS10B18', 'GEO', '1 tiết'),
  ('D003617', 6.4, '2024-10-27', 'HS10B18', 'GEO', 'Cuối kỳ'),
  ('D003618', 9.0, '2024-10-15', 'HS10B18', 'GEO', 'Miệng'),
  ('D003619', 7.4, '2024-10-12', 'HS10B19', 'HIS', '1 tiết'),
  ('D003620', 4.4, '2024-11-10', 'HS10B19', 'HIS', '1 tiết'),
  ('D003621', 5.8, '2024-09-15', 'HS10B19', 'HIS', 'Cuối kỳ'),
  ('D003622', 9.9, '2024-11-10', 'HS10B19', 'PHY', '15 phút'),
  ('D003623', 8.3, '2024-11-14', 'HS10B19', 'PHY', '1 tiết'),
  ('D003624', 4.1, '2024-11-20', 'HS10B19', 'PHY', 'Cuối kỳ'),
  ('D003625', 5.0, '2024-09-05', 'HS10B19', 'PHY', '15 phút'),
  ('D003626', 6.3, '2024-10-27', 'HS10B19', 'PHY', 'Miệng'),
  ('D003627', 4.5, '2024-09-09', 'HS10B19', 'PHY', '15 phút'),
  ('D003628', 8.0, '2024-11-11', 'HS10B19', 'TEC', '1 tiết'),
  ('D003629', 5.6, '2024-09-04', 'HS10B19', 'TEC', 'Miệng'),
  ('D003630', 7.2, '2024-10-20', 'HS10B19', 'TEC', 'Miệng'),
  ('D003631', 8.4, '2024-10-05', 'HS10B19', 'TEC', '15 phút'),
  ('D003632', 8.3, '2024-11-03', 'HS10B19', 'TEC', 'Cuối kỳ'),
  ('D003633', 5.6, '2024-09-18', 'HS10B19', 'TEC', '1 tiết'),
  ('D003634', 9.3, '2024-11-10', 'HS10B19', 'ENG', 'Cuối kỳ'),
  ('D003635', 9.8, '2024-09-12', 'HS10B19', 'ENG', 'Miệng'),
  ('D003636', 6.2, '2024-09-08', 'HS10B19', 'ENG', '15 phút'),
  ('D003637', 5.6, '2024-09-27', 'HS10B19', 'ENG', 'Miệng'),
  ('D003638', 9.1, '2024-11-16', 'HS10B20', 'TEC', 'Cuối kỳ'),
  ('D003639', 4.2, '2024-11-09', 'HS10B20', 'TEC', '1 tiết'),
  ('D003640', 9.2, '2024-11-13', 'HS10B20', 'TEC', '1 tiết'),
  ('D003641', 7.0, '2024-10-13', 'HS10B20', 'TEC', '1 tiết'),
  ('D003642', 8.3, '2024-11-11', 'HS10B20', 'TEC', '15 phút'),
  ('D003643', 9.8, '2024-10-12', 'HS10B20', 'PHY', 'Cuối kỳ'),
  ('D003644', 9.9, '2024-10-13', 'HS10B20', 'PHY', 'Cuối kỳ'),
  ('D003645', 9.6, '2024-11-25', 'HS10B20', 'PHY', 'Cuối kỳ'),
  ('D003646', 9.8, '2024-09-14', 'HS10B20', 'PHY', '15 phút'),
  ('D003647', 9.4, '2024-09-03', 'HS10B20', 'PHY', '15 phút'),
  ('D003648', 5.7, '2024-09-18', 'HS10B20', 'LIT', 'Miệng'),
  ('D003649', 7.4, '2024-11-10', 'HS10B20', 'LIT', 'Miệng'),
  ('D003650', 8.9, '2024-09-25', 'HS10B20', 'LIT', 'Cuối kỳ'),
  ('D003651', 7.6, '2024-10-26', 'HS10B20', 'LIT', '1 tiết'),
  ('D003652', 7.5, '2024-10-10', 'HS10B20', 'LIT', 'Cuối kỳ'),
  ('D003653', 4.7, '2024-09-01', 'HS10B20', 'PE', 'Cuối kỳ'),
  ('D003654', 9.2, '2024-10-05', 'HS10B20', 'PE', '15 phút'),
  ('D003655', 6.2, '2024-11-19', 'HS10B20', 'PE', 'Miệng'),
  ('D003656', 5.6, '2024-10-04', 'HS10B20', 'PE', '1 tiết'),
  ('D003657', 5.5, '2024-09-14', 'HS11A01', 'MATH', 'Miệng'),
  ('D003658', 5.8, '2024-10-10', 'HS11A01', 'MATH', '15 phút'),
  ('D003659', 8.3, '2024-09-15', 'HS11A01', 'MATH', 'Cuối kỳ'),
  ('D003660', 5.3, '2024-10-08', 'HS11A01', 'MATH', 'Miệng'),
  ('D003661', 4.2, '2024-11-22', 'HS11A01', 'CIV', 'Miệng'),
  ('D003662', 7.0, '2024-11-27', 'HS11A01', 'CIV', '1 tiết'),
  ('D003663', 9.5, '2024-09-04', 'HS11A01', 'CIV', 'Miệng'),
  ('D003664', 8.4, '2024-10-03', 'HS11A01', 'CHE', '1 tiết'),
  ('D003665', 5.9, '2024-09-12', 'HS11A01', 'CHE', '1 tiết'),
  ('D003666', 8.4, '2024-09-14', 'HS11A01', 'CHE', 'Cuối kỳ'),
  ('D003667', 5.6, '2024-11-21', 'HS11A01', 'CHE', 'Cuối kỳ'),
  ('D003668', 4.3, '2024-10-07', 'HS11A01', 'CHE', '15 phút'),
  ('D003669', 8.1, '2024-10-26', 'HS11A01', 'IT', '1 tiết'),
  ('D003670', 9.3, '2024-09-08', 'HS11A01', 'IT', 'Cuối kỳ'),
  ('D003671', 6.8, '2024-09-19', 'HS11A01', 'IT', 'Cuối kỳ'),
  ('D003672', 5.2, '2024-09-04', 'HS11A02', 'HIS', '1 tiết'),
  ('D003673', 9.5, '2024-11-27', 'HS11A02', 'HIS', 'Miệng'),
  ('D003674', 9.6, '2024-11-23', 'HS11A02', 'HIS', '1 tiết'),
  ('D003675', 8.9, '2024-10-18', 'HS11A02', 'HIS', 'Miệng'),
  ('D003676', 9.6, '2024-10-11', 'HS11A02', 'CIV', 'Miệng'),
  ('D003677', 4.2, '2024-09-16', 'HS11A02', 'CIV', '15 phút'),
  ('D003678', 8.4, '2024-09-10', 'HS11A02', 'CIV', '15 phút'),
  ('D003679', 6.8, '2024-09-04', 'HS11A02', 'BIO', 'Cuối kỳ'),
  ('D003680', 4.2, '2024-10-08', 'HS11A02', 'BIO', 'Miệng'),
  ('D003681', 8.6, '2024-09-25', 'HS11A02', 'BIO', 'Cuối kỳ'),
  ('D003682', 7.2, '2024-11-23', 'HS11A02', 'BIO', 'Miệng'),
  ('D003683', 7.0, '2024-09-02', 'HS11A02', 'BIO', '15 phút'),
  ('D003684', 5.2, '2024-11-12', 'HS11A02', 'TEC', '1 tiết'),
  ('D003685', 8.3, '2024-11-25', 'HS11A02', 'TEC', 'Cuối kỳ'),
  ('D003686', 5.1, '2024-11-01', 'HS11A02', 'TEC', '15 phút'),
  ('D003687', 4.8, '2024-10-20', 'HS11A03', 'PE', '1 tiết'),
  ('D003688', 9.0, '2024-11-22', 'HS11A03', 'PE', '15 phút'),
  ('D003689', 9.5, '2024-09-06', 'HS11A03', 'PE', '15 phút'),
  ('D003690', 7.8, '2024-10-08', 'HS11A03', 'PE', '15 phút'),
  ('D003691', 9.4, '2024-11-20', 'HS11A03', 'PE', '15 phút'),
  ('D003692', 5.7, '2024-10-23', 'HS11A03', 'CIV', '15 phút'),
  ('D003693', 8.7, '2024-09-05', 'HS11A03', 'CIV', '15 phút'),
  ('D003694', 6.5, '2024-09-17', 'HS11A03', 'CIV', '1 tiết'),
  ('D003695', 6.8, '2024-09-02', 'HS11A03', 'GEO', 'Cuối kỳ'),
  ('D003696', 4.3, '2024-09-13', 'HS11A03', 'GEO', 'Cuối kỳ'),
  ('D003697', 8.7, '2024-09-25', 'HS11A03', 'GEO', '15 phút'),
  ('D003698', 6.3, '2024-09-01', 'HS11A03', 'PHY', 'Cuối kỳ'),
  ('D003699', 4.7, '2024-10-04', 'HS11A03', 'PHY', '1 tiết'),
  ('D003700', 7.9, '2024-11-08', 'HS11A03', 'PHY', '15 phút'),
  ('D003701', 8.2, '2024-10-22', 'HS11A03', 'PHY', 'Cuối kỳ'),
  ('D003702', 6.9, '2024-10-15', 'HS11A04', 'TEC', '1 tiết'),
  ('D003703', 4.8, '2024-09-07', 'HS11A04', 'TEC', '15 phút'),
  ('D003704', 4.8, '2024-09-23', 'HS11A04', 'TEC', 'Miệng'),
  ('D003705', 7.8, '2024-11-10', 'HS11A04', 'TEC', '1 tiết'),
  ('D003706', 10.0, '2024-10-18', 'HS11A04', 'TEC', '15 phút'),
  ('D003707', 8.3, '2024-11-22', 'HS11A04', 'TEC', '15 phút'),
  ('D003708', 8.4, '2024-10-13', 'HS11A04', 'CHE', 'Miệng'),
  ('D003709', 6.3, '2024-11-11', 'HS11A04', 'CHE', '15 phút'),
  ('D003710', 6.2, '2024-09-13', 'HS11A04', 'CHE', '15 phút'),
  ('D003711', 9.0, '2024-11-26', 'HS11A04', 'CHE', 'Cuối kỳ'),
  ('D003712', 4.4, '2024-11-04', 'HS11A04', 'IT', 'Miệng'),
  ('D003713', 5.6, '2024-11-26', 'HS11A04', 'IT', 'Cuối kỳ'),
  ('D003714', 5.7, '2024-09-01', 'HS11A04', 'IT', 'Cuối kỳ'),
  ('D003715', 8.0, '2024-09-28', 'HS11A04', 'IT', '1 tiết'),
  ('D003716', 7.9, '2024-10-05', 'HS11A04', 'CIV', 'Miệng'),
  ('D003717', 9.3, '2024-09-08', 'HS11A04', 'CIV', 'Cuối kỳ'),
  ('D003718', 5.0, '2024-11-02', 'HS11A04', 'CIV', '1 tiết'),
  ('D003719', 6.3, '2024-10-24', 'HS11A05', 'CIV', '1 tiết'),
  ('D003720', 8.7, '2024-09-12', 'HS11A05', 'CIV', '1 tiết'),
  ('D003721', 5.5, '2024-09-26', 'HS11A05', 'CIV', '15 phút'),
  ('D003722', 9.6, '2024-11-03', 'HS11A05', 'CIV', '1 tiết'),
  ('D003723', 4.5, '2024-11-09', 'HS11A05', 'CIV', 'Miệng'),
  ('D003724', 7.4, '2024-11-11', 'HS11A05', 'HIS', '1 tiết'),
  ('D003725', 6.6, '2024-09-19', 'HS11A05', 'HIS', 'Miệng'),
  ('D003726', 7.5, '2024-10-19', 'HS11A05', 'HIS', '15 phút'),
  ('D003727', 6.7, '2024-10-12', 'HS11A05', 'PHY', '15 phút'),
  ('D003728', 4.4, '2024-09-26', 'HS11A05', 'PHY', '15 phút'),
  ('D003729', 4.1, '2024-09-14', 'HS11A05', 'PHY', '15 phút'),
  ('D003730', 8.0, '2024-09-20', 'HS11A05', 'PHY', 'Cuối kỳ'),
  ('D003731', 4.6, '2024-11-22', 'HS11A05', 'PHY', 'Miệng'),
  ('D003732', 5.8, '2024-09-19', 'HS11A05', 'GEO', '15 phút'),
  ('D003733', 8.5, '2024-10-20', 'HS11A05', 'GEO', 'Cuối kỳ'),
  ('D003734', 6.8, '2024-11-21', 'HS11A05', 'GEO', 'Cuối kỳ'),
  ('D003735', 6.4, '2024-11-17', 'HS11A05', 'GEO', 'Cuối kỳ'),
  ('D003736', 9.4, '2024-09-03', 'HS11A06', 'PHY', '15 phút'),
  ('D003737', 4.8, '2024-11-13', 'HS11A06', 'PHY', 'Miệng'),
  ('D003738', 6.8, '2024-10-23', 'HS11A06', 'PHY', 'Cuối kỳ'),
  ('D003739', 7.9, '2024-10-12', 'HS11A06', 'PHY', '15 phút'),
  ('D003740', 9.0, '2024-09-21', 'HS11A06', 'PHY', '1 tiết'),
  ('D003741', 5.2, '2024-11-03', 'HS11A06', 'PHY', 'Cuối kỳ'),
  ('D003742', 5.9, '2024-09-17', 'HS11A06', 'LIT', '1 tiết'),
  ('D003743', 5.1, '2024-09-05', 'HS11A06', 'LIT', 'Miệng'),
  ('D003744', 5.0, '2024-11-03', 'HS11A06', 'LIT', '1 tiết'),
  ('D003745', 9.1, '2024-10-16', 'HS11A06', 'LIT', 'Cuối kỳ'),
  ('D003746', 5.6, '2024-10-19', 'HS11A06', 'LIT', 'Cuối kỳ'),
  ('D003747', 6.9, '2024-11-02', 'HS11A06', 'ENG', 'Miệng'),
  ('D003748', 4.8, '2024-11-15', 'HS11A06', 'ENG', 'Cuối kỳ'),
  ('D003749', 5.8, '2024-11-22', 'HS11A06', 'ENG', 'Cuối kỳ'),
  ('D003750', 7.0, '2024-10-19', 'HS11A06', 'ENG', 'Cuối kỳ'),
  ('D003751', 7.6, '2024-10-03', 'HS11A06', 'ENG', 'Cuối kỳ'),
  ('D003752', 6.3, '2024-10-14', 'HS11A06', 'HIS', 'Miệng'),
  ('D003753', 5.5, '2024-10-02', 'HS11A06', 'HIS', 'Miệng'),
  ('D003754', 6.4, '2024-10-11', 'HS11A06', 'HIS', '15 phút'),
  ('D003755', 6.8, '2024-09-19', 'HS11A06', 'HIS', 'Cuối kỳ'),
  ('D003756', 6.6, '2024-09-21', 'HS11A07', 'CHE', '1 tiết'),
  ('D003757', 4.8, '2024-11-13', 'HS11A07', 'CHE', '15 phút'),
  ('D003758', 5.9, '2024-09-23', 'HS11A07', 'CHE', '1 tiết'),
  ('D003759', 7.6, '2024-11-01', 'HS11A07', 'CHE', '15 phút'),
  ('D003760', 6.2, '2024-09-06', 'HS11A07', 'CHE', '15 phút'),
  ('D003761', 6.8, '2024-11-07', 'HS11A07', 'CHE', 'Cuối kỳ'),
  ('D003762', 5.4, '2024-09-28', 'HS11A07', 'PE', '1 tiết'),
  ('D003763', 7.7, '2024-11-20', 'HS11A07', 'PE', '1 tiết'),
  ('D003764', 7.7, '2024-10-10', 'HS11A07', 'PE', 'Cuối kỳ'),
  ('D003765', 7.9, '2024-09-10', 'HS11A07', 'PE', '1 tiết'),
  ('D003766', 8.5, '2024-10-24', 'HS11A07', 'PE', '15 phút'),
  ('D003767', 8.3, '2024-09-26', 'HS11A07', 'HIS', '1 tiết'),
  ('D003768', 7.7, '2024-10-19', 'HS11A07', 'HIS', '15 phút'),
  ('D003769', 8.5, '2024-09-27', 'HS11A07', 'HIS', '1 tiết'),
  ('D003770', 5.7, '2024-10-10', 'HS11A07', 'HIS', '15 phút'),
  ('D003771', 7.4, '2024-10-14', 'HS11A07', 'HIS', '1 tiết'),
  ('D003772', 7.2, '2024-11-27', 'HS11A07', 'ENG', '15 phút'),
  ('D003773', 4.9, '2024-09-19', 'HS11A07', 'ENG', '1 tiết'),
  ('D003774', 7.0, '2024-09-20', 'HS11A07', 'ENG', 'Cuối kỳ'),
  ('D003775', 4.6, '2024-09-04', 'HS11A08', 'TEC', 'Miệng'),
  ('D003776', 10.0, '2024-11-15', 'HS11A08', 'TEC', '15 phút'),
  ('D003777', 4.4, '2024-09-04', 'HS11A08', 'TEC', 'Cuối kỳ'),
  ('D003778', 8.6, '2024-10-11', 'HS11A08', 'TEC', '1 tiết'),
  ('D003779', 9.4, '2024-11-12', 'HS11A08', 'TEC', '15 phút'),
  ('D003780', 7.8, '2024-10-12', 'HS11A08', 'PHY', '1 tiết'),
  ('D003781', 6.8, '2024-11-05', 'HS11A08', 'PHY', '15 phút'),
  ('D003782', 4.2, '2024-09-02', 'HS11A08', 'PHY', '1 tiết'),
  ('D003783', 5.7, '2024-10-28', 'HS11A08', 'PHY', '1 tiết'),
  ('D003784', 6.3, '2024-09-05', 'HS11A08', 'PHY', '15 phút'),
  ('D003785', 8.9, '2024-09-24', 'HS11A08', 'PE', '1 tiết'),
  ('D003786', 4.6, '2024-09-07', 'HS11A08', 'PE', 'Cuối kỳ'),
  ('D003787', 6.0, '2024-10-28', 'HS11A08', 'PE', '1 tiết'),
  ('D003788', 5.1, '2024-11-11', 'HS11A08', 'IT', 'Cuối kỳ'),
  ('D003789', 9.8, '2024-11-14', 'HS11A08', 'IT', 'Miệng'),
  ('D003790', 9.5, '2024-11-07', 'HS11A08', 'IT', 'Miệng'),
  ('D003791', 5.6, '2024-10-18', 'HS11A08', 'IT', '1 tiết'),
  ('D003792', 5.1, '2024-11-11', 'HS11A08', 'IT', 'Cuối kỳ'),
  ('D003793', 6.3, '2024-09-03', 'HS11A08', 'IT', '15 phút'),
  ('D003794', 5.8, '2024-09-07', 'HS11A09', 'IT', 'Cuối kỳ'),
  ('D003795', 4.9, '2024-11-24', 'HS11A09', 'IT', '15 phút'),
  ('D003796', 4.2, '2024-09-07', 'HS11A09', 'IT', '1 tiết'),
  ('D003797', 6.7, '2024-09-09', 'HS11A09', 'IT', 'Cuối kỳ'),
  ('D003798', 7.9, '2024-09-10', 'HS11A09', 'TEC', '15 phút'),
  ('D003799', 8.0, '2024-11-19', 'HS11A09', 'TEC', 'Cuối kỳ'),
  ('D003800', 7.0, '2024-11-22', 'HS11A09', 'TEC', 'Cuối kỳ'),
  ('D003801', 8.7, '2024-11-27', 'HS11A09', 'TEC', 'Miệng'),
  ('D003802', 7.3, '2024-11-11', 'HS11A09', 'BIO', '15 phút'),
  ('D003803', 7.4, '2024-10-13', 'HS11A09', 'BIO', 'Miệng'),
  ('D003804', 4.9, '2024-11-03', 'HS11A09', 'BIO', 'Cuối kỳ'),
  ('D003805', 9.3, '2024-09-15', 'HS11A09', 'MATH', '1 tiết'),
  ('D003806', 5.1, '2024-09-10', 'HS11A09', 'MATH', '15 phút'),
  ('D003807', 9.0, '2024-09-05', 'HS11A09', 'MATH', '15 phút'),
  ('D003808', 7.2, '2024-10-02', 'HS11A09', 'MATH', '15 phút'),
  ('D003809', 5.0, '2024-11-20', 'HS11A09', 'MATH', '1 tiết'),
  ('D003810', 6.5, '2024-10-06', 'HS11A09', 'MATH', 'Cuối kỳ'),
  ('D003811', 7.1, '2024-09-20', 'HS11A10', 'BIO', '15 phút'),
  ('D003812', 4.1, '2024-09-05', 'HS11A10', 'BIO', '1 tiết'),
  ('D003813', 6.4, '2024-09-07', 'HS11A10', 'BIO', '15 phút'),
  ('D003814', 9.3, '2024-09-01', 'HS11A10', 'BIO', '15 phút'),
  ('D003815', 5.5, '2024-10-15', 'HS11A10', 'ENG', 'Miệng'),
  ('D003816', 8.4, '2024-09-22', 'HS11A10', 'ENG', 'Cuối kỳ'),
  ('D003817', 8.7, '2024-10-27', 'HS11A10', 'ENG', 'Miệng'),
  ('D003818', 6.6, '2024-10-05', 'HS11A10', 'ENG', 'Cuối kỳ'),
  ('D003819', 8.5, '2024-10-08', 'HS11A10', 'PHY', 'Miệng'),
  ('D003820', 5.0, '2024-11-12', 'HS11A10', 'PHY', '15 phút'),
  ('D003821', 4.3, '2024-09-08', 'HS11A10', 'PHY', '1 tiết'),
  ('D003822', 8.9, '2024-09-08', 'HS11A10', 'PHY', 'Miệng'),
  ('D003823', 5.3, '2024-11-26', 'HS11A10', 'PHY', '15 phút'),
  ('D003824', 4.8, '2024-10-15', 'HS11A10', 'PE', 'Miệng'),
  ('D003825', 9.7, '2024-11-26', 'HS11A10', 'PE', 'Miệng'),
  ('D003826', 4.5, '2024-11-06', 'HS11A10', 'PE', '15 phút'),
  ('D003827', 4.4, '2024-11-14', 'HS11A11', 'CIV', '1 tiết'),
  ('D003828', 8.0, '2024-11-15', 'HS11A11', 'CIV', 'Miệng'),
  ('D003829', 9.0, '2024-10-21', 'HS11A11', 'CIV', 'Cuối kỳ'),
  ('D003830', 5.9, '2024-10-14', 'HS11A11', 'CIV', 'Miệng'),
  ('D003831', 7.7, '2024-11-28', 'HS11A11', 'CIV', '15 phút'),
  ('D003832', 4.3, '2024-10-21', 'HS11A11', 'ENG', '15 phút'),
  ('D003833', 7.2, '2024-10-05', 'HS11A11', 'ENG', 'Cuối kỳ'),
  ('D003834', 7.8, '2024-10-17', 'HS11A11', 'ENG', 'Miệng'),
  ('D003835', 5.1, '2024-10-20', 'HS11A11', 'ENG', 'Miệng'),
  ('D003836', 8.8, '2024-11-26', 'HS11A11', 'ENG', '1 tiết'),
  ('D003837', 6.4, '2024-11-10', 'HS11A11', 'CHE', '1 tiết'),
  ('D003838', 9.5, '2024-11-24', 'HS11A11', 'CHE', '15 phút'),
  ('D003839', 9.7, '2024-10-08', 'HS11A11', 'CHE', '15 phút'),
  ('D003840', 6.7, '2024-09-26', 'HS11A11', 'CHE', '15 phút'),
  ('D003841', 4.6, '2024-09-03', 'HS11A11', 'CHE', 'Miệng'),
  ('D003842', 4.7, '2024-10-17', 'HS11A11', 'CHE', 'Miệng'),
  ('D003843', 8.2, '2024-11-18', 'HS11A11', 'MATH', 'Cuối kỳ'),
  ('D003844', 8.8, '2024-11-20', 'HS11A11', 'MATH', 'Miệng'),
  ('D003845', 8.0, '2024-09-15', 'HS11A11', 'MATH', 'Miệng'),
  ('D003846', 9.2, '2024-10-10', 'HS11A11', 'MATH', 'Miệng'),
  ('D003847', 4.6, '2024-11-20', 'HS11A12', 'CIV', '1 tiết'),
  ('D003848', 8.2, '2024-09-20', 'HS11A12', 'CIV', '1 tiết'),
  ('D003849', 8.4, '2024-09-16', 'HS11A12', 'CIV', 'Miệng'),
  ('D003850', 5.0, '2024-09-16', 'HS11A12', 'CIV', 'Cuối kỳ'),
  ('D003851', 8.5, '2024-09-08', 'HS11A12', 'CIV', 'Cuối kỳ'),
  ('D003852', 5.0, '2024-10-28', 'HS11A12', 'PHY', '1 tiết'),
  ('D003853', 4.9, '2024-09-13', 'HS11A12', 'PHY', '15 phút'),
  ('D003854', 6.3, '2024-10-22', 'HS11A12', 'PHY', '1 tiết'),
  ('D003855', 7.5, '2024-11-13', 'HS11A12', 'PHY', '15 phút'),
  ('D003856', 8.4, '2024-09-23', 'HS11A12', 'PE', '15 phút'),
  ('D003857', 5.2, '2024-10-10', 'HS11A12', 'PE', '1 tiết'),
  ('D003858', 6.7, '2024-09-10', 'HS11A12', 'PE', 'Cuối kỳ'),
  ('D003859', 7.1, '2024-11-11', 'HS11A12', 'PE', 'Miệng'),
  ('D003860', 6.8, '2024-09-01', 'HS11A12', 'ENG', '1 tiết'),
  ('D003861', 7.7, '2024-10-25', 'HS11A12', 'ENG', '1 tiết'),
  ('D003862', 4.4, '2024-10-07', 'HS11A12', 'ENG', 'Cuối kỳ'),
  ('D003863', 7.0, '2024-11-23', 'HS11A12', 'ENG', '15 phút'),
  ('D003864', 6.4, '2024-11-22', 'HS11A12', 'ENG', '15 phút'),
  ('D003865', 5.6, '2024-10-16', 'HS11A13', 'ENG', 'Cuối kỳ'),
  ('D003866', 5.9, '2024-09-06', 'HS11A13', 'ENG', '1 tiết'),
  ('D003867', 7.4, '2024-09-14', 'HS11A13', 'ENG', 'Miệng'),
  ('D003868', 9.3, '2024-10-18', 'HS11A13', 'ENG', 'Miệng'),
  ('D003869', 8.9, '2024-09-01', 'HS11A13', 'PE', '1 tiết'),
  ('D003870', 7.4, '2024-09-05', 'HS11A13', 'PE', '1 tiết'),
  ('D003871', 4.7, '2024-10-28', 'HS11A13', 'PE', 'Cuối kỳ'),
  ('D003872', 5.3, '2024-09-19', 'HS11A13', 'PE', '1 tiết'),
  ('D003873', 8.5, '2024-11-19', 'HS11A13', 'BIO', 'Cuối kỳ'),
  ('D003874', 5.4, '2024-09-15', 'HS11A13', 'BIO', '15 phút'),
  ('D003875', 7.9, '2024-09-27', 'HS11A13', 'BIO', '1 tiết'),
  ('D003876', 8.0, '2024-09-02', 'HS11A13', 'BIO', 'Cuối kỳ'),
  ('D003877', 6.3, '2024-10-22', 'HS11A13', 'BIO', '1 tiết'),
  ('D003878', 7.9, '2024-11-11', 'HS11A13', 'HIS', 'Miệng'),
  ('D003879', 5.2, '2024-11-04', 'HS11A13', 'HIS', '15 phút'),
  ('D003880', 7.9, '2024-09-02', 'HS11A13', 'HIS', '1 tiết'),
  ('D003881', 8.9, '2024-09-06', 'HS11A14', 'PE', '15 phút'),
  ('D003882', 4.6, '2024-09-26', 'HS11A14', 'PE', 'Miệng'),
  ('D003883', 6.2, '2024-10-17', 'HS11A14', 'PE', 'Miệng'),
  ('D003884', 7.2, '2024-10-18', 'HS11A14', 'IT', 'Cuối kỳ'),
  ('D003885', 7.2, '2024-10-10', 'HS11A14', 'IT', 'Miệng'),
  ('D003886', 4.6, '2024-11-04', 'HS11A14', 'IT', '1 tiết'),
  ('D003887', 5.6, '2024-11-02', 'HS11A14', 'IT', 'Cuối kỳ'),
  ('D003888', 5.9, '2024-10-25', 'HS11A14', 'IT', '15 phút'),
  ('D003889', 4.3, '2024-10-06', 'HS11A14', 'PHY', 'Cuối kỳ'),
  ('D003890', 6.7, '2024-11-16', 'HS11A14', 'PHY', '15 phút'),
  ('D003891', 9.0, '2024-11-11', 'HS11A14', 'PHY', 'Cuối kỳ'),
  ('D003892', 5.7, '2024-10-24', 'HS11A14', 'ENG', '1 tiết'),
  ('D003893', 8.7, '2024-09-20', 'HS11A14', 'ENG', 'Cuối kỳ'),
  ('D003894', 8.3, '2024-09-10', 'HS11A14', 'ENG', '15 phút'),
  ('D003895', 4.7, '2024-09-23', 'HS11A14', 'ENG', 'Cuối kỳ'),
  ('D003896', 8.9, '2024-09-03', 'HS11A14', 'ENG', '15 phút'),
  ('D003897', 5.1, '2024-10-23', 'HS11A14', 'ENG', 'Miệng'),
  ('D003898', 8.8, '2024-09-10', 'HS11A15', 'MATH', 'Cuối kỳ'),
  ('D003899', 9.6, '2024-11-25', 'HS11A15', 'MATH', 'Miệng'),
  ('D003900', 4.5, '2024-11-15', 'HS11A15', 'MATH', '15 phút'),
  ('D003901', 9.0, '2024-10-19', 'HS11A15', 'MATH', '1 tiết'),
  ('D003902', 7.9, '2024-11-23', 'HS11A15', 'CHE', '15 phút'),
  ('D003903', 4.7, '2024-11-01', 'HS11A15', 'CHE', 'Miệng'),
  ('D003904', 5.3, '2024-10-14', 'HS11A15', 'CHE', 'Cuối kỳ'),
  ('D003905', 8.4, '2024-11-06', 'HS11A15', 'ENG', 'Miệng'),
  ('D003906', 4.4, '2024-10-07', 'HS11A15', 'ENG', '15 phút'),
  ('D003907', 7.2, '2024-09-18', 'HS11A15', 'ENG', 'Cuối kỳ'),
  ('D003908', 9.2, '2024-09-11', 'HS11A15', 'CIV', 'Miệng'),
  ('D003909', 6.0, '2024-09-09', 'HS11A15', 'CIV', '15 phút'),
  ('D003910', 9.3, '2024-09-18', 'HS11A15', 'CIV', 'Miệng'),
  ('D003911', 9.6, '2024-11-23', 'HS11A15', 'CIV', '15 phút'),
  ('D003912', 6.7, '2024-11-23', 'HS11A16', 'HIS', 'Cuối kỳ'),
  ('D003913', 5.0, '2024-10-25', 'HS11A16', 'HIS', 'Cuối kỳ'),
  ('D003914', 9.6, '2024-09-06', 'HS11A16', 'HIS', '15 phút'),
  ('D003915', 8.0, '2024-09-07', 'HS11A16', 'PE', 'Cuối kỳ'),
  ('D003916', 6.4, '2024-11-03', 'HS11A16', 'PE', '1 tiết'),
  ('D003917', 7.8, '2024-11-18', 'HS11A16', 'PE', 'Cuối kỳ'),
  ('D003918', 5.1, '2024-10-04', 'HS11A16', 'PE', '15 phút'),
  ('D003919', 6.6, '2024-10-25', 'HS11A16', 'PE', 'Miệng'),
  ('D003920', 4.0, '2024-09-07', 'HS11A16', 'PE', '15 phút'),
  ('D003921', 5.2, '2024-09-23', 'HS11A16', 'ENG', '15 phút'),
  ('D003922', 4.6, '2024-11-28', 'HS11A16', 'ENG', '15 phút'),
  ('D003923', 6.1, '2024-09-15', 'HS11A16', 'ENG', 'Miệng'),
  ('D003924', 7.2, '2024-10-23', 'HS11A16', 'ENG', 'Miệng'),
  ('D003925', 9.7, '2024-10-16', 'HS11A16', 'MATH', 'Cuối kỳ'),
  ('D003926', 4.6, '2024-09-14', 'HS11A16', 'MATH', '1 tiết'),
  ('D003927', 9.0, '2024-09-01', 'HS11A16', 'MATH', 'Miệng'),
  ('D003928', 9.1, '2024-10-08', 'HS11A16', 'MATH', 'Miệng'),
  ('D003929', 7.7, '2024-10-20', 'HS11A16', 'MATH', 'Cuối kỳ'),
  ('D003930', 9.7, '2024-09-15', 'HS11A16', 'MATH', 'Miệng'),
  ('D003931', 7.2, '2024-10-12', 'HS11A17', 'BIO', 'Cuối kỳ'),
  ('D003932', 5.1, '2024-11-01', 'HS11A17', 'BIO', '15 phút'),
  ('D003933', 8.2, '2024-10-12', 'HS11A17', 'BIO', 'Cuối kỳ'),
  ('D003934', 7.2, '2024-09-20', 'HS11A17', 'BIO', '1 tiết'),
  ('D003935', 4.8, '2024-10-07', 'HS11A17', 'PE', '1 tiết'),
  ('D003936', 7.7, '2024-11-19', 'HS11A17', 'PE', '15 phút'),
  ('D003937', 6.1, '2024-09-20', 'HS11A17', 'PE', '1 tiết'),
  ('D003938', 7.8, '2024-09-25', 'HS11A17', 'HIS', 'Cuối kỳ'),
  ('D003939', 8.4, '2024-09-19', 'HS11A17', 'HIS', 'Miệng'),
  ('D003940', 6.7, '2024-11-16', 'HS11A17', 'HIS', '15 phút'),
  ('D003941', 8.6, '2024-10-14', 'HS11A17', 'HIS', '1 tiết'),
  ('D003942', 4.4, '2024-10-19', 'HS11A17', 'HIS', 'Cuối kỳ'),
  ('D003943', 6.9, '2024-11-01', 'HS11A17', 'HIS', 'Cuối kỳ'),
  ('D003944', 8.1, '2024-10-09', 'HS11A17', 'IT', '1 tiết'),
  ('D003945', 8.1, '2024-11-10', 'HS11A17', 'IT', 'Cuối kỳ'),
  ('D003946', 5.7, '2024-11-07', 'HS11A17', 'IT', '1 tiết'),
  ('D003947', 4.7, '2024-10-08', 'HS11A17', 'IT', '1 tiết'),
  ('D003948', 9.0, '2024-11-21', 'HS11A17', 'IT', '1 tiết'),
  ('D003949', 10.0, '2024-10-25', 'HS11A18', 'PHY', 'Miệng'),
  ('D003950', 5.6, '2024-10-01', 'HS11A18', 'PHY', '15 phút'),
  ('D003951', 8.0, '2024-11-26', 'HS11A18', 'PHY', 'Cuối kỳ'),
  ('D003952', 6.0, '2024-09-04', 'HS11A18', 'HIS', 'Miệng'),
  ('D003953', 5.0, '2024-09-15', 'HS11A18', 'HIS', 'Miệng'),
  ('D003954', 6.4, '2024-10-18', 'HS11A18', 'HIS', 'Miệng'),
  ('D003955', 9.0, '2024-09-09', 'HS11A18', 'PE', '1 tiết'),
  ('D003956', 6.2, '2024-09-25', 'HS11A18', 'PE', '15 phút'),
  ('D003957', 4.0, '2024-11-19', 'HS11A18', 'PE', '15 phút'),
  ('D003958', 6.0, '2024-10-22', 'HS11A18', 'IT', '15 phút'),
  ('D003959', 7.7, '2024-11-16', 'HS11A18', 'IT', '1 tiết'),
  ('D003960', 9.0, '2024-11-04', 'HS11A18', 'IT', '1 tiết'),
  ('D003961', 8.7, '2024-09-02', 'HS11A19', 'HIS', 'Miệng'),
  ('D003962', 5.3, '2024-11-12', 'HS11A19', 'HIS', 'Cuối kỳ'),
  ('D003963', 8.6, '2024-10-04', 'HS11A19', 'HIS', '1 tiết'),
  ('D003964', 7.9, '2024-09-12', 'HS11A19', 'HIS', 'Cuối kỳ'),
  ('D003965', 5.8, '2024-11-09', 'HS11A19', 'HIS', '15 phút'),
  ('D003966', 9.0, '2024-11-22', 'HS11A19', 'HIS', '1 tiết'),
  ('D003967', 6.7, '2024-09-17', 'HS11A19', 'PHY', 'Cuối kỳ'),
  ('D003968', 9.5, '2024-09-21', 'HS11A19', 'PHY', 'Miệng'),
  ('D003969', 7.2, '2024-09-14', 'HS11A19', 'PHY', 'Miệng'),
  ('D003970', 4.2, '2024-11-25', 'HS11A19', 'PHY', '15 phút'),
  ('D003971', 6.6, '2024-11-04', 'HS11A19', 'PHY', 'Miệng'),
  ('D003972', 5.4, '2024-10-10', 'HS11A19', 'PHY', '1 tiết'),
  ('D003973', 7.6, '2024-09-13', 'HS11A19', 'MATH', 'Cuối kỳ'),
  ('D003974', 5.6, '2024-10-14', 'HS11A19', 'MATH', 'Cuối kỳ'),
  ('D003975', 8.9, '2024-10-06', 'HS11A19', 'MATH', '1 tiết'),
  ('D003976', 9.6, '2024-10-05', 'HS11A19', 'MATH', '15 phút'),
  ('D003977', 5.9, '2024-10-20', 'HS11A19', 'ENG', 'Cuối kỳ'),
  ('D003978', 9.2, '2024-09-11', 'HS11A19', 'ENG', 'Cuối kỳ'),
  ('D003979', 8.6, '2024-09-28', 'HS11A19', 'ENG', '15 phút'),
  ('D003980', 5.3, '2024-11-21', 'HS11A20', 'LIT', '1 tiết'),
  ('D003981', 6.6, '2024-09-09', 'HS11A20', 'LIT', 'Cuối kỳ'),
  ('D003982', 5.8, '2024-10-10', 'HS11A20', 'LIT', '1 tiết'),
  ('D003983', 8.1, '2024-10-12', 'HS11A20', 'LIT', '15 phút'),
  ('D003984', 6.0, '2024-09-28', 'HS11A20', 'PE', '15 phút'),
  ('D003985', 7.2, '2024-10-01', 'HS11A20', 'PE', 'Cuối kỳ'),
  ('D003986', 9.0, '2024-09-10', 'HS11A20', 'PE', '1 tiết'),
  ('D003987', 8.4, '2024-09-04', 'HS11A20', 'PE', '15 phút'),
  ('D003988', 8.2, '2024-11-02', 'HS11A20', 'PE', 'Miệng'),
  ('D003989', 8.4, '2024-10-05', 'HS11A20', 'PE', '15 phút'),
  ('D003990', 9.6, '2024-09-23', 'HS11A20', 'MATH', 'Cuối kỳ'),
  ('D003991', 5.4, '2024-11-05', 'HS11A20', 'MATH', 'Cuối kỳ'),
  ('D003992', 7.0, '2024-10-25', 'HS11A20', 'MATH', '1 tiết'),
  ('D003993', 7.7, '2024-11-11', 'HS11A20', 'BIO', '1 tiết'),
  ('D003994', 7.3, '2024-09-06', 'HS11A20', 'BIO', '1 tiết'),
  ('D003995', 5.0, '2024-10-05', 'HS11A20', 'BIO', '1 tiết'),
  ('D003996', 4.6, '2024-09-17', 'HS11A20', 'BIO', '1 tiết'),
  ('D003997', 4.4, '2024-10-02', 'HS11B01', 'GEO', 'Miệng'),
  ('D003998', 6.2, '2024-11-03', 'HS11B01', 'GEO', '1 tiết'),
  ('D003999', 6.7, '2024-10-09', 'HS11B01', 'GEO', 'Cuối kỳ'),
  ('D004000', 5.4, '2024-10-21', 'HS11B01', 'GEO', '15 phút'),
  ('D004001', 6.1, '2024-09-10', 'HS11B01', 'GEO', 'Cuối kỳ'),
  ('D004002', 9.2, '2024-11-24', 'HS11B01', 'GEO', '1 tiết'),
  ('D004003', 9.0, '2024-10-04', 'HS11B01', 'BIO', '1 tiết'),
  ('D004004', 7.5, '2024-11-26', 'HS11B01', 'BIO', 'Cuối kỳ'),
  ('D004005', 5.2, '2024-10-28', 'HS11B01', 'BIO', '15 phút'),
  ('D004006', 6.0, '2024-10-17', 'HS11B01', 'PE', 'Miệng'),
  ('D004007', 5.3, '2024-09-17', 'HS11B01', 'PE', '15 phút'),
  ('D004008', 6.5, '2024-09-23', 'HS11B01', 'PE', '15 phút'),
  ('D004009', 9.0, '2024-11-20', 'HS11B01', 'LIT', '15 phút'),
  ('D004010', 6.6, '2024-09-17', 'HS11B01', 'LIT', 'Cuối kỳ'),
  ('D004011', 7.0, '2024-09-26', 'HS11B01', 'LIT', 'Miệng'),
  ('D004012', 6.1, '2024-09-16', 'HS11B01', 'LIT', 'Cuối kỳ'),
  ('D004013', 5.1, '2024-11-03', 'HS11B02', 'PHY', '1 tiết'),
  ('D004014', 5.1, '2024-10-23', 'HS11B02', 'PHY', '1 tiết'),
  ('D004015', 6.5, '2024-11-07', 'HS11B02', 'PHY', '1 tiết'),
  ('D004016', 8.4, '2024-10-26', 'HS11B02', 'PHY', 'Miệng'),
  ('D004017', 4.6, '2024-11-28', 'HS11B02', 'PHY', 'Miệng'),
  ('D004018', 6.1, '2024-11-16', 'HS11B02', 'PHY', '15 phút'),
  ('D004019', 5.7, '2024-10-16', 'HS11B02', 'MATH', 'Miệng'),
  ('D004020', 8.4, '2024-10-24', 'HS11B02', 'MATH', 'Cuối kỳ'),
  ('D004021', 9.6, '2024-11-26', 'HS11B02', 'MATH', 'Cuối kỳ'),
  ('D004022', 7.5, '2024-09-10', 'HS11B02', 'MATH', '15 phút'),
  ('D004023', 5.3, '2024-10-05', 'HS11B02', 'MATH', '1 tiết'),
  ('D004024', 7.8, '2024-10-09', 'HS11B02', 'CHE', '1 tiết'),
  ('D004025', 4.3, '2024-11-19', 'HS11B02', 'CHE', 'Miệng'),
  ('D004026', 8.1, '2024-09-02', 'HS11B02', 'CHE', '1 tiết'),
  ('D004027', 6.9, '2024-11-01', 'HS11B02', 'CHE', '15 phút'),
  ('D004028', 9.0, '2024-11-23', 'HS11B02', 'CHE', '1 tiết'),
  ('D004029', 5.0, '2024-11-03', 'HS11B02', 'CHE', 'Cuối kỳ'),
  ('D004030', 9.4, '2024-09-21', 'HS11B02', 'IT', '1 tiết'),
  ('D004031', 6.3, '2024-11-17', 'HS11B02', 'IT', '1 tiết'),
  ('D004032', 7.7, '2024-11-20', 'HS11B02', 'IT', 'Cuối kỳ'),
  ('D004033', 7.5, '2024-10-06', 'HS11B02', 'IT', '1 tiết'),
  ('D004034', 8.9, '2024-10-11', 'HS11B02', 'IT', '1 tiết'),
  ('D004035', 5.1, '2024-09-15', 'HS11B03', 'IT', 'Cuối kỳ'),
  ('D004036', 8.4, '2024-11-22', 'HS11B03', 'IT', 'Miệng'),
  ('D004037', 8.9, '2024-10-17', 'HS11B03', 'IT', '15 phút'),
  ('D004038', 9.4, '2024-10-01', 'HS11B03', 'ENG', '1 tiết'),
  ('D004039', 8.5, '2024-11-10', 'HS11B03', 'ENG', '1 tiết'),
  ('D004040', 9.6, '2024-09-26', 'HS11B03', 'ENG', '1 tiết'),
  ('D004041', 8.8, '2024-09-14', 'HS11B03', 'ENG', 'Cuối kỳ'),
  ('D004042', 8.6, '2024-09-17', 'HS11B03', 'ENG', 'Cuối kỳ'),
  ('D004043', 9.9, '2024-09-03', 'HS11B03', 'ENG', '15 phút'),
  ('D004044', 7.8, '2024-09-17', 'HS11B03', 'TEC', '1 tiết'),
  ('D004045', 8.5, '2024-11-04', 'HS11B03', 'TEC', 'Miệng'),
  ('D004046', 7.5, '2024-11-16', 'HS11B03', 'TEC', 'Miệng'),
  ('D004047', 5.7, '2024-10-19', 'HS11B03', 'TEC', 'Miệng'),
  ('D004048', 8.4, '2024-11-22', 'HS11B03', 'LIT', '15 phút'),
  ('D004049', 9.0, '2024-10-15', 'HS11B03', 'LIT', 'Miệng'),
  ('D004050', 6.2, '2024-09-18', 'HS11B03', 'LIT', 'Cuối kỳ'),
  ('D004051', 4.5, '2024-11-11', 'HS11B04', 'HIS', 'Miệng'),
  ('D004052', 8.5, '2024-10-24', 'HS11B04', 'HIS', 'Miệng'),
  ('D004053', 8.6, '2024-11-11', 'HS11B04', 'HIS', '15 phút'),
  ('D004054', 4.8, '2024-10-01', 'HS11B04', 'HIS', 'Miệng'),
  ('D004055', 4.7, '2024-09-26', 'HS11B04', 'HIS', 'Miệng'),
  ('D004056', 5.5, '2024-11-05', 'HS11B04', 'PE', 'Cuối kỳ'),
  ('D004057', 5.8, '2024-11-28', 'HS11B04', 'PE', '1 tiết'),
  ('D004058', 6.1, '2024-09-24', 'HS11B04', 'PE', 'Cuối kỳ'),
  ('D004059', 7.4, '2024-11-17', 'HS11B04', 'PHY', '1 tiết'),
  ('D004060', 9.0, '2024-09-28', 'HS11B04', 'PHY', 'Miệng'),
  ('D004061', 4.3, '2024-10-02', 'HS11B04', 'PHY', '15 phút'),
  ('D004062', 5.3, '2024-10-07', 'HS11B04', 'CIV', 'Cuối kỳ'),
  ('D004063', 4.4, '2024-10-23', 'HS11B04', 'CIV', 'Cuối kỳ'),
  ('D004064', 5.2, '2024-10-05', 'HS11B04', 'CIV', 'Cuối kỳ'),
  ('D004065', 4.5, '2024-11-12', 'HS11B04', 'CIV', 'Cuối kỳ'),
  ('D004066', 7.4, '2024-09-12', 'HS11B04', 'CIV', '15 phút'),
  ('D004067', 9.9, '2024-10-03', 'HS11B05', 'PE', '1 tiết'),
  ('D004068', 7.8, '2024-10-15', 'HS11B05', 'PE', '15 phút'),
  ('D004069', 4.5, '2024-10-28', 'HS11B05', 'PE', 'Cuối kỳ'),
  ('D004070', 8.9, '2024-09-19', 'HS11B05', 'PE', 'Cuối kỳ'),
  ('D004071', 7.4, '2024-10-12', 'HS11B05', 'PE', 'Miệng'),
  ('D004072', 6.3, '2024-09-13', 'HS11B05', 'MATH', 'Miệng'),
  ('D004073', 8.0, '2024-11-08', 'HS11B05', 'MATH', 'Cuối kỳ'),
  ('D004074', 6.9, '2024-10-01', 'HS11B05', 'MATH', '15 phút'),
  ('D004075', 10.0, '2024-11-13', 'HS11B05', 'CIV', 'Cuối kỳ'),
  ('D004076', 4.0, '2024-09-10', 'HS11B05', 'CIV', '15 phút'),
  ('D004077', 7.1, '2024-10-26', 'HS11B05', 'CIV', '1 tiết'),
  ('D004078', 5.5, '2024-11-22', 'HS11B05', 'CIV', 'Cuối kỳ'),
  ('D004079', 4.5, '2024-09-20', 'HS11B05', 'CIV', 'Cuối kỳ'),
  ('D004080', 9.8, '2024-10-21', 'HS11B05', 'CIV', '15 phút'),
  ('D004081', 7.2, '2024-11-10', 'HS11B05', 'BIO', 'Cuối kỳ'),
  ('D004082', 9.0, '2024-09-12', 'HS11B05', 'BIO', 'Miệng'),
  ('D004083', 4.2, '2024-11-18', 'HS11B05', 'BIO', 'Miệng'),
  ('D004084', 4.8, '2024-09-01', 'HS11B05', 'BIO', '1 tiết'),
  ('D004085', 4.9, '2024-10-07', 'HS11B05', 'BIO', 'Cuối kỳ'),
  ('D004086', 8.1, '2024-10-04', 'HS11B06', 'ENG', '15 phút'),
  ('D004087', 7.6, '2024-09-01', 'HS11B06', 'ENG', 'Cuối kỳ'),
  ('D004088', 7.5, '2024-09-14', 'HS11B06', 'ENG', 'Cuối kỳ'),
  ('D004089', 6.4, '2024-11-25', 'HS11B06', 'ENG', 'Miệng'),
  ('D004090', 7.4, '2024-09-17', 'HS11B06', 'ENG', '1 tiết'),
  ('D004091', 8.6, '2024-10-25', 'HS11B06', 'IT', '1 tiết'),
  ('D004092', 4.7, '2024-11-08', 'HS11B06', 'IT', '1 tiết'),
  ('D004093', 7.2, '2024-10-05', 'HS11B06', 'IT', 'Cuối kỳ'),
  ('D004094', 4.7, '2024-10-07', 'HS11B06', 'IT', 'Miệng'),
  ('D004095', 7.9, '2024-10-26', 'HS11B06', 'IT', 'Miệng'),
  ('D004096', 8.7, '2024-10-27', 'HS11B06', 'IT', '1 tiết'),
  ('D004097', 5.2, '2024-09-19', 'HS11B06', 'LIT', 'Miệng'),
  ('D004098', 7.0, '2024-09-18', 'HS11B06', 'LIT', 'Cuối kỳ'),
  ('D004099', 6.7, '2024-11-12', 'HS11B06', 'LIT', '15 phút'),
  ('D004100', 5.3, '2024-10-25', 'HS11B06', 'CHE', 'Cuối kỳ'),
  ('D004101', 6.7, '2024-10-04', 'HS11B06', 'CHE', '15 phút'),
  ('D004102', 8.3, '2024-11-01', 'HS11B06', 'CHE', 'Miệng'),
  ('D004103', 9.7, '2024-10-07', 'HS11B06', 'CHE', 'Cuối kỳ'),
  ('D004104', 4.8, '2024-10-26', 'HS11B07', 'MATH', '15 phút'),
  ('D004105', 9.8, '2024-10-03', 'HS11B07', 'MATH', '15 phút'),
  ('D004106', 9.2, '2024-09-03', 'HS11B07', 'MATH', 'Miệng'),
  ('D004107', 8.3, '2024-10-15', 'HS11B07', 'MATH', 'Cuối kỳ'),
  ('D004108', 4.8, '2024-10-25', 'HS11B07', 'MATH', '1 tiết'),
  ('D004109', 4.4, '2024-09-23', 'HS11B07', 'MATH', 'Cuối kỳ'),
  ('D004110', 4.6, '2024-09-06', 'HS11B07', 'ENG', '1 tiết'),
  ('D004111', 6.2, '2024-09-27', 'HS11B07', 'ENG', 'Miệng'),
  ('D004112', 4.4, '2024-10-23', 'HS11B07', 'ENG', '1 tiết'),
  ('D004113', 4.6, '2024-11-05', 'HS11B07', 'ENG', '15 phút'),
  ('D004114', 8.5, '2024-11-15', 'HS11B07', 'ENG', 'Miệng'),
  ('D004115', 4.9, '2024-10-09', 'HS11B07', 'IT', 'Cuối kỳ'),
  ('D004116', 5.2, '2024-09-12', 'HS11B07', 'IT', 'Miệng'),
  ('D004117', 10.0, '2024-10-26', 'HS11B07', 'IT', '15 phút'),
  ('D004118', 5.1, '2024-09-09', 'HS11B07', 'IT', '15 phút'),
  ('D004119', 5.0, '2024-09-04', 'HS11B07', 'IT', 'Miệng'),
  ('D004120', 4.2, '2024-10-13', 'HS11B07', 'IT', 'Cuối kỳ'),
  ('D004121', 8.1, '2024-09-02', 'HS11B07', 'CIV', 'Cuối kỳ'),
  ('D004122', 4.1, '2024-11-13', 'HS11B07', 'CIV', 'Cuối kỳ'),
  ('D004123', 8.2, '2024-09-02', 'HS11B07', 'CIV', '15 phút'),
  ('D004124', 6.3, '2024-10-24', 'HS11B08', 'MATH', '15 phút'),
  ('D004125', 4.4, '2024-10-07', 'HS11B08', 'MATH', 'Cuối kỳ'),
  ('D004126', 9.8, '2024-11-01', 'HS11B08', 'MATH', 'Miệng'),
  ('D004127', 6.0, '2024-10-20', 'HS11B08', 'MATH', '1 tiết'),
  ('D004128', 4.4, '2024-10-08', 'HS11B08', 'TEC', '15 phút'),
  ('D004129', 6.0, '2024-11-01', 'HS11B08', 'TEC', 'Miệng'),
  ('D004130', 8.8, '2024-09-20', 'HS11B08', 'TEC', 'Cuối kỳ'),
  ('D004131', 5.1, '2024-09-21', 'HS11B08', 'PE', 'Cuối kỳ'),
  ('D004132', 5.0, '2024-09-04', 'HS11B08', 'PE', '15 phút'),
  ('D004133', 7.2, '2024-10-19', 'HS11B08', 'PE', 'Miệng'),
  ('D004134', 9.3, '2024-11-13', 'HS11B08', 'BIO', 'Cuối kỳ'),
  ('D004135', 4.9, '2024-09-01', 'HS11B08', 'BIO', '1 tiết'),
  ('D004136', 5.9, '2024-11-25', 'HS11B08', 'BIO', '1 tiết'),
  ('D004137', 8.5, '2024-09-16', 'HS11B08', 'BIO', 'Miệng'),
  ('D004138', 7.4, '2024-11-26', 'HS11B08', 'BIO', 'Miệng'),
  ('D004139', 6.8, '2024-09-15', 'HS11B08', 'BIO', '1 tiết'),
  ('D004140', 9.0, '2024-10-10', 'HS11B09', 'CHE', '15 phút'),
  ('D004141', 5.1, '2024-09-03', 'HS11B09', 'CHE', 'Cuối kỳ'),
  ('D004142', 4.1, '2024-10-06', 'HS11B09', 'CHE', '15 phút'),
  ('D004143', 9.5, '2024-10-25', 'HS11B09', 'CHE', 'Miệng'),
  ('D004144', 9.7, '2024-11-24', 'HS11B09', 'PHY', 'Miệng'),
  ('D004145', 7.5, '2024-10-24', 'HS11B09', 'PHY', 'Cuối kỳ'),
  ('D004146', 8.8, '2024-10-06', 'HS11B09', 'PHY', 'Cuối kỳ'),
  ('D004147', 7.7, '2024-09-22', 'HS11B09', 'PHY', '15 phút'),
  ('D004148', 7.8, '2024-10-11', 'HS11B09', 'HIS', 'Miệng'),
  ('D004149', 5.3, '2024-09-16', 'HS11B09', 'HIS', 'Cuối kỳ'),
  ('D004150', 4.5, '2024-10-20', 'HS11B09', 'HIS', '1 tiết'),
  ('D004151', 8.3, '2024-09-22', 'HS11B09', 'HIS', '15 phút'),
  ('D004152', 5.6, '2024-10-27', 'HS11B09', 'HIS', '1 tiết'),
  ('D004153', 7.5, '2024-10-04', 'HS11B09', 'HIS', 'Cuối kỳ'),
  ('D004154', 4.8, '2024-09-19', 'HS11B09', 'MATH', 'Miệng'),
  ('D004155', 5.9, '2024-11-19', 'HS11B09', 'MATH', 'Miệng'),
  ('D004156', 5.0, '2024-10-18', 'HS11B09', 'MATH', 'Cuối kỳ'),
  ('D004157', 5.5, '2024-11-14', 'HS11B10', 'TEC', 'Cuối kỳ'),
  ('D004158', 4.8, '2024-10-13', 'HS11B10', 'TEC', 'Miệng'),
  ('D004159', 9.4, '2024-11-17', 'HS11B10', 'TEC', '1 tiết'),
  ('D004160', 5.9, '2024-10-01', 'HS11B10', 'TEC', '15 phút'),
  ('D004161', 6.6, '2024-11-18', 'HS11B10', 'TEC', 'Miệng'),
  ('D004162', 9.9, '2024-09-19', 'HS11B10', 'TEC', 'Miệng'),
  ('D004163', 5.7, '2024-11-05', 'HS11B10', 'CHE', 'Miệng'),
  ('D004164', 6.6, '2024-09-02', 'HS11B10', 'CHE', 'Cuối kỳ'),
  ('D004165', 7.4, '2024-11-25', 'HS11B10', 'CHE', '15 phút'),
  ('D004166', 6.4, '2024-11-21', 'HS11B10', 'CHE', '15 phút'),
  ('D004167', 9.0, '2024-10-08', 'HS11B10', 'CHE', '1 tiết'),
  ('D004168', 7.2, '2024-11-14', 'HS11B10', 'CHE', '1 tiết'),
  ('D004169', 9.7, '2024-09-17', 'HS11B10', 'PE', '15 phút'),
  ('D004170', 4.7, '2024-11-17', 'HS11B10', 'PE', 'Cuối kỳ'),
  ('D004171', 5.9, '2024-10-06', 'HS11B10', 'PE', '15 phút'),
  ('D004172', 8.3, '2024-09-06', 'HS11B10', 'PE', 'Miệng'),
  ('D004173', 10.0, '2024-09-24', 'HS11B10', 'PE', 'Cuối kỳ'),
  ('D004174', 8.1, '2024-11-05', 'HS11B10', 'PE', 'Miệng'),
  ('D004175', 9.4, '2024-09-07', 'HS11B10', 'IT', '15 phút'),
  ('D004176', 4.0, '2024-09-01', 'HS11B10', 'IT', 'Cuối kỳ'),
  ('D004177', 5.5, '2024-10-24', 'HS11B10', 'IT', 'Cuối kỳ'),
  ('D004178', 6.7, '2024-11-04', 'HS11B10', 'IT', 'Miệng'),
  ('D004179', 4.0, '2024-11-19', 'HS11B10', 'IT', 'Miệng'),
  ('D004180', 4.1, '2024-09-13', 'HS11B11', 'LIT', '15 phút'),
  ('D004181', 8.9, '2024-09-22', 'HS11B11', 'LIT', 'Cuối kỳ'),
  ('D004182', 5.2, '2024-10-24', 'HS11B11', 'LIT', 'Cuối kỳ'),
  ('D004183', 6.3, '2024-11-26', 'HS11B11', 'CHE', '1 tiết'),
  ('D004184', 5.8, '2024-09-28', 'HS11B11', 'CHE', 'Cuối kỳ'),
  ('D004185', 6.9, '2024-10-13', 'HS11B11', 'CHE', '15 phút'),
  ('D004186', 4.3, '2024-11-27', 'HS11B11', 'TEC', '1 tiết'),
  ('D004187', 8.1, '2024-09-14', 'HS11B11', 'TEC', 'Miệng'),
  ('D004188', 9.3, '2024-11-27', 'HS11B11', 'TEC', '15 phút'),
  ('D004189', 4.5, '2024-09-17', 'HS11B11', 'HIS', 'Miệng'),
  ('D004190', 5.9, '2024-11-20', 'HS11B11', 'HIS', '1 tiết'),
  ('D004191', 8.2, '2024-10-17', 'HS11B11', 'HIS', '15 phút'),
  ('D004192', 8.6, '2024-10-05', 'HS11B11', 'HIS', 'Miệng'),
  ('D004193', 5.1, '2024-10-26', 'HS11B11', 'HIS', 'Miệng'),
  ('D004194', 4.4, '2024-09-11', 'HS11B11', 'HIS', '15 phút'),
  ('D004195', 5.9, '2024-11-20', 'HS11B12', 'CHE', '1 tiết'),
  ('D004196', 5.7, '2024-11-09', 'HS11B12', 'CHE', 'Cuối kỳ'),
  ('D004197', 6.6, '2024-09-23', 'HS11B12', 'CHE', 'Miệng'),
  ('D004198', 4.6, '2024-11-05', 'HS11B12', 'CHE', '1 tiết'),
  ('D004199', 9.3, '2024-11-01', 'HS11B12', 'CHE', '15 phút'),
  ('D004200', 8.2, '2024-11-03', 'HS11B12', 'CHE', '15 phút'),
  ('D004201', 7.9, '2024-11-15', 'HS11B12', 'HIS', '1 tiết'),
  ('D004202', 9.8, '2024-09-13', 'HS11B12', 'HIS', '15 phút'),
  ('D004203', 4.2, '2024-10-17', 'HS11B12', 'HIS', 'Miệng'),
  ('D004204', 7.0, '2024-11-11', 'HS11B12', 'HIS', '15 phút'),
  ('D004205', 5.4, '2024-10-21', 'HS11B12', 'CIV', '15 phút'),
  ('D004206', 6.5, '2024-09-08', 'HS11B12', 'CIV', '1 tiết'),
  ('D004207', 10.0, '2024-09-01', 'HS11B12', 'CIV', '1 tiết'),
  ('D004208', 4.5, '2024-11-04', 'HS11B12', 'CIV', '15 phút'),
  ('D004209', 7.3, '2024-10-04', 'HS11B12', 'CIV', 'Miệng'),
  ('D004210', 8.1, '2024-09-21', 'HS11B12', 'CIV', '15 phút'),
  ('D004211', 6.1, '2024-09-10', 'HS11B12', 'MATH', 'Cuối kỳ'),
  ('D004212', 4.7, '2024-09-02', 'HS11B12', 'MATH', 'Cuối kỳ'),
  ('D004213', 7.6, '2024-09-02', 'HS11B12', 'MATH', '1 tiết'),
  ('D004214', 6.6, '2024-09-02', 'HS11B12', 'MATH', 'Miệng'),
  ('D004215', 4.8, '2024-09-17', 'HS11B12', 'MATH', '15 phút'),
  ('D004216', 5.2, '2024-09-19', 'HS11B13', 'GEO', 'Cuối kỳ'),
  ('D004217', 4.4, '2024-09-05', 'HS11B13', 'GEO', 'Miệng'),
  ('D004218', 7.9, '2024-10-18', 'HS11B13', 'GEO', '1 tiết'),
  ('D004219', 4.1, '2024-11-14', 'HS11B13', 'GEO', 'Cuối kỳ'),
  ('D004220', 5.3, '2024-11-25', 'HS11B13', 'LIT', '1 tiết'),
  ('D004221', 5.9, '2024-11-02', 'HS11B13', 'LIT', '1 tiết'),
  ('D004222', 7.9, '2024-09-15', 'HS11B13', 'LIT', 'Cuối kỳ'),
  ('D004223', 9.9, '2024-11-10', 'HS11B13', 'LIT', 'Cuối kỳ'),
  ('D004224', 9.0, '2024-09-04', 'HS11B13', 'LIT', 'Miệng'),
  ('D004225', 5.4, '2024-10-16', 'HS11B13', 'MATH', '15 phút'),
  ('D004226', 9.8, '2024-10-16', 'HS11B13', 'MATH', '15 phút'),
  ('D004227', 5.6, '2024-10-18', 'HS11B13', 'MATH', 'Cuối kỳ'),
  ('D004228', 4.5, '2024-10-18', 'HS11B13', 'MATH', '15 phút'),
  ('D004229', 5.0, '2024-10-25', 'HS11B13', 'MATH', 'Miệng'),
  ('D004230', 9.0, '2024-11-06', 'HS11B13', 'CIV', 'Cuối kỳ'),
  ('D004231', 6.7, '2024-09-17', 'HS11B13', 'CIV', 'Cuối kỳ'),
  ('D004232', 9.1, '2024-11-26', 'HS11B13', 'CIV', 'Cuối kỳ'),
  ('D004233', 9.6, '2024-11-26', 'HS11B13', 'CIV', 'Cuối kỳ'),
  ('D004234', 9.3, '2024-10-28', 'HS11B14', 'ENG', 'Cuối kỳ'),
  ('D004235', 7.1, '2024-10-26', 'HS11B14', 'ENG', '1 tiết'),
  ('D004236', 6.8, '2024-09-22', 'HS11B14', 'ENG', '15 phút'),
  ('D004237', 7.5, '2024-11-07', 'HS11B14', 'ENG', '1 tiết'),
  ('D004238', 4.1, '2024-10-04', 'HS11B14', 'ENG', '1 tiết'),
  ('D004239', 7.0, '2024-10-10', 'HS11B14', 'ENG', '15 phút'),
  ('D004240', 5.4, '2024-10-26', 'HS11B14', 'TEC', '15 phút'),
  ('D004241', 5.8, '2024-10-24', 'HS11B14', 'TEC', 'Cuối kỳ'),
  ('D004242', 9.3, '2024-10-18', 'HS11B14', 'TEC', '15 phút'),
  ('D004243', 9.7, '2024-09-03', 'HS11B14', 'TEC', '1 tiết'),
  ('D004244', 9.1, '2024-11-24', 'HS11B14', 'CHE', '1 tiết'),
  ('D004245', 5.0, '2024-10-19', 'HS11B14', 'CHE', '15 phút'),
  ('D004246', 4.1, '2024-10-22', 'HS11B14', 'CHE', '1 tiết'),
  ('D004247', 8.8, '2024-11-27', 'HS11B14', 'CHE', 'Miệng'),
  ('D004248', 8.6, '2024-09-22', 'HS11B14', 'CHE', 'Cuối kỳ'),
  ('D004249', 8.6, '2024-11-18', 'HS11B14', 'CHE', 'Miệng'),
  ('D004250', 6.8, '2024-09-28', 'HS11B14', 'LIT', 'Cuối kỳ'),
  ('D004251', 5.4, '2024-09-11', 'HS11B14', 'LIT', '1 tiết'),
  ('D004252', 7.0, '2024-11-26', 'HS11B14', 'LIT', '15 phút'),
  ('D004253', 8.3, '2024-11-17', 'HS11B14', 'LIT', '1 tiết'),
  ('D004254', 6.4, '2024-09-12', 'HS11B15', 'PE', 'Miệng'),
  ('D004255', 8.9, '2024-09-06', 'HS11B15', 'PE', 'Miệng'),
  ('D004256', 5.0, '2024-10-10', 'HS11B15', 'PE', '15 phút'),
  ('D004257', 7.9, '2024-10-03', 'HS11B15', 'PE', '15 phút'),
  ('D004258', 5.5, '2024-09-04', 'HS11B15', 'PE', 'Cuối kỳ'),
  ('D004259', 4.3, '2024-11-24', 'HS11B15', 'PE', 'Cuối kỳ'),
  ('D004260', 8.9, '2024-09-16', 'HS11B15', 'HIS', '15 phút'),
  ('D004261', 4.6, '2024-11-21', 'HS11B15', 'HIS', 'Cuối kỳ'),
  ('D004262', 4.3, '2024-09-07', 'HS11B15', 'HIS', '15 phút'),
  ('D004263', 10.0, '2024-09-04', 'HS11B15', 'IT', 'Cuối kỳ'),
  ('D004264', 7.3, '2024-11-20', 'HS11B15', 'IT', 'Miệng'),
  ('D004265', 4.5, '2024-10-02', 'HS11B15', 'IT', 'Miệng'),
  ('D004266', 5.8, '2024-10-27', 'HS11B15', 'MATH', 'Miệng'),
  ('D004267', 5.4, '2024-11-16', 'HS11B15', 'MATH', 'Miệng'),
  ('D004268', 7.5, '2024-10-25', 'HS11B15', 'MATH', 'Cuối kỳ'),
  ('D004269', 4.3, '2024-11-04', 'HS11B15', 'MATH', 'Cuối kỳ'),
  ('D004270', 4.6, '2024-11-10', 'HS11B16', 'ENG', 'Cuối kỳ'),
  ('D004271', 8.9, '2024-10-28', 'HS11B16', 'ENG', '1 tiết'),
  ('D004272', 9.5, '2024-11-04', 'HS11B16', 'ENG', 'Miệng'),
  ('D004273', 5.2, '2024-10-11', 'HS11B16', 'ENG', '15 phút'),
  ('D004274', 6.0, '2024-09-23', 'HS11B16', 'ENG', 'Miệng'),
  ('D004275', 6.8, '2024-09-18', 'HS11B16', 'BIO', 'Cuối kỳ'),
  ('D004276', 7.1, '2024-09-16', 'HS11B16', 'BIO', '15 phút'),
  ('D004277', 8.7, '2024-11-25', 'HS11B16', 'BIO', 'Miệng'),
  ('D004278', 6.8, '2024-10-04', 'HS11B16', 'PE', 'Cuối kỳ'),
  ('D004279', 4.2, '2024-11-17', 'HS11B16', 'PE', 'Miệng'),
  ('D004280', 8.7, '2024-10-27', 'HS11B16', 'PE', '15 phút'),
  ('D004281', 4.8, '2024-09-22', 'HS11B16', 'PE', 'Cuối kỳ'),
  ('D004282', 6.9, '2024-09-18', 'HS11B16', 'MATH', '15 phút'),
  ('D004283', 6.9, '2024-09-02', 'HS11B16', 'MATH', 'Cuối kỳ'),
  ('D004284', 9.3, '2024-11-28', 'HS11B16', 'MATH', 'Miệng'),
  ('D004285', 9.4, '2024-09-06', 'HS11B16', 'MATH', '1 tiết'),
  ('D004286', 7.3, '2024-11-24', 'HS11B16', 'MATH', '1 tiết'),
  ('D004287', 5.0, '2024-10-22', 'HS11B17', 'BIO', '1 tiết'),
  ('D004288', 5.2, '2024-09-07', 'HS11B17', 'BIO', 'Cuối kỳ'),
  ('D004289', 9.8, '2024-09-27', 'HS11B17', 'BIO', 'Miệng'),
  ('D004290', 7.5, '2024-10-20', 'HS11B17', 'GEO', 'Cuối kỳ'),
  ('D004291', 7.3, '2024-10-09', 'HS11B17', 'GEO', 'Cuối kỳ'),
  ('D004292', 8.0, '2024-09-13', 'HS11B17', 'GEO', 'Cuối kỳ'),
  ('D004293', 8.1, '2024-10-03', 'HS11B17', 'GEO', 'Cuối kỳ'),
  ('D004294', 7.7, '2024-09-08', 'HS11B17', 'GEO', '1 tiết'),
  ('D004295', 8.2, '2024-09-03', 'HS11B17', 'GEO', '1 tiết'),
  ('D004296', 8.4, '2024-10-10', 'HS11B17', 'IT', '15 phút'),
  ('D004297', 6.3, '2024-09-16', 'HS11B17', 'IT', 'Miệng'),
  ('D004298', 5.3, '2024-10-02', 'HS11B17', 'IT', '1 tiết'),
  ('D004299', 5.7, '2024-09-23', 'HS11B17', 'MATH', 'Miệng'),
  ('D004300', 7.7, '2024-09-19', 'HS11B17', 'MATH', '15 phút'),
  ('D004301', 5.7, '2024-10-17', 'HS11B17', 'MATH', 'Miệng'),
  ('D004302', 5.3, '2024-09-10', 'HS11B17', 'MATH', 'Miệng'),
  ('D004303', 5.9, '2024-09-02', 'HS11B18', 'TEC', '15 phút'),
  ('D004304', 4.6, '2024-09-13', 'HS11B18', 'TEC', 'Cuối kỳ'),
  ('D004305', 8.3, '2024-11-18', 'HS11B18', 'TEC', 'Cuối kỳ'),
  ('D004306', 6.4, '2024-09-08', 'HS11B18', 'HIS', '1 tiết'),
  ('D004307', 5.4, '2024-11-03', 'HS11B18', 'HIS', 'Miệng'),
  ('D004308', 4.0, '2024-09-27', 'HS11B18', 'HIS', 'Miệng'),
  ('D004309', 9.3, '2024-10-16', 'HS11B18', 'HIS', 'Cuối kỳ'),
  ('D004310', 5.6, '2024-09-16', 'HS11B18', 'HIS', 'Cuối kỳ'),
  ('D004311', 5.9, '2024-09-18', 'HS11B18', 'PE', '1 tiết'),
  ('D004312', 5.9, '2024-09-05', 'HS11B18', 'PE', 'Miệng'),
  ('D004313', 9.4, '2024-10-11', 'HS11B18', 'PE', 'Miệng'),
  ('D004314', 5.4, '2024-10-25', 'HS11B18', 'LIT', 'Cuối kỳ'),
  ('D004315', 7.0, '2024-10-12', 'HS11B18', 'LIT', '1 tiết'),
  ('D004316', 4.9, '2024-11-02', 'HS11B18', 'LIT', 'Cuối kỳ'),
  ('D004317', 5.0, '2024-11-13', 'HS11B18', 'LIT', 'Miệng'),
  ('D004318', 8.6, '2024-10-25', 'HS11B19', 'ENG', 'Cuối kỳ'),
  ('D004319', 6.8, '2024-09-12', 'HS11B19', 'ENG', 'Miệng'),
  ('D004320', 6.6, '2024-09-15', 'HS11B19', 'ENG', '15 phút'),
  ('D004321', 4.4, '2024-11-15', 'HS11B19', 'ENG', 'Miệng'),
  ('D004322', 6.2, '2024-10-25', 'HS11B19', 'ENG', 'Cuối kỳ'),
  ('D004323', 6.9, '2024-11-02', 'HS11B19', 'CHE', '15 phút'),
  ('D004324', 4.6, '2024-10-10', 'HS11B19', 'CHE', '15 phút'),
  ('D004325', 7.2, '2024-09-15', 'HS11B19', 'CHE', '1 tiết'),
  ('D004326', 8.9, '2024-10-17', 'HS11B19', 'CHE', '1 tiết'),
  ('D004327', 8.0, '2024-10-02', 'HS11B19', 'CIV', '15 phút'),
  ('D004328', 7.4, '2024-10-09', 'HS11B19', 'CIV', 'Cuối kỳ'),
  ('D004329', 8.1, '2024-10-05', 'HS11B19', 'CIV', 'Cuối kỳ'),
  ('D004330', 5.1, '2024-11-27', 'HS11B19', 'CIV', '1 tiết'),
  ('D004331', 10.0, '2024-10-14', 'HS11B19', 'CIV', 'Cuối kỳ'),
  ('D004332', 5.5, '2024-09-15', 'HS11B19', 'CIV', 'Cuối kỳ'),
  ('D004333', 4.9, '2024-09-28', 'HS11B19', 'HIS', '15 phút'),
  ('D004334', 9.7, '2024-09-24', 'HS11B19', 'HIS', 'Cuối kỳ'),
  ('D004335', 6.9, '2024-11-05', 'HS11B19', 'HIS', '1 tiết'),
  ('D004336', 7.6, '2024-09-17', 'HS11B19', 'HIS', 'Cuối kỳ'),
  ('D004337', 9.4, '2024-11-01', 'HS11B20', 'TEC', '1 tiết'),
  ('D004338', 7.1, '2024-11-13', 'HS11B20', 'TEC', '15 phút'),
  ('D004339', 5.1, '2024-11-11', 'HS11B20', 'TEC', '1 tiết'),
  ('D004340', 8.7, '2024-10-01', 'HS11B20', 'TEC', '1 tiết'),
  ('D004341', 8.7, '2024-11-17', 'HS11B20', 'TEC', '15 phút'),
  ('D004342', 6.8, '2024-11-14', 'HS11B20', 'TEC', 'Miệng'),
  ('D004343', 7.6, '2024-10-14', 'HS11B20', 'IT', '1 tiết'),
  ('D004344', 8.7, '2024-10-07', 'HS11B20', 'IT', '1 tiết'),
  ('D004345', 6.5, '2024-09-24', 'HS11B20', 'IT', 'Cuối kỳ'),
  ('D004346', 7.0, '2024-10-16', 'HS11B20', 'IT', '1 tiết'),
  ('D004347', 6.1, '2024-09-14', 'HS11B20', 'IT', 'Miệng'),
  ('D004348', 5.4, '2024-11-09', 'HS11B20', 'GEO', '15 phút'),
  ('D004349', 9.1, '2024-10-07', 'HS11B20', 'GEO', 'Cuối kỳ'),
  ('D004350', 8.5, '2024-09-15', 'HS11B20', 'GEO', '15 phút'),
  ('D004351', 4.4, '2024-09-06', 'HS11B20', 'MATH', '15 phút'),
  ('D004352', 6.9, '2024-09-25', 'HS11B20', 'MATH', 'Miệng'),
  ('D004353', 9.0, '2024-10-21', 'HS11B20', 'MATH', 'Cuối kỳ'),
  ('D004354', 6.6, '2024-09-16', 'HS11B20', 'MATH', 'Miệng'),
  ('D004355', 7.7, '2024-11-12', 'HS12A01', 'HIS', 'Miệng'),
  ('D004356', 5.7, '2024-11-13', 'HS12A01', 'HIS', '15 phút'),
  ('D004357', 4.2, '2024-09-04', 'HS12A01', 'HIS', 'Cuối kỳ'),
  ('D004358', 9.7, '2024-09-07', 'HS12A01', 'HIS', '15 phút'),
  ('D004359', 4.2, '2024-09-24', 'HS12A01', 'ENG', 'Cuối kỳ'),
  ('D004360', 10.0, '2024-11-26', 'HS12A01', 'ENG', 'Miệng'),
  ('D004361', 4.6, '2024-10-06', 'HS12A01', 'ENG', 'Cuối kỳ'),
  ('D004362', 5.6, '2024-09-02', 'HS12A01', 'ENG', 'Cuối kỳ'),
  ('D004363', 9.2, '2024-10-15', 'HS12A01', 'MATH', 'Miệng'),
  ('D004364', 9.5, '2024-09-13', 'HS12A01', 'MATH', '15 phút'),
  ('D004365', 6.7, '2024-09-11', 'HS12A01', 'MATH', 'Miệng'),
  ('D004366', 5.7, '2024-09-07', 'HS12A01', 'CHE', '15 phút'),
  ('D004367', 6.5, '2024-10-06', 'HS12A01', 'CHE', '1 tiết'),
  ('D004368', 9.5, '2024-10-19', 'HS12A01', 'CHE', '15 phút'),
  ('D004369', 6.6, '2024-09-18', 'HS12A02', 'LIT', 'Miệng'),
  ('D004370', 7.2, '2024-11-02', 'HS12A02', 'LIT', 'Cuối kỳ'),
  ('D004371', 8.5, '2024-10-09', 'HS12A02', 'LIT', 'Miệng'),
  ('D004372', 4.9, '2024-10-20', 'HS12A02', 'LIT', '1 tiết'),
  ('D004373', 4.7, '2024-11-08', 'HS12A02', 'LIT', '15 phút'),
  ('D004374', 4.8, '2024-11-06', 'HS12A02', 'LIT', 'Cuối kỳ'),
  ('D004375', 7.2, '2024-09-06', 'HS12A02', 'GEO', 'Miệng'),
  ('D004376', 8.9, '2024-09-12', 'HS12A02', 'GEO', 'Miệng'),
  ('D004377', 5.8, '2024-11-27', 'HS12A02', 'GEO', 'Cuối kỳ'),
  ('D004378', 4.4, '2024-10-23', 'HS12A02', 'GEO', 'Cuối kỳ'),
  ('D004379', 6.4, '2024-10-27', 'HS12A02', 'ENG', '15 phút'),
  ('D004380', 6.7, '2024-09-18', 'HS12A02', 'ENG', '1 tiết'),
  ('D004381', 6.1, '2024-09-19', 'HS12A02', 'ENG', 'Cuối kỳ'),
  ('D004382', 5.6, '2024-11-21', 'HS12A02', 'ENG', '1 tiết'),
  ('D004383', 4.1, '2024-11-01', 'HS12A02', 'ENG', 'Cuối kỳ'),
  ('D004384', 5.8, '2024-09-14', 'HS12A02', 'ENG', 'Cuối kỳ'),
  ('D004385', 8.5, '2024-09-06', 'HS12A02', 'CHE', 'Miệng'),
  ('D004386', 7.3, '2024-11-23', 'HS12A02', 'CHE', 'Miệng'),
  ('D004387', 7.4, '2024-09-20', 'HS12A02', 'CHE', 'Miệng'),
  ('D004388', 5.0, '2024-09-12', 'HS12A02', 'CHE', '1 tiết'),
  ('D004389', 9.3, '2024-09-20', 'HS12A02', 'CHE', 'Miệng'),
  ('D004390', 5.0, '2024-09-12', 'HS12A03', 'CHE', '15 phút'),
  ('D004391', 5.5, '2024-09-01', 'HS12A03', 'CHE', '15 phút'),
  ('D004392', 5.5, '2024-09-02', 'HS12A03', 'CHE', '15 phút'),
  ('D004393', 8.9, '2024-11-26', 'HS12A03', 'CHE', '1 tiết'),
  ('D004394', 9.1, '2024-09-04', 'HS12A03', 'TEC', '15 phút'),
  ('D004395', 9.9, '2024-10-11', 'HS12A03', 'TEC', 'Miệng'),
  ('D004396', 5.4, '2024-10-19', 'HS12A03', 'TEC', '1 tiết'),
  ('D004397', 8.2, '2024-09-20', 'HS12A03', 'TEC', '15 phút'),
  ('D004398', 8.5, '2024-09-07', 'HS12A03', 'TEC', '15 phút'),
  ('D004399', 9.1, '2024-10-06', 'HS12A03', 'IT', 'Cuối kỳ'),
  ('D004400', 4.8, '2024-11-01', 'HS12A03', 'IT', '1 tiết'),
  ('D004401', 7.4, '2024-11-18', 'HS12A03', 'IT', '15 phút'),
  ('D004402', 4.7, '2024-10-25', 'HS12A03', 'IT', '1 tiết'),
  ('D004403', 4.5, '2024-11-02', 'HS12A03', 'IT', 'Cuối kỳ'),
  ('D004404', 8.5, '2024-10-11', 'HS12A03', 'MATH', '15 phút'),
  ('D004405', 9.7, '2024-09-05', 'HS12A03', 'MATH', '15 phút'),
  ('D004406', 9.8, '2024-10-07', 'HS12A03', 'MATH', 'Miệng'),
  ('D004407', 6.9, '2024-10-19', 'HS12A03', 'MATH', '1 tiết'),
  ('D004408', 5.7, '2024-09-01', 'HS12A03', 'MATH', 'Cuối kỳ'),
  ('D004409', 9.4, '2024-10-20', 'HS12A04', 'ENG', 'Miệng'),
  ('D004410', 7.5, '2024-09-13', 'HS12A04', 'ENG', 'Cuối kỳ'),
  ('D004411', 4.5, '2024-09-04', 'HS12A04', 'ENG', 'Cuối kỳ'),
  ('D004412', 6.2, '2024-11-13', 'HS12A04', 'ENG', '15 phút'),
  ('D004413', 9.1, '2024-10-16', 'HS12A04', 'PE', '1 tiết'),
  ('D004414', 4.9, '2024-11-21', 'HS12A04', 'PE', 'Cuối kỳ'),
  ('D004415', 5.5, '2024-09-05', 'HS12A04', 'PE', 'Miệng'),
  ('D004416', 9.3, '2024-10-04', 'HS12A04', 'PE', 'Cuối kỳ'),
  ('D004417', 8.9, '2024-09-01', 'HS12A04', 'PE', 'Miệng'),
  ('D004418', 7.4, '2024-09-22', 'HS12A04', 'PE', '1 tiết'),
  ('D004419', 9.2, '2024-10-02', 'HS12A04', 'CHE', '15 phút'),
  ('D004420', 5.0, '2024-09-03', 'HS12A04', 'CHE', '1 tiết'),
  ('D004421', 8.1, '2024-10-12', 'HS12A04', 'CHE', 'Miệng'),
  ('D004422', 5.9, '2024-10-07', 'HS12A04', 'CHE', '15 phút'),
  ('D004423', 4.6, '2024-11-04', 'HS12A04', 'CHE', '1 tiết'),
  ('D004424', 8.0, '2024-09-17', 'HS12A04', 'LIT', 'Cuối kỳ'),
  ('D004425', 6.9, '2024-11-15', 'HS12A04', 'LIT', '15 phút'),
  ('D004426', 5.6, '2024-11-05', 'HS12A04', 'LIT', '1 tiết'),
  ('D004427', 8.2, '2024-10-28', 'HS12A04', 'LIT', '15 phút'),
  ('D004428', 8.2, '2024-10-21', 'HS12A05', 'ENG', '1 tiết'),
  ('D004429', 8.2, '2024-11-26', 'HS12A05', 'ENG', 'Miệng'),
  ('D004430', 7.5, '2024-11-01', 'HS12A05', 'ENG', '1 tiết'),
  ('D004431', 8.6, '2024-10-16', 'HS12A05', 'ENG', 'Miệng'),
  ('D004432', 7.0, '2024-10-27', 'HS12A05', 'LIT', '15 phút'),
  ('D004433', 9.8, '2024-09-25', 'HS12A05', 'LIT', '15 phút'),
  ('D004434', 7.5, '2024-11-14', 'HS12A05', 'LIT', '1 tiết'),
  ('D004435', 4.6, '2024-11-02', 'HS12A05', 'LIT', '15 phút'),
  ('D004436', 6.0, '2024-11-18', 'HS12A05', 'LIT', '1 tiết'),
  ('D004437', 9.8, '2024-10-02', 'HS12A05', 'LIT', '1 tiết'),
  ('D004438', 8.4, '2024-11-07', 'HS12A05', 'IT', '15 phút'),
  ('D004439', 9.8, '2024-10-23', 'HS12A05', 'IT', 'Cuối kỳ'),
  ('D004440', 8.3, '2024-10-05', 'HS12A05', 'IT', 'Cuối kỳ'),
  ('D004441', 8.7, '2024-09-24', 'HS12A05', 'IT', '1 tiết'),
  ('D004442', 6.4, '2024-09-22', 'HS12A05', 'IT', '15 phút'),
  ('D004443', 5.8, '2024-09-28', 'HS12A05', 'PE', '1 tiết'),
  ('D004444', 8.4, '2024-09-26', 'HS12A05', 'PE', 'Cuối kỳ'),
  ('D004445', 5.0, '2024-09-06', 'HS12A05', 'PE', '15 phút'),
  ('D004446', 9.2, '2024-09-25', 'HS12A05', 'PE', 'Miệng'),
  ('D004447', 7.2, '2024-10-24', 'HS12A05', 'PE', 'Cuối kỳ'),
  ('D004448', 5.1, '2024-10-06', 'HS12A06', 'ENG', 'Miệng'),
  ('D004449', 4.5, '2024-09-26', 'HS12A06', 'ENG', '15 phút'),
  ('D004450', 5.5, '2024-10-03', 'HS12A06', 'ENG', '1 tiết'),
  ('D004451', 7.4, '2024-09-20', 'HS12A06', 'ENG', 'Miệng'),
  ('D004452', 8.7, '2024-11-23', 'HS12A06', 'ENG', 'Cuối kỳ'),
  ('D004453', 6.4, '2024-11-15', 'HS12A06', 'ENG', 'Miệng'),
  ('D004454', 6.5, '2024-09-09', 'HS12A06', 'CHE', '1 tiết'),
  ('D004455', 9.0, '2024-09-19', 'HS12A06', 'CHE', '1 tiết'),
  ('D004456', 6.6, '2024-09-03', 'HS12A06', 'CHE', 'Cuối kỳ'),
  ('D004457', 9.0, '2024-11-02', 'HS12A06', 'CHE', 'Miệng'),
  ('D004458', 7.7, '2024-09-24', 'HS12A06', 'GEO', 'Miệng'),
  ('D004459', 7.4, '2024-09-12', 'HS12A06', 'GEO', '15 phút'),
  ('D004460', 7.2, '2024-09-05', 'HS12A06', 'GEO', '15 phút'),
  ('D004461', 5.8, '2024-10-03', 'HS12A06', 'GEO', 'Miệng'),
  ('D004462', 6.3, '2024-09-23', 'HS12A06', 'TEC', 'Miệng'),
  ('D004463', 6.5, '2024-09-17', 'HS12A06', 'TEC', '15 phút'),
  ('D004464', 6.8, '2024-11-02', 'HS12A06', 'TEC', '1 tiết'),
  ('D004465', 6.4, '2024-10-04', 'HS12A06', 'TEC', 'Cuối kỳ'),
  ('D004466', 5.7, '2024-11-17', 'HS12A07', 'MATH', '1 tiết'),
  ('D004467', 4.1, '2024-11-11', 'HS12A07', 'MATH', '15 phút'),
  ('D004468', 6.8, '2024-09-09', 'HS12A07', 'MATH', 'Cuối kỳ'),
  ('D004469', 4.5, '2024-10-22', 'HS12A07', 'MATH', '15 phút'),
  ('D004470', 9.1, '2024-11-04', 'HS12A07', 'MATH', '15 phút'),
  ('D004471', 9.9, '2024-09-26', 'HS12A07', 'MATH', 'Cuối kỳ'),
  ('D004472', 4.1, '2024-11-09', 'HS12A07', 'GEO', '1 tiết'),
  ('D004473', 8.3, '2024-10-10', 'HS12A07', 'GEO', '15 phút'),
  ('D004474', 9.6, '2024-11-04', 'HS12A07', 'GEO', 'Cuối kỳ'),
  ('D004475', 5.7, '2024-10-04', 'HS12A07', 'HIS', '15 phút'),
  ('D004476', 6.8, '2024-10-16', 'HS12A07', 'HIS', 'Cuối kỳ'),
  ('D004477', 7.1, '2024-10-14', 'HS12A07', 'HIS', 'Miệng'),
  ('D004478', 6.5, '2024-11-07', 'HS12A07', 'HIS', '1 tiết'),
  ('D004479', 7.6, '2024-09-20', 'HS12A07', 'HIS', 'Miệng'),
  ('D004480', 9.3, '2024-09-16', 'HS12A07', 'ENG', '1 tiết'),
  ('D004481', 9.2, '2024-09-17', 'HS12A07', 'ENG', 'Cuối kỳ'),
  ('D004482', 4.1, '2024-09-27', 'HS12A07', 'ENG', 'Cuối kỳ'),
  ('D004483', 7.7, '2024-11-07', 'HS12A07', 'ENG', '15 phút'),
  ('D004484', 5.8, '2024-09-02', 'HS12A07', 'ENG', '15 phút'),
  ('D004485', 5.6, '2024-10-03', 'HS12A08', 'CHE', 'Cuối kỳ'),
  ('D004486', 5.0, '2024-10-12', 'HS12A08', 'CHE', 'Cuối kỳ'),
  ('D004487', 8.7, '2024-09-17', 'HS12A08', 'CHE', 'Cuối kỳ'),
  ('D004488', 7.4, '2024-10-19', 'HS12A08', 'CHE', 'Miệng'),
  ('D004489', 5.0, '2024-10-25', 'HS12A08', 'CHE', '1 tiết'),
  ('D004490', 6.3, '2024-09-14', 'HS12A08', 'IT', 'Miệng'),
  ('D004491', 5.7, '2024-10-06', 'HS12A08', 'IT', '15 phút'),
  ('D004492', 7.1, '2024-11-23', 'HS12A08', 'IT', '1 tiết'),
  ('D004493', 4.4, '2024-09-01', 'HS12A08', 'IT', '1 tiết'),
  ('D004494', 7.0, '2024-10-21', 'HS12A08', 'PHY', '1 tiết'),
  ('D004495', 6.9, '2024-10-06', 'HS12A08', 'PHY', 'Miệng'),
  ('D004496', 6.3, '2024-10-08', 'HS12A08', 'PHY', '1 tiết'),
  ('D004497', 8.7, '2024-11-01', 'HS12A08', 'PHY', 'Miệng'),
  ('D004498', 6.9, '2024-09-09', 'HS12A08', 'GEO', 'Cuối kỳ'),
  ('D004499', 4.3, '2024-10-28', 'HS12A08', 'GEO', 'Cuối kỳ'),
  ('D004500', 8.4, '2024-10-08', 'HS12A08', 'GEO', 'Cuối kỳ'),
  ('D004501', 7.0, '2024-11-09', 'HS12A08', 'GEO', '1 tiết'),
  ('D004502', 4.5, '2024-10-27', 'HS12A09', 'PHY', '1 tiết'),
  ('D004503', 9.3, '2024-10-14', 'HS12A09', 'PHY', 'Cuối kỳ'),
  ('D004504', 4.8, '2024-10-25', 'HS12A09', 'PHY', '15 phút'),
  ('D004505', 6.4, '2024-09-12', 'HS12A09', 'PHY', '1 tiết'),
  ('D004506', 9.3, '2024-09-17', 'HS12A09', 'PHY', '1 tiết'),
  ('D004507', 8.9, '2024-11-20', 'HS12A09', 'PHY', 'Miệng'),
  ('D004508', 4.9, '2024-10-23', 'HS12A09', 'GEO', '15 phút'),
  ('D004509', 7.5, '2024-09-01', 'HS12A09', 'GEO', '1 tiết'),
  ('D004510', 6.0, '2024-11-15', 'HS12A09', 'GEO', 'Cuối kỳ'),
  ('D004511', 5.7, '2024-09-12', 'HS12A09', 'MATH', 'Cuối kỳ'),
  ('D004512', 8.5, '2024-10-02', 'HS12A09', 'MATH', '1 tiết'),
  ('D004513', 9.4, '2024-09-23', 'HS12A09', 'MATH', '15 phút'),
  ('D004514', 5.6, '2024-10-19', 'HS12A09', 'HIS', '15 phút'),
  ('D004515', 5.3, '2024-10-16', 'HS12A09', 'HIS', 'Cuối kỳ'),
  ('D004516', 8.0, '2024-09-27', 'HS12A09', 'HIS', 'Cuối kỳ'),
  ('D004517', 6.8, '2024-09-18', 'HS12A09', 'HIS', '15 phút'),
  ('D004518', 5.1, '2024-09-14', 'HS12A09', 'HIS', 'Cuối kỳ'),
  ('D004519', 9.3, '2024-10-19', 'HS12A09', 'HIS', '1 tiết'),
  ('D004520', 7.0, '2024-11-14', 'HS12A10', 'LIT', '1 tiết'),
  ('D004521', 5.3, '2024-10-22', 'HS12A10', 'LIT', 'Miệng'),
  ('D004522', 6.3, '2024-09-19', 'HS12A10', 'LIT', 'Cuối kỳ'),
  ('D004523', 5.2, '2024-11-27', 'HS12A10', 'LIT', '15 phút'),
  ('D004524', 8.2, '2024-11-20', 'HS12A10', 'LIT', 'Cuối kỳ'),
  ('D004525', 9.9, '2024-09-24', 'HS12A10', 'LIT', '1 tiết'),
  ('D004526', 9.1, '2024-11-21', 'HS12A10', 'PE', '1 tiết'),
  ('D004527', 7.4, '2024-09-27', 'HS12A10', 'PE', 'Miệng'),
  ('D004528', 8.2, '2024-09-09', 'HS12A10', 'PE', 'Cuối kỳ'),
  ('D004529', 8.6, '2024-09-18', 'HS12A10', 'PE', 'Cuối kỳ'),
  ('D004530', 8.1, '2024-10-01', 'HS12A10', 'PE', 'Cuối kỳ'),
  ('D004531', 5.2, '2024-09-25', 'HS12A10', 'MATH', 'Miệng'),
  ('D004532', 6.4, '2024-09-19', 'HS12A10', 'MATH', 'Miệng'),
  ('D004533', 6.8, '2024-11-19', 'HS12A10', 'MATH', '15 phút'),
  ('D004534', 8.6, '2024-11-27', 'HS12A10', 'MATH', 'Miệng'),
  ('D004535', 8.0, '2024-11-27', 'HS12A10', 'MATH', '15 phút'),
  ('D004536', 6.9, '2024-11-05', 'HS12A10', 'MATH', 'Cuối kỳ'),
  ('D004537', 9.8, '2024-09-25', 'HS12A10', 'IT', '15 phút'),
  ('D004538', 6.8, '2024-10-24', 'HS12A10', 'IT', 'Miệng'),
  ('D004539', 7.2, '2024-10-20', 'HS12A10', 'IT', '1 tiết'),
  ('D004540', 5.0, '2024-11-10', 'HS12A10', 'IT', '15 phút'),
  ('D004541', 4.2, '2024-11-23', 'HS12A10', 'IT', '15 phút'),
  ('D004542', 8.1, '2024-11-20', 'HS12A11', 'LIT', 'Miệng'),
  ('D004543', 4.7, '2024-10-25', 'HS12A11', 'LIT', 'Cuối kỳ'),
  ('D004544', 6.7, '2024-10-20', 'HS12A11', 'LIT', '15 phút'),
  ('D004545', 4.4, '2024-10-27', 'HS12A11', 'LIT', 'Cuối kỳ'),
  ('D004546', 5.1, '2024-10-09', 'HS12A11', 'LIT', '15 phút'),
  ('D004547', 5.4, '2024-11-24', 'HS12A11', 'CIV', '1 tiết'),
  ('D004548', 8.0, '2024-09-26', 'HS12A11', 'CIV', 'Miệng'),
  ('D004549', 8.2, '2024-11-22', 'HS12A11', 'CIV', 'Miệng'),
  ('D004550', 6.8, '2024-11-04', 'HS12A11', 'CIV', 'Cuối kỳ'),
  ('D004551', 6.8, '2024-09-13', 'HS12A11', 'CIV', 'Cuối kỳ'),
  ('D004552', 8.0, '2024-11-04', 'HS12A11', 'PHY', '1 tiết'),
  ('D004553', 9.3, '2024-11-19', 'HS12A11', 'PHY', 'Miệng'),
  ('D004554', 4.6, '2024-11-28', 'HS12A11', 'PHY', '1 tiết'),
  ('D004555', 9.3, '2024-11-24', 'HS12A11', 'PHY', '15 phút'),
  ('D004556', 9.4, '2024-11-17', 'HS12A11', 'PHY', 'Miệng'),
  ('D004557', 4.0, '2024-10-25', 'HS12A11', 'BIO', 'Miệng'),
  ('D004558', 4.7, '2024-09-20', 'HS12A11', 'BIO', '15 phút'),
  ('D004559', 6.5, '2024-10-02', 'HS12A11', 'BIO', 'Cuối kỳ'),
  ('D004560', 9.3, '2024-09-01', 'HS12A11', 'BIO', 'Miệng'),
  ('D004561', 7.1, '2024-09-15', 'HS12A11', 'BIO', '15 phút'),
  ('D004562', 7.3, '2024-11-28', 'HS12A12', 'HIS', '1 tiết'),
  ('D004563', 9.0, '2024-11-11', 'HS12A12', 'HIS', 'Miệng'),
  ('D004564', 8.0, '2024-09-15', 'HS12A12', 'HIS', '15 phút'),
  ('D004565', 7.1, '2024-11-19', 'HS12A12', 'HIS', '1 tiết'),
  ('D004566', 9.7, '2024-09-21', 'HS12A12', 'HIS', 'Cuối kỳ'),
  ('D004567', 7.8, '2024-09-03', 'HS12A12', 'HIS', 'Cuối kỳ'),
  ('D004568', 6.5, '2024-11-22', 'HS12A12', 'ENG', 'Miệng'),
  ('D004569', 8.3, '2024-10-28', 'HS12A12', 'ENG', 'Miệng'),
  ('D004570', 5.0, '2024-10-13', 'HS12A12', 'ENG', 'Cuối kỳ'),
  ('D004571', 4.1, '2024-09-17', 'HS12A12', 'IT', '15 phút'),
  ('D004572', 9.0, '2024-09-20', 'HS12A12', 'IT', 'Miệng'),
  ('D004573', 6.7, '2024-11-25', 'HS12A12', 'IT', '15 phút'),
  ('D004574', 10.0, '2024-10-07', 'HS12A12', 'IT', '1 tiết'),
  ('D004575', 5.6, '2024-10-26', 'HS12A12', 'CIV', 'Cuối kỳ'),
  ('D004576', 7.8, '2024-09-21', 'HS12A12', 'CIV', '1 tiết'),
  ('D004577', 6.0, '2024-11-22', 'HS12A12', 'CIV', 'Cuối kỳ'),
  ('D004578', 9.4, '2024-09-06', 'HS12A12', 'CIV', 'Miệng'),
  ('D004579', 8.4, '2024-10-26', 'HS12A12', 'CIV', '15 phút'),
  ('D004580', 7.6, '2024-11-03', 'HS12A13', 'CHE', '15 phút'),
  ('D004581', 9.7, '2024-10-12', 'HS12A13', 'CHE', '15 phút'),
  ('D004582', 4.1, '2024-11-09', 'HS12A13', 'CHE', 'Cuối kỳ'),
  ('D004583', 6.4, '2024-11-02', 'HS12A13', 'CHE', '15 phút'),
  ('D004584', 7.7, '2024-11-25', 'HS12A13', 'CHE', 'Cuối kỳ'),
  ('D004585', 4.0, '2024-10-08', 'HS12A13', 'CHE', 'Cuối kỳ'),
  ('D004586', 4.8, '2024-11-10', 'HS12A13', 'ENG', 'Miệng'),
  ('D004587', 6.1, '2024-09-23', 'HS12A13', 'ENG', 'Cuối kỳ'),
  ('D004588', 5.5, '2024-09-23', 'HS12A13', 'ENG', 'Cuối kỳ'),
  ('D004589', 8.7, '2024-10-22', 'HS12A13', 'ENG', 'Miệng'),
  ('D004590', 9.8, '2024-10-27', 'HS12A13', 'ENG', '1 tiết'),
  ('D004591', 4.7, '2024-11-19', 'HS12A13', 'BIO', 'Cuối kỳ'),
  ('D004592', 10.0, '2024-09-17', 'HS12A13', 'BIO', '1 tiết'),
  ('D004593', 5.7, '2024-11-13', 'HS12A13', 'BIO', 'Cuối kỳ'),
  ('D004594', 4.9, '2024-09-05', 'HS12A13', 'BIO', '15 phút'),
  ('D004595', 4.2, '2024-10-26', 'HS12A13', 'PHY', 'Cuối kỳ'),
  ('D004596', 7.6, '2024-11-17', 'HS12A13', 'PHY', 'Cuối kỳ'),
  ('D004597', 5.7, '2024-09-05', 'HS12A13', 'PHY', '1 tiết'),
  ('D004598', 7.5, '2024-11-27', 'HS12A13', 'PHY', 'Cuối kỳ'),
  ('D004599', 9.8, '2024-11-06', 'HS12A13', 'PHY', '15 phút'),
  ('D004600', 8.5, '2024-10-06', 'HS12A13', 'PHY', 'Cuối kỳ'),
  ('D004601', 6.3, '2024-10-03', 'HS12A14', 'ENG', 'Cuối kỳ'),
  ('D004602', 9.7, '2024-11-19', 'HS12A14', 'ENG', 'Cuối kỳ'),
  ('D004603', 5.1, '2024-10-13', 'HS12A14', 'ENG', '15 phút'),
  ('D004604', 5.3, '2024-11-24', 'HS12A14', 'TEC', 'Cuối kỳ'),
  ('D004605', 9.2, '2024-10-18', 'HS12A14', 'TEC', 'Cuối kỳ'),
  ('D004606', 8.3, '2024-10-20', 'HS12A14', 'TEC', '15 phút'),
  ('D004607', 6.2, '2024-10-01', 'HS12A14', 'TEC', '1 tiết'),
  ('D004608', 5.5, '2024-11-06', 'HS12A14', 'HIS', 'Miệng'),
  ('D004609', 7.1, '2024-10-20', 'HS12A14', 'HIS', '15 phút'),
  ('D004610', 4.6, '2024-09-20', 'HS12A14', 'HIS', '15 phút'),
  ('D004611', 4.9, '2024-09-13', 'HS12A14', 'CIV', 'Miệng'),
  ('D004612', 4.2, '2024-09-10', 'HS12A14', 'CIV', '1 tiết'),
  ('D004613', 4.3, '2024-11-23', 'HS12A14', 'CIV', 'Cuối kỳ'),
  ('D004614', 8.4, '2024-11-08', 'HS12A15', 'HIS', 'Miệng'),
  ('D004615', 9.2, '2024-11-19', 'HS12A15', 'HIS', 'Miệng'),
  ('D004616', 5.3, '2024-09-01', 'HS12A15', 'HIS', '15 phút'),
  ('D004617', 7.1, '2024-11-16', 'HS12A15', 'HIS', '1 tiết'),
  ('D004618', 4.9, '2024-11-27', 'HS12A15', 'HIS', 'Cuối kỳ'),
  ('D004619', 4.2, '2024-11-18', 'HS12A15', 'ENG', 'Cuối kỳ'),
  ('D004620', 7.9, '2024-11-13', 'HS12A15', 'ENG', '1 tiết'),
  ('D004621', 5.0, '2024-11-23', 'HS12A15', 'ENG', '15 phút'),
  ('D004622', 5.8, '2024-09-11', 'HS12A15', 'ENG', '15 phút'),
  ('D004623', 7.1, '2024-09-11', 'HS12A15', 'PE', '15 phút'),
  ('D004624', 4.2, '2024-10-14', 'HS12A15', 'PE', 'Cuối kỳ'),
  ('D004625', 7.7, '2024-09-20', 'HS12A15', 'PE', '1 tiết'),
  ('D004626', 4.8, '2024-11-27', 'HS12A15', 'LIT', 'Miệng'),
  ('D004627', 7.9, '2024-10-13', 'HS12A15', 'LIT', '15 phút'),
  ('D004628', 9.3, '2024-09-16', 'HS12A15', 'LIT', '1 tiết'),
  ('D004629', 5.5, '2024-09-15', 'HS12A15', 'LIT', 'Cuối kỳ'),
  ('D004630', 6.5, '2024-11-14', 'HS12A15', 'LIT', '1 tiết'),
  ('D004631', 9.9, '2024-09-25', 'HS12A15', 'LIT', '1 tiết'),
  ('D004632', 5.5, '2024-11-06', 'HS12A16', 'MATH', '1 tiết'),
  ('D004633', 5.4, '2024-09-22', 'HS12A16', 'MATH', '15 phút'),
  ('D004634', 6.9, '2024-11-11', 'HS12A16', 'MATH', 'Cuối kỳ'),
  ('D004635', 4.6, '2024-09-16', 'HS12A16', 'MATH', 'Cuối kỳ'),
  ('D004636', 7.0, '2024-11-06', 'HS12A16', 'MATH', 'Miệng'),
  ('D004637', 7.0, '2024-10-02', 'HS12A16', 'MATH', '15 phút'),
  ('D004638', 4.5, '2024-11-25', 'HS12A16', 'CHE', '15 phút'),
  ('D004639', 9.8, '2024-09-23', 'HS12A16', 'CHE', '1 tiết'),
  ('D004640', 9.0, '2024-11-27', 'HS12A16', 'CHE', 'Miệng'),
  ('D004641', 7.5, '2024-11-16', 'HS12A16', 'CHE', '15 phút'),
  ('D004642', 5.3, '2024-09-07', 'HS12A16', 'CHE', '1 tiết'),
  ('D004643', 8.4, '2024-10-28', 'HS12A16', 'CHE', '1 tiết'),
  ('D004644', 9.1, '2024-10-18', 'HS12A16', 'PHY', 'Miệng'),
  ('D004645', 8.7, '2024-10-14', 'HS12A16', 'PHY', 'Miệng'),
  ('D004646', 6.7, '2024-11-14', 'HS12A16', 'PHY', '15 phút'),
  ('D004647', 8.6, '2024-10-03', 'HS12A16', 'PHY', 'Miệng'),
  ('D004648', 8.2, '2024-10-14', 'HS12A16', 'PHY', '1 tiết'),
  ('D004649', 8.7, '2024-11-03', 'HS12A16', 'CIV', 'Cuối kỳ'),
  ('D004650', 7.8, '2024-11-18', 'HS12A16', 'CIV', '1 tiết'),
  ('D004651', 4.5, '2024-11-08', 'HS12A16', 'CIV', '15 phút'),
  ('D004652', 6.1, '2024-09-09', 'HS12A17', 'IT', 'Miệng'),
  ('D004653', 7.6, '2024-09-18', 'HS12A17', 'IT', '1 tiết'),
  ('D004654', 7.1, '2024-10-12', 'HS12A17', 'IT', 'Miệng'),
  ('D004655', 8.4, '2024-09-11', 'HS12A17', 'IT', 'Cuối kỳ'),
  ('D004656', 5.6, '2024-11-26', 'HS12A17', 'IT', 'Cuối kỳ'),
  ('D004657', 5.5, '2024-11-04', 'HS12A17', 'PE', 'Cuối kỳ'),
  ('D004658', 4.3, '2024-10-27', 'HS12A17', 'PE', 'Cuối kỳ'),
  ('D004659', 4.0, '2024-10-01', 'HS12A17', 'PE', '15 phút'),
  ('D004660', 9.4, '2024-09-23', 'HS12A17', 'PE', '1 tiết'),
  ('D004661', 5.9, '2024-10-04', 'HS12A17', 'PE', '1 tiết'),
  ('D004662', 10.0, '2024-09-20', 'HS12A17', 'BIO', '15 phút'),
  ('D004663', 5.1, '2024-11-01', 'HS12A17', 'BIO', '15 phút'),
  ('D004664', 7.5, '2024-10-25', 'HS12A17', 'BIO', '15 phút'),
  ('D004665', 5.4, '2024-10-27', 'HS12A17', 'LIT', 'Cuối kỳ'),
  ('D004666', 8.1, '2024-10-21', 'HS12A17', 'LIT', 'Miệng'),
  ('D004667', 8.0, '2024-11-18', 'HS12A17', 'LIT', 'Miệng'),
  ('D004668', 4.5, '2024-10-10', 'HS12A18', 'ENG', 'Cuối kỳ'),
  ('D004669', 8.3, '2024-09-28', 'HS12A18', 'ENG', '15 phút'),
  ('D004670', 8.3, '2024-10-24', 'HS12A18', 'ENG', 'Cuối kỳ'),
  ('D004671', 4.8, '2024-09-07', 'HS12A18', 'ENG', 'Cuối kỳ'),
  ('D004672', 5.8, '2024-09-17', 'HS12A18', 'ENG', 'Miệng'),
  ('D004673', 6.9, '2024-11-24', 'HS12A18', 'HIS', 'Cuối kỳ'),
  ('D004674', 10.0, '2024-09-20', 'HS12A18', 'HIS', '15 phút'),
  ('D004675', 4.2, '2024-11-23', 'HS12A18', 'HIS', 'Miệng'),
  ('D004676', 7.6, '2024-11-03', 'HS12A18', 'HIS', '1 tiết'),
  ('D004677', 9.2, '2024-09-03', 'HS12A18', 'HIS', '15 phút'),
  ('D004678', 8.1, '2024-09-26', 'HS12A18', 'HIS', 'Cuối kỳ'),
  ('D004679', 4.6, '2024-10-18', 'HS12A18', 'BIO', '1 tiết'),
  ('D004680', 7.3, '2024-11-02', 'HS12A18', 'BIO', '1 tiết'),
  ('D004681', 5.0, '2024-10-08', 'HS12A18', 'BIO', '15 phút'),
  ('D004682', 7.9, '2024-09-20', 'HS12A18', 'BIO', 'Cuối kỳ'),
  ('D004683', 4.2, '2024-10-26', 'HS12A18', 'BIO', '15 phút'),
  ('D004684', 4.9, '2024-10-08', 'HS12A18', 'BIO', 'Cuối kỳ'),
  ('D004685', 6.9, '2024-10-12', 'HS12A18', 'TEC', '1 tiết'),
  ('D004686', 5.8, '2024-11-23', 'HS12A18', 'TEC', 'Miệng'),
  ('D004687', 9.2, '2024-11-22', 'HS12A18', 'TEC', '15 phút'),
  ('D004688', 5.7, '2024-11-03', 'HS12A19', 'CIV', '1 tiết'),
  ('D004689', 8.4, '2024-11-09', 'HS12A19', 'CIV', 'Cuối kỳ'),
  ('D004690', 9.3, '2024-10-26', 'HS12A19', 'CIV', 'Cuối kỳ'),
  ('D004691', 4.8, '2024-10-06', 'HS12A19', 'PHY', '15 phút'),
  ('D004692', 6.0, '2024-11-13', 'HS12A19', 'PHY', 'Miệng'),
  ('D004693', 6.2, '2024-09-05', 'HS12A19', 'PHY', 'Cuối kỳ'),
  ('D004694', 4.4, '2024-11-10', 'HS12A19', 'PHY', 'Miệng'),
  ('D004695', 4.8, '2024-10-27', 'HS12A19', 'PHY', 'Cuối kỳ'),
  ('D004696', 4.0, '2024-10-17', 'HS12A19', 'PHY', 'Cuối kỳ'),
  ('D004697', 6.0, '2024-09-13', 'HS12A19', 'LIT', '15 phút'),
  ('D004698', 4.2, '2024-10-08', 'HS12A19', 'LIT', 'Cuối kỳ'),
  ('D004699', 9.0, '2024-10-02', 'HS12A19', 'LIT', '15 phút'),
  ('D004700', 7.9, '2024-10-09', 'HS12A19', 'GEO', 'Miệng'),
  ('D004701', 7.7, '2024-11-04', 'HS12A19', 'GEO', 'Miệng'),
  ('D004702', 9.2, '2024-11-02', 'HS12A19', 'GEO', 'Miệng'),
  ('D004703', 6.2, '2024-09-20', 'HS12A20', 'ENG', '1 tiết'),
  ('D004704', 6.0, '2024-11-07', 'HS12A20', 'ENG', 'Cuối kỳ'),
  ('D004705', 8.5, '2024-11-15', 'HS12A20', 'ENG', '1 tiết'),
  ('D004706', 5.4, '2024-09-19', 'HS12A20', 'ENG', '15 phút'),
  ('D004707', 4.2, '2024-11-23', 'HS12A20', 'MATH', 'Cuối kỳ'),
  ('D004708', 4.3, '2024-10-12', 'HS12A20', 'MATH', 'Cuối kỳ'),
  ('D004709', 9.6, '2024-11-11', 'HS12A20', 'MATH', '1 tiết'),
  ('D004710', 8.9, '2024-11-19', 'HS12A20', 'MATH', '15 phút'),
  ('D004711', 4.3, '2024-10-24', 'HS12A20', 'MATH', '1 tiết'),
  ('D004712', 8.2, '2024-10-08', 'HS12A20', 'MATH', 'Miệng'),
  ('D004713', 7.3, '2024-11-18', 'HS12A20', 'PHY', 'Miệng'),
  ('D004714', 8.3, '2024-11-13', 'HS12A20', 'PHY', '1 tiết'),
  ('D004715', 7.8, '2024-11-07', 'HS12A20', 'PHY', '1 tiết'),
  ('D004716', 8.6, '2024-10-13', 'HS12A20', 'CIV', '15 phút'),
  ('D004717', 9.2, '2024-11-26', 'HS12A20', 'CIV', '1 tiết'),
  ('D004718', 4.9, '2024-10-20', 'HS12A20', 'CIV', 'Cuối kỳ'),
  ('D004719', 4.3, '2024-11-14', 'HS12A20', 'CIV', 'Cuối kỳ'),
  ('D004720', 4.1, '2024-10-04', 'HS12A20', 'CIV', 'Cuối kỳ'),
  ('D004721', 6.7, '2024-10-15', 'HS12B01', 'ENG', '15 phút'),
  ('D004722', 8.5, '2024-10-01', 'HS12B01', 'ENG', '15 phút'),
  ('D004723', 5.2, '2024-09-12', 'HS12B01', 'ENG', '1 tiết'),
  ('D004724', 4.4, '2024-09-22', 'HS12B01', 'CHE', 'Miệng'),
  ('D004725', 4.4, '2024-09-22', 'HS12B01', 'CHE', 'Miệng'),
  ('D004726', 6.5, '2024-09-11', 'HS12B01', 'CHE', 'Cuối kỳ'),
  ('D004727', 6.1, '2024-10-19', 'HS12B01', 'IT', 'Miệng'),
  ('D004728', 6.2, '2024-09-09', 'HS12B01', 'IT', '1 tiết'),
  ('D004729', 4.5, '2024-09-19', 'HS12B01', 'IT', '1 tiết'),
  ('D004730', 6.7, '2024-10-02', 'HS12B01', 'HIS', 'Cuối kỳ'),
  ('D004731', 9.8, '2024-11-24', 'HS12B01', 'HIS', '1 tiết'),
  ('D004732', 5.3, '2024-11-26', 'HS12B01', 'HIS', '1 tiết'),
  ('D004733', 8.2, '2024-10-19', 'HS12B01', 'HIS', 'Miệng'),
  ('D004734', 5.9, '2024-10-04', 'HS12B01', 'HIS', 'Miệng'),
  ('D004735', 6.6, '2024-11-10', 'HS12B02', 'CIV', 'Cuối kỳ'),
  ('D004736', 7.5, '2024-10-11', 'HS12B02', 'CIV', 'Cuối kỳ'),
  ('D004737', 9.3, '2024-11-08', 'HS12B02', 'CIV', '15 phút'),
  ('D004738', 9.3, '2024-11-20', 'HS12B02', 'CIV', 'Cuối kỳ'),
  ('D004739', 5.6, '2024-11-18', 'HS12B02', 'CIV', 'Cuối kỳ'),
  ('D004740', 6.4, '2024-09-12', 'HS12B02', 'CIV', 'Cuối kỳ'),
  ('D004741', 8.6, '2024-09-24', 'HS12B02', 'IT', 'Cuối kỳ'),
  ('D004742', 9.1, '2024-11-03', 'HS12B02', 'IT', '1 tiết'),
  ('D004743', 5.5, '2024-09-26', 'HS12B02', 'IT', 'Miệng'),
  ('D004744', 5.0, '2024-11-12', 'HS12B02', 'PE', 'Cuối kỳ'),
  ('D004745', 6.9, '2024-09-07', 'HS12B02', 'PE', '15 phút'),
  ('D004746', 8.1, '2024-11-23', 'HS12B02', 'PE', 'Cuối kỳ'),
  ('D004747', 5.3, '2024-11-05', 'HS12B02', 'PE', '15 phút'),
  ('D004748', 5.7, '2024-09-06', 'HS12B02', 'TEC', '15 phút'),
  ('D004749', 5.9, '2024-09-27', 'HS12B02', 'TEC', 'Cuối kỳ'),
  ('D004750', 9.6, '2024-10-13', 'HS12B02', 'TEC', '15 phút'),
  ('D004751', 5.5, '2024-10-16', 'HS12B02', 'TEC', '15 phút'),
  ('D004752', 7.7, '2024-11-06', 'HS12B02', 'TEC', '15 phút'),
  ('D004753', 8.3, '2024-10-21', 'HS12B02', 'TEC', '15 phút'),
  ('D004754', 7.5, '2024-10-23', 'HS12B03', 'MATH', 'Miệng'),
  ('D004755', 4.4, '2024-11-07', 'HS12B03', 'MATH', '15 phút'),
  ('D004756', 8.6, '2024-09-17', 'HS12B03', 'MATH', '1 tiết'),
  ('D004757', 4.8, '2024-10-16', 'HS12B03', 'ENG', 'Miệng'),
  ('D004758', 7.6, '2024-11-05', 'HS12B03', 'ENG', 'Miệng'),
  ('D004759', 8.8, '2024-10-11', 'HS12B03', 'ENG', '1 tiết'),
  ('D004760', 9.2, '2024-10-27', 'HS12B03', 'ENG', '1 tiết'),
  ('D004761', 8.1, '2024-09-13', 'HS12B03', 'ENG', 'Miệng'),
  ('D004762', 5.9, '2024-11-23', 'HS12B03', 'PHY', 'Miệng'),
  ('D004763', 5.2, '2024-09-04', 'HS12B03', 'PHY', 'Miệng'),
  ('D004764', 4.0, '2024-10-26', 'HS12B03', 'PHY', '1 tiết'),
  ('D004765', 9.9, '2024-09-22', 'HS12B03', 'PHY', '15 phút'),
  ('D004766', 5.1, '2024-10-21', 'HS12B03', 'PHY', '15 phút'),
  ('D004767', 9.5, '2024-10-15', 'HS12B03', 'PHY', 'Cuối kỳ'),
  ('D004768', 5.3, '2024-09-14', 'HS12B03', 'CIV', 'Miệng'),
  ('D004769', 9.7, '2024-10-10', 'HS12B03', 'CIV', 'Cuối kỳ'),
  ('D004770', 4.2, '2024-10-01', 'HS12B03', 'CIV', '15 phút'),
  ('D004771', 7.4, '2024-09-08', 'HS12B03', 'CIV', 'Cuối kỳ'),
  ('D004772', 8.8, '2024-10-20', 'HS12B03', 'CIV', '1 tiết'),
  ('D004773', 5.0, '2024-11-26', 'HS12B03', 'CIV', '1 tiết'),
  ('D004774', 7.8, '2024-11-10', 'HS12B04', 'ENG', 'Miệng'),
  ('D004775', 4.8, '2024-10-09', 'HS12B04', 'ENG', 'Miệng'),
  ('D004776', 8.1, '2024-10-16', 'HS12B04', 'ENG', '1 tiết'),
  ('D004777', 6.6, '2024-10-05', 'HS12B04', 'CIV', '1 tiết'),
  ('D004778', 7.4, '2024-09-27', 'HS12B04', 'CIV', 'Cuối kỳ'),
  ('D004779', 9.0, '2024-09-27', 'HS12B04', 'CIV', 'Miệng'),
  ('D004780', 5.5, '2024-10-07', 'HS12B04', 'CIV', '1 tiết'),
  ('D004781', 9.3, '2024-10-14', 'HS12B04', 'CHE', 'Miệng'),
  ('D004782', 5.7, '2024-10-09', 'HS12B04', 'CHE', '1 tiết'),
  ('D004783', 7.6, '2024-11-19', 'HS12B04', 'CHE', '15 phút'),
  ('D004784', 4.6, '2024-09-19', 'HS12B04', 'CHE', 'Cuối kỳ'),
  ('D004785', 8.5, '2024-11-23', 'HS12B04', 'CHE', '1 tiết'),
  ('D004786', 9.1, '2024-11-26', 'HS12B04', 'CHE', 'Miệng'),
  ('D004787', 7.6, '2024-11-17', 'HS12B04', 'LIT', 'Cuối kỳ'),
  ('D004788', 4.2, '2024-11-20', 'HS12B04', 'LIT', '1 tiết'),
  ('D004789', 8.9, '2024-09-28', 'HS12B04', 'LIT', '1 tiết'),
  ('D004790', 7.6, '2024-11-07', 'HS12B04', 'LIT', '15 phút'),
  ('D004791', 8.9, '2024-10-10', 'HS12B04', 'LIT', '15 phút'),
  ('D004792', 4.6, '2024-09-06', 'HS12B05', 'ENG', 'Miệng'),
  ('D004793', 8.0, '2024-09-11', 'HS12B05', 'ENG', '1 tiết'),
  ('D004794', 7.4, '2024-10-08', 'HS12B05', 'ENG', '1 tiết'),
  ('D004795', 4.1, '2024-11-03', 'HS12B05', 'ENG', '15 phút'),
  ('D004796', 8.1, '2024-10-24', 'HS12B05', 'ENG', '15 phút'),
  ('D004797', 4.8, '2024-09-27', 'HS12B05', 'ENG', '1 tiết'),
  ('D004798', 5.8, '2024-11-06', 'HS12B05', 'TEC', '1 tiết'),
  ('D004799', 6.4, '2024-10-24', 'HS12B05', 'TEC', 'Cuối kỳ'),
  ('D004800', 4.4, '2024-11-25', 'HS12B05', 'TEC', '15 phút'),
  ('D004801', 9.5, '2024-09-07', 'HS12B05', 'TEC', 'Cuối kỳ'),
  ('D004802', 7.2, '2024-11-21', 'HS12B05', 'TEC', 'Cuối kỳ'),
  ('D004803', 4.3, '2024-11-18', 'HS12B05', 'TEC', '1 tiết'),
  ('D004804', 6.3, '2024-09-13', 'HS12B05', 'PHY', 'Miệng'),
  ('D004805', 9.9, '2024-09-23', 'HS12B05', 'PHY', '1 tiết'),
  ('D004806', 7.5, '2024-10-13', 'HS12B05', 'PHY', '1 tiết'),
  ('D004807', 8.5, '2024-11-20', 'HS12B05', 'CHE', '1 tiết'),
  ('D004808', 6.3, '2024-11-11', 'HS12B05', 'CHE', 'Cuối kỳ'),
  ('D004809', 8.1, '2024-11-09', 'HS12B05', 'CHE', 'Cuối kỳ'),
  ('D004810', 5.2, '2024-11-18', 'HS12B05', 'CHE', '15 phút'),
  ('D004811', 9.8, '2024-11-28', 'HS12B05', 'CHE', 'Cuối kỳ'),
  ('D004812', 4.9, '2024-10-26', 'HS12B05', 'CHE', 'Miệng'),
  ('D004813', 4.5, '2024-10-05', 'HS12B06', 'MATH', 'Miệng'),
  ('D004814', 4.6, '2024-10-12', 'HS12B06', 'MATH', '1 tiết'),
  ('D004815', 8.4, '2024-11-17', 'HS12B06', 'MATH', 'Cuối kỳ'),
  ('D004816', 9.7, '2024-10-16', 'HS12B06', 'MATH', 'Cuối kỳ'),
  ('D004817', 5.9, '2024-10-16', 'HS12B06', 'MATH', '1 tiết'),
  ('D004818', 4.6, '2024-09-09', 'HS12B06', 'MATH', 'Cuối kỳ'),
  ('D004819', 5.6, '2024-09-02', 'HS12B06', 'IT', 'Cuối kỳ'),
  ('D004820', 7.1, '2024-10-17', 'HS12B06', 'IT', 'Cuối kỳ'),
  ('D004821', 8.9, '2024-09-10', 'HS12B06', 'IT', 'Miệng'),
  ('D004822', 6.1, '2024-10-13', 'HS12B06', 'IT', '1 tiết'),
  ('D004823', 5.5, '2024-09-05', 'HS12B06', 'IT', '15 phút'),
  ('D004824', 9.4, '2024-10-09', 'HS12B06', 'IT', 'Miệng'),
  ('D004825', 9.6, '2024-09-05', 'HS12B06', 'TEC', '15 phút'),
  ('D004826', 5.2, '2024-10-18', 'HS12B06', 'TEC', 'Cuối kỳ'),
  ('D004827', 4.1, '2024-09-27', 'HS12B06', 'TEC', '1 tiết'),
  ('D004828', 8.9, '2024-09-24', 'HS12B06', 'TEC', 'Miệng'),
  ('D004829', 6.7, '2024-09-14', 'HS12B06', 'TEC', '15 phút'),
  ('D004830', 4.3, '2024-11-10', 'HS12B06', 'TEC', '1 tiết'),
  ('D004831', 9.5, '2024-11-21', 'HS12B06', 'ENG', 'Cuối kỳ'),
  ('D004832', 4.4, '2024-09-26', 'HS12B06', 'ENG', '1 tiết'),
  ('D004833', 8.4, '2024-11-20', 'HS12B06', 'ENG', '15 phút'),
  ('D004834', 4.2, '2024-11-25', 'HS12B06', 'ENG', '1 tiết'),
  ('D004835', 7.5, '2024-10-21', 'HS12B07', 'TEC', 'Miệng'),
  ('D004836', 8.9, '2024-10-20', 'HS12B07', 'TEC', 'Cuối kỳ'),
  ('D004837', 9.2, '2024-11-16', 'HS12B07', 'TEC', '15 phút'),
  ('D004838', 6.0, '2024-09-18', 'HS12B07', 'LIT', '1 tiết'),
  ('D004839', 4.7, '2024-10-13', 'HS12B07', 'LIT', '1 tiết'),
  ('D004840', 7.2, '2024-10-11', 'HS12B07', 'LIT', 'Miệng'),
  ('D004841', 6.8, '2024-10-25', 'HS12B07', 'LIT', 'Cuối kỳ'),
  ('D004842', 8.5, '2024-10-10', 'HS12B07', 'LIT', 'Miệng'),
  ('D004843', 7.0, '2024-11-08', 'HS12B07', 'PHY', '1 tiết'),
  ('D004844', 8.1, '2024-10-19', 'HS12B07', 'PHY', 'Miệng'),
  ('D004845', 4.8, '2024-10-01', 'HS12B07', 'PHY', '15 phút'),
  ('D004846', 8.3, '2024-10-09', 'HS12B07', 'PHY', '15 phút'),
  ('D004847', 7.9, '2024-09-26', 'HS12B07', 'PHY', '15 phút'),
  ('D004848', 6.1, '2024-11-20', 'HS12B07', 'CHE', '15 phút'),
  ('D004849', 6.0, '2024-10-20', 'HS12B07', 'CHE', 'Miệng'),
  ('D004850', 6.8, '2024-10-05', 'HS12B07', 'CHE', 'Miệng'),
  ('D004851', 6.8, '2024-11-14', 'HS12B08', 'PHY', 'Cuối kỳ'),
  ('D004852', 6.2, '2024-10-04', 'HS12B08', 'PHY', '1 tiết'),
  ('D004853', 4.4, '2024-10-24', 'HS12B08', 'PHY', '1 tiết'),
  ('D004854', 10.0, '2024-11-17', 'HS12B08', 'PHY', '15 phút'),
  ('D004855', 5.2, '2024-11-17', 'HS12B08', 'PHY', '15 phút'),
  ('D004856', 9.0, '2024-10-26', 'HS12B08', 'PHY', 'Cuối kỳ'),
  ('D004857', 4.6, '2024-10-06', 'HS12B08', 'LIT', '15 phút'),
  ('D004858', 7.9, '2024-09-06', 'HS12B08', 'LIT', 'Cuối kỳ'),
  ('D004859', 4.2, '2024-11-12', 'HS12B08', 'LIT', 'Cuối kỳ'),
  ('D004860', 8.3, '2024-10-06', 'HS12B08', 'LIT', 'Cuối kỳ'),
  ('D004861', 6.5, '2024-10-10', 'HS12B08', 'LIT', '15 phút'),
  ('D004862', 9.1, '2024-10-07', 'HS12B08', 'PE', 'Miệng'),
  ('D004863', 6.3, '2024-09-27', 'HS12B08', 'PE', '15 phút'),
  ('D004864', 7.9, '2024-11-22', 'HS12B08', 'PE', 'Miệng'),
  ('D004865', 4.6, '2024-11-26', 'HS12B08', 'GEO', 'Miệng'),
  ('D004866', 6.8, '2024-11-05', 'HS12B08', 'GEO', '1 tiết'),
  ('D004867', 8.7, '2024-10-27', 'HS12B08', 'GEO', '1 tiết'),
  ('D004868', 8.9, '2024-11-10', 'HS12B08', 'GEO', 'Cuối kỳ'),
  ('D004869', 7.7, '2024-11-27', 'HS12B08', 'GEO', 'Miệng'),
  ('D004870', 8.3, '2024-09-21', 'HS12B09', 'HIS', 'Cuối kỳ'),
  ('D004871', 4.7, '2024-11-17', 'HS12B09', 'HIS', 'Miệng'),
  ('D004872', 9.9, '2024-09-08', 'HS12B09', 'HIS', 'Cuối kỳ'),
  ('D004873', 8.1, '2024-11-02', 'HS12B09', 'HIS', 'Miệng'),
  ('D004874', 8.3, '2024-10-11', 'HS12B09', 'HIS', '1 tiết'),
  ('D004875', 9.2, '2024-11-18', 'HS12B09', 'HIS', 'Cuối kỳ'),
  ('D004876', 8.0, '2024-11-09', 'HS12B09', 'ENG', 'Cuối kỳ'),
  ('D004877', 9.9, '2024-11-11', 'HS12B09', 'ENG', '1 tiết'),
  ('D004878', 4.4, '2024-10-14', 'HS12B09', 'ENG', 'Cuối kỳ'),
  ('D004879', 5.9, '2024-11-17', 'HS12B09', 'PHY', 'Miệng'),
  ('D004880', 9.9, '2024-11-18', 'HS12B09', 'PHY', 'Miệng'),
  ('D004881', 9.1, '2024-11-07', 'HS12B09', 'PHY', 'Cuối kỳ'),
  ('D004882', 7.1, '2024-10-19', 'HS12B09', 'PHY', 'Miệng'),
  ('D004883', 5.9, '2024-11-02', 'HS12B09', 'PHY', '1 tiết'),
  ('D004884', 7.1, '2024-11-25', 'HS12B09', 'CIV', 'Cuối kỳ'),
  ('D004885', 5.0, '2024-11-07', 'HS12B09', 'CIV', '1 tiết'),
  ('D004886', 7.3, '2024-10-14', 'HS12B09', 'CIV', '15 phút'),
  ('D004887', 7.2, '2024-09-01', 'HS12B09', 'CIV', 'Cuối kỳ'),
  ('D004888', 6.4, '2024-09-08', 'HS12B09', 'CIV', 'Cuối kỳ'),
  ('D004889', 7.8, '2024-10-24', 'HS12B10', 'CIV', 'Miệng'),
  ('D004890', 7.3, '2024-11-04', 'HS12B10', 'CIV', '15 phút'),
  ('D004891', 9.6, '2024-11-26', 'HS12B10', 'CIV', 'Cuối kỳ'),
  ('D004892', 7.1, '2024-09-27', 'HS12B10', 'LIT', 'Miệng'),
  ('D004893', 7.9, '2024-10-01', 'HS12B10', 'LIT', 'Cuối kỳ'),
  ('D004894', 6.3, '2024-11-02', 'HS12B10', 'LIT', 'Miệng'),
  ('D004895', 6.7, '2024-09-08', 'HS12B10', 'ENG', 'Cuối kỳ'),
  ('D004896', 8.7, '2024-11-18', 'HS12B10', 'ENG', '15 phút'),
  ('D004897', 6.3, '2024-11-08', 'HS12B10', 'ENG', '15 phút'),
  ('D004898', 9.4, '2024-11-22', 'HS12B10', 'TEC', 'Cuối kỳ'),
  ('D004899', 8.0, '2024-11-15', 'HS12B10', 'TEC', 'Miệng'),
  ('D004900', 5.5, '2024-10-02', 'HS12B10', 'TEC', 'Cuối kỳ'),
  ('D004901', 6.9, '2024-10-17', 'HS12B10', 'TEC', 'Cuối kỳ'),
  ('D004902', 9.2, '2024-11-28', 'HS12B10', 'TEC', '15 phút'),
  ('D004903', 8.8, '2024-10-08', 'HS12B11', 'PHY', 'Miệng'),
  ('D004904', 8.6, '2024-11-07', 'HS12B11', 'PHY', 'Miệng'),
  ('D004905', 5.9, '2024-10-21', 'HS12B11', 'PHY', 'Miệng'),
  ('D004906', 6.6, '2024-09-12', 'HS12B11', 'BIO', '15 phút'),
  ('D004907', 7.9, '2024-11-16', 'HS12B11', 'BIO', '15 phút'),
  ('D004908', 7.1, '2024-11-27', 'HS12B11', 'BIO', '1 tiết'),
  ('D004909', 5.6, '2024-10-12', 'HS12B11', 'BIO', '15 phút'),
  ('D004910', 4.6, '2024-09-10', 'HS12B11', 'BIO', 'Miệng'),
  ('D004911', 9.3, '2024-09-21', 'HS12B11', 'CIV', 'Miệng'),
  ('D004912', 8.5, '2024-09-21', 'HS12B11', 'CIV', '1 tiết'),
  ('D004913', 9.1, '2024-09-13', 'HS12B11', 'CIV', 'Cuối kỳ'),
  ('D004914', 4.7, '2024-11-25', 'HS12B11', 'CIV', 'Cuối kỳ'),
  ('D004915', 8.9, '2024-11-20', 'HS12B11', 'CIV', 'Miệng'),
  ('D004916', 7.5, '2024-10-28', 'HS12B11', 'GEO', 'Cuối kỳ'),
  ('D004917', 7.7, '2024-11-02', 'HS12B11', 'GEO', '15 phút'),
  ('D004918', 5.4, '2024-10-26', 'HS12B11', 'GEO', '1 tiết'),
  ('D004919', 6.5, '2024-10-19', 'HS12B12', 'BIO', '1 tiết'),
  ('D004920', 4.1, '2024-09-27', 'HS12B12', 'BIO', 'Cuối kỳ'),
  ('D004921', 8.4, '2024-10-10', 'HS12B12', 'BIO', 'Miệng'),
  ('D004922', 4.4, '2024-09-05', 'HS12B12', 'BIO', '1 tiết'),
  ('D004923', 6.9, '2024-10-17', 'HS12B12', 'BIO', '15 phút'),
  ('D004924', 6.1, '2024-10-12', 'HS12B12', 'HIS', 'Cuối kỳ'),
  ('D004925', 8.2, '2024-09-20', 'HS12B12', 'HIS', '15 phút'),
  ('D004926', 8.0, '2024-09-04', 'HS12B12', 'HIS', 'Cuối kỳ'),
  ('D004927', 8.3, '2024-09-19', 'HS12B12', 'IT', 'Miệng'),
  ('D004928', 6.0, '2024-10-23', 'HS12B12', 'IT', '1 tiết'),
  ('D004929', 7.9, '2024-09-08', 'HS12B12', 'IT', '15 phút'),
  ('D004930', 5.8, '2024-10-28', 'HS12B12', 'IT', '1 tiết'),
  ('D004931', 7.3, '2024-11-24', 'HS12B12', 'CHE', '1 tiết'),
  ('D004932', 7.2, '2024-11-14', 'HS12B12', 'CHE', 'Cuối kỳ'),
  ('D004933', 4.1, '2024-10-07', 'HS12B12', 'CHE', '1 tiết'),
  ('D004934', 5.1, '2024-09-12', 'HS12B13', 'CHE', '1 tiết'),
  ('D004935', 7.3, '2024-11-03', 'HS12B13', 'CHE', 'Cuối kỳ'),
  ('D004936', 5.6, '2024-11-04', 'HS12B13', 'CHE', 'Cuối kỳ'),
  ('D004937', 4.4, '2024-09-11', 'HS12B13', 'CHE', 'Miệng'),
  ('D004938', 9.7, '2024-09-03', 'HS12B13', 'CHE', 'Miệng'),
  ('D004939', 6.4, '2024-11-03', 'HS12B13', 'CHE', '1 tiết'),
  ('D004940', 5.4, '2024-10-27', 'HS12B13', 'HIS', '1 tiết'),
  ('D004941', 8.0, '2024-10-23', 'HS12B13', 'HIS', 'Miệng'),
  ('D004942', 8.2, '2024-10-27', 'HS12B13', 'HIS', '15 phút'),
  ('D004943', 8.9, '2024-10-01', 'HS12B13', 'GEO', '15 phút'),
  ('D004944', 7.5, '2024-11-28', 'HS12B13', 'GEO', '15 phút'),
  ('D004945', 7.2, '2024-10-22', 'HS12B13', 'GEO', '15 phút'),
  ('D004946', 9.8, '2024-09-26', 'HS12B13', 'GEO', '15 phút'),
  ('D004947', 6.5, '2024-11-12', 'HS12B13', 'GEO', 'Miệng'),
  ('D004948', 7.5, '2024-11-19', 'HS12B13', 'GEO', 'Cuối kỳ'),
  ('D004949', 4.7, '2024-09-14', 'HS12B13', 'TEC', 'Cuối kỳ'),
  ('D004950', 6.7, '2024-09-20', 'HS12B13', 'TEC', 'Cuối kỳ'),
  ('D004951', 9.9, '2024-10-14', 'HS12B13', 'TEC', 'Miệng'),
  ('D004952', 4.0, '2024-10-24', 'HS12B13', 'TEC', 'Cuối kỳ'),
  ('D004953', 8.8, '2024-09-05', 'HS12B14', 'PHY', '15 phút'),
  ('D004954', 5.6, '2024-11-18', 'HS12B14', 'PHY', 'Miệng'),
  ('D004955', 4.4, '2024-09-24', 'HS12B14', 'PHY', 'Cuối kỳ'),
  ('D004956', 9.8, '2024-11-08', 'HS12B14', 'PHY', 'Cuối kỳ'),
  ('D004957', 6.1, '2024-11-01', 'HS12B14', 'CHE', 'Miệng'),
  ('D004958', 6.8, '2024-10-20', 'HS12B14', 'CHE', 'Miệng'),
  ('D004959', 6.0, '2024-11-10', 'HS12B14', 'CHE', '1 tiết'),
  ('D004960', 8.9, '2024-09-09', 'HS12B14', 'CHE', '1 tiết'),
  ('D004961', 4.2, '2024-09-07', 'HS12B14', 'CHE', '15 phút'),
  ('D004962', 8.7, '2024-10-03', 'HS12B14', 'CHE', 'Cuối kỳ'),
  ('D004963', 9.1, '2024-10-14', 'HS12B14', 'ENG', '1 tiết'),
  ('D004964', 4.8, '2024-10-27', 'HS12B14', 'ENG', 'Miệng'),
  ('D004965', 4.7, '2024-10-08', 'HS12B14', 'ENG', 'Cuối kỳ'),
  ('D004966', 8.5, '2024-10-07', 'HS12B14', 'ENG', 'Miệng'),
  ('D004967', 7.4, '2024-10-24', 'HS12B14', 'ENG', 'Cuối kỳ'),
  ('D004968', 6.1, '2024-09-21', 'HS12B14', 'MATH', '15 phút'),
  ('D004969', 6.9, '2024-10-13', 'HS12B14', 'MATH', '1 tiết'),
  ('D004970', 8.9, '2024-10-20', 'HS12B14', 'MATH', 'Miệng'),
  ('D004971', 4.2, '2024-11-11', 'HS12B14', 'MATH', 'Miệng'),
  ('D004972', 9.8, '2024-11-26', 'HS12B14', 'MATH', '1 tiết'),
  ('D004973', 9.6, '2024-10-18', 'HS12B15', 'BIO', 'Cuối kỳ'),
  ('D004974', 6.9, '2024-09-18', 'HS12B15', 'BIO', '15 phút'),
  ('D004975', 7.4, '2024-10-16', 'HS12B15', 'BIO', '15 phút'),
  ('D004976', 9.7, '2024-09-09', 'HS12B15', 'BIO', '1 tiết'),
  ('D004977', 5.7, '2024-11-24', 'HS12B15', 'BIO', 'Miệng'),
  ('D004978', 8.1, '2024-10-19', 'HS12B15', 'LIT', '15 phút'),
  ('D004979', 4.9, '2024-09-04', 'HS12B15', 'LIT', '1 tiết'),
  ('D004980', 8.2, '2024-11-15', 'HS12B15', 'LIT', 'Cuối kỳ'),
  ('D004981', 7.5, '2024-10-07', 'HS12B15', 'LIT', 'Miệng'),
  ('D004982', 4.8, '2024-11-01', 'HS12B15', 'LIT', '1 tiết'),
  ('D004983', 7.5, '2024-10-08', 'HS12B15', 'PHY', 'Cuối kỳ'),
  ('D004984', 7.0, '2024-10-14', 'HS12B15', 'PHY', 'Miệng'),
  ('D004985', 7.1, '2024-09-23', 'HS12B15', 'PHY', '1 tiết'),
  ('D004986', 4.4, '2024-11-23', 'HS12B15', 'CHE', 'Cuối kỳ'),
  ('D004987', 9.8, '2024-09-10', 'HS12B15', 'CHE', '15 phút'),
  ('D004988', 7.5, '2024-10-03', 'HS12B15', 'CHE', 'Miệng'),
  ('D004989', 5.0, '2024-09-26', 'HS12B16', 'CHE', 'Miệng'),
  ('D004990', 6.9, '2024-11-03', 'HS12B16', 'CHE', 'Cuối kỳ'),
  ('D004991', 4.6, '2024-11-22', 'HS12B16', 'CHE', 'Cuối kỳ'),
  ('D004992', 7.8, '2024-10-14', 'HS12B16', 'CHE', '1 tiết'),
  ('D004993', 4.8, '2024-10-27', 'HS12B16', 'CHE', 'Miệng'),
  ('D004994', 6.4, '2024-11-21', 'HS12B16', 'CHE', 'Miệng'),
  ('D004995', 9.2, '2024-11-22', 'HS12B16', 'PHY', '15 phút'),
  ('D004996', 5.5, '2024-11-03', 'HS12B16', 'PHY', '1 tiết'),
  ('D004997', 9.7, '2024-09-23', 'HS12B16', 'PHY', '15 phút'),
  ('D004998', 4.1, '2024-09-02', 'HS12B16', 'PHY', '15 phút'),
  ('D004999', 4.3, '2024-11-14', 'HS12B16', 'HIS', '1 tiết'),
  ('D005000', 9.9, '2024-11-11', 'HS12B16', 'HIS', 'Miệng'),
  ('D005001', 8.1, '2024-09-06', 'HS12B16', 'HIS', '1 tiết'),
  ('D005002', 8.4, '2024-09-10', 'HS12B16', 'HIS', '15 phút'),
  ('D005003', 6.4, '2024-10-02', 'HS12B16', 'GEO', 'Miệng'),
  ('D005004', 5.9, '2024-10-11', 'HS12B16', 'GEO', '15 phút'),
  ('D005005', 4.1, '2024-10-14', 'HS12B16', 'GEO', '15 phút'),
  ('D005006', 9.1, '2024-10-02', 'HS12B17', 'PHY', 'Miệng'),
  ('D005007', 9.9, '2024-09-28', 'HS12B17', 'PHY', '15 phút'),
  ('D005008', 5.1, '2024-09-02', 'HS12B17', 'PHY', '1 tiết'),
  ('D005009', 6.3, '2024-11-01', 'HS12B17', 'PHY', 'Miệng'),
  ('D005010', 9.1, '2024-09-25', 'HS12B17', 'IT', '15 phút'),
  ('D005011', 5.5, '2024-10-07', 'HS12B17', 'IT', '15 phút'),
  ('D005012', 7.5, '2024-09-08', 'HS12B17', 'IT', '15 phút'),
  ('D005013', 5.1, '2024-10-04', 'HS12B17', 'ENG', '15 phút'),
  ('D005014', 4.9, '2024-11-20', 'HS12B17', 'ENG', '1 tiết'),
  ('D005015', 6.0, '2024-10-22', 'HS12B17', 'ENG', '1 tiết'),
  ('D005016', 6.0, '2024-09-10', 'HS12B17', 'ENG', '15 phút'),
  ('D005017', 7.0, '2024-10-25', 'HS12B17', 'ENG', '1 tiết'),
  ('D005018', 6.6, '2024-09-06', 'HS12B17', 'PE', '1 tiết'),
  ('D005019', 7.5, '2024-10-14', 'HS12B17', 'PE', '15 phút'),
  ('D005020', 5.6, '2024-11-02', 'HS12B17', 'PE', '1 tiết'),
  ('D005021', 5.5, '2024-10-21', 'HS12B17', 'PE', 'Cuối kỳ'),
  ('D005022', 7.8, '2024-09-09', 'HS12B17', 'PE', '1 tiết'),
  ('D005023', 5.1, '2024-10-27', 'HS12B17', 'PE', '15 phút'),
  ('D005024', 10.0, '2024-10-12', 'HS12B18', 'BIO', '1 tiết'),
  ('D005025', 7.4, '2024-09-09', 'HS12B18', 'BIO', 'Cuối kỳ'),
  ('D005026', 8.6, '2024-10-06', 'HS12B18', 'BIO', '1 tiết'),
  ('D005027', 8.7, '2024-11-17', 'HS12B18', 'BIO', 'Miệng'),
  ('D005028', 6.5, '2024-09-09', 'HS12B18', 'HIS', 'Cuối kỳ'),
  ('D005029', 8.7, '2024-10-08', 'HS12B18', 'HIS', '15 phút'),
  ('D005030', 6.4, '2024-11-23', 'HS12B18', 'HIS', '1 tiết'),
  ('D005031', 5.0, '2024-10-25', 'HS12B18', 'HIS', '1 tiết'),
  ('D005032', 9.5, '2024-10-14', 'HS12B18', 'HIS', '1 tiết'),
  ('D005033', 8.0, '2024-10-07', 'HS12B18', 'HIS', 'Cuối kỳ'),
  ('D005034', 8.6, '2024-11-18', 'HS12B18', 'LIT', '1 tiết'),
  ('D005035', 8.5, '2024-09-10', 'HS12B18', 'LIT', '15 phút'),
  ('D005036', 9.3, '2024-11-25', 'HS12B18', 'LIT', 'Cuối kỳ'),
  ('D005037', 7.0, '2024-11-05', 'HS12B18', 'LIT', '1 tiết'),
  ('D005038', 6.0, '2024-09-06', 'HS12B18', 'TEC', 'Cuối kỳ'),
  ('D005039', 9.2, '2024-11-14', 'HS12B18', 'TEC', '15 phút'),
  ('D005040', 8.5, '2024-11-08', 'HS12B18', 'TEC', '1 tiết'),
  ('D005041', 7.0, '2024-10-08', 'HS12B19', 'CHE', 'Miệng'),
  ('D005042', 6.5, '2024-09-13', 'HS12B19', 'CHE', '15 phút'),
  ('D005043', 5.8, '2024-10-19', 'HS12B19', 'CHE', '15 phút'),
  ('D005044', 7.7, '2024-11-26', 'HS12B19', 'CHE', 'Miệng'),
  ('D005045', 6.5, '2024-10-28', 'HS12B19', 'CHE', '15 phút'),
  ('D005046', 4.6, '2024-11-21', 'HS12B19', 'PHY', '15 phút'),
  ('D005047', 8.2, '2024-09-01', 'HS12B19', 'PHY', '15 phút'),
  ('D005048', 4.1, '2024-09-16', 'HS12B19', 'PHY', '15 phút'),
  ('D005049', 4.4, '2024-11-06', 'HS12B19', 'TEC', 'Miệng'),
  ('D005050', 9.7, '2024-10-18', 'HS12B19', 'TEC', 'Cuối kỳ'),
  ('D005051', 8.9, '2024-11-23', 'HS12B19', 'TEC', 'Miệng'),
  ('D005052', 7.3, '2024-09-13', 'HS12B19', 'TEC', '1 tiết'),
  ('D005053', 7.4, '2024-09-05', 'HS12B19', 'TEC', 'Miệng'),
  ('D005054', 9.9, '2024-10-26', 'HS12B19', 'TEC', '15 phút'),
  ('D005055', 8.7, '2024-10-13', 'HS12B19', 'HIS', '15 phút'),
  ('D005056', 5.9, '2024-10-27', 'HS12B19', 'HIS', '15 phút'),
  ('D005057', 8.5, '2024-11-06', 'HS12B19', 'HIS', 'Cuối kỳ'),
  ('D005058', 9.1, '2024-10-12', 'HS12B19', 'HIS', 'Cuối kỳ'),
  ('D005059', 5.2, '2024-09-20', 'HS12B19', 'HIS', 'Miệng'),
  ('D005060', 5.3, '2024-11-09', 'HS12B20', 'GEO', 'Miệng'),
  ('D005061', 10.0, '2024-09-06', 'HS12B20', 'GEO', 'Cuối kỳ'),
  ('D005062', 8.2, '2024-10-23', 'HS12B20', 'GEO', '1 tiết'),
  ('D005063', 4.5, '2024-10-15', 'HS12B20', 'ENG', 'Miệng'),
  ('D005064', 6.5, '2024-11-08', 'HS12B20', 'ENG', '15 phút'),
  ('D005065', 6.0, '2024-11-04', 'HS12B20', 'ENG', 'Miệng'),
  ('D005066', 4.6, '2024-10-04', 'HS12B20', 'ENG', '15 phút'),
  ('D005067', 6.1, '2024-11-01', 'HS12B20', 'ENG', 'Miệng'),
  ('D005068', 6.4, '2024-11-08', 'HS12B20', 'ENG', '1 tiết'),
  ('D005069', 8.6, '2024-09-07', 'HS12B20', 'PE', '15 phút'),
  ('D005070', 5.4, '2024-10-07', 'HS12B20', 'PE', 'Cuối kỳ'),
  ('D005071', 9.5, '2024-10-27', 'HS12B20', 'PE', 'Cuối kỳ'),
  ('D005072', 9.7, '2024-10-18', 'HS12B20', 'CHE', 'Miệng'),
  ('D005073', 5.7, '2024-11-18', 'HS12B20', 'CHE', '1 tiết'),
  ('D005074', 4.5, '2024-09-03', 'HS12B20', 'CHE', 'Cuối kỳ'),
  ('D005075', 7.0, '2024-09-02', 'HS12B20', 'CHE', 'Miệng');

SET FOREIGN_KEY_CHECKS=1;
INSERT INTO Phong_Ban_Hanh_Chinh_Loai (Loai_phong_ban, Mo_ta) VALUES
  ('Kế toán', 'Phòng Kế toán'),
  ('Hành chính', 'Phòng Hành chính'),
  ('Y tế', 'Phòng Y tế'),
  ('IT', 'Phòng IT'),
  ('Thư viện', 'Phòng Thư viện'),
  ('Tổng hợp', 'Phòng Tổng hợp');
INSERT INTO Phong_Ban_Hanh_Chinh (Ma_phong_ban, Ten_phong_ban, Loai_phong_ban) VALUES
  ('PB0101', 'Kế toán 1', 'Kế toán'),
  ('PB0102', 'Kế toán 2', 'Kế toán'),
  ('PB0201', 'Hành chính 1', 'Hành chính'),
  ('PB0202', 'Hành chính 2', 'Hành chính'),
  ('PB0301', 'Y tế 1', 'Y tế'),
  ('PB0302', 'Y tế 2', 'Y tế'),
  ('PB0401', 'IT 1', 'IT'),
  ('PB0402', 'IT 2', 'IT'),
  ('PB0501', 'Thư viện 1', 'Thư viện'),
  ('PB0502', 'Thư viện 2', 'Thư viện'),
  ('PB0601', 'Tổng hợp 1', 'Tổng hợp'),
  ('PB0602', 'Tổng hợp 2', 'Tổng hợp');
INSERT INTO Con_Nguoi_Email (ID_con_nguoi, Email) VALUES
  ('GV001', 'anh.hải18@gmail.com'),
  ('GV002', 'anh.vy4@gmail.com'),
  ('GV003', 'anh.lan93@gmail.com'),
  ('GV004', 'hữu.khoa38@gmail.com'),
  ('GV005', 'minh.minh35@gmail.com'),
  ('GV006', 'gia.trung50@gmail.com'),
  ('GV007', 'tuấn.tân99@gmail.com'),
  ('GV008', 'thị.lâm27@gmail.com'),
  ('GV009', 'hữu.tân97@gmail.com'),
  ('GV010', 'tấn.minh55@gmail.com'),
  ('GV011', 'quang.hòa87@gmail.com'),
  ('GV012', 'phúc.lan49@gmail.com'),
  ('GV013', 'ngọc.minh66@gmail.com'),
  ('GV014', 'hữu.lâm89@gmail.com'),
  ('GV015', 'phúc.khoa78@gmail.com'),
  ('GV016', 'phúc.lan64@gmail.com'),
  ('GV017', 'quang.thủy11@gmail.com'),
  ('GV018', 'minh.thu49@gmail.com'),
  ('GV019', 'phúc.hải43@gmail.com'),
  ('GV020', 'phúc.mai87@gmail.com'),
  ('PH0001', 'tấn.hùng78@gmail.com'),
  ('PH0002', 'gia.phúc56@gmail.com'),
  ('PH0003', 'minh.dũng18@gmail.com'),
  ('PH0004', 'hữu.long72@gmail.com'),
  ('PH0005', 'phúc.công54@gmail.com'),
  ('PH0006', 'văn.long73@gmail.com'),
  ('PH0007', 'tấn.dũng15@gmail.com'),
  ('PH0008', 'hữu.hà19@gmail.com'),
  ('PH0009', 'ngọc.công80@gmail.com'),
  ('PH0010', 'quang.long98@gmail.com'),
  ('PH0011', 'minh.hùng73@gmail.com'),
  ('PH0012', 'anh.lan48@gmail.com'),
  ('PH0013', 'quang.hà84@gmail.com'),
  ('PH0014', 'quang.huệ10@gmail.com'),
  ('PH0015', 'anh.dũng43@gmail.com'),
  ('PH0016', 'thị.phúc51@gmail.com'),
  ('PH0017', 'phúc.huệ61@gmail.com'),
  ('PH0018', 'văn.thảo68@gmail.com'),
  ('PH0019', 'thị.vân8@gmail.com'),
  ('PH0020', 'tuấn.thảo7@gmail.com'),
  ('PH0021', 'gia.vân68@gmail.com'),
  ('PH0022', 'anh.hoa74@gmail.com'),
  ('PH0023', 'quang.phúc97@gmail.com'),
  ('PH0024', 'phúc.công37@gmail.com'),
  ('PH0025', 'quang.hoa82@gmail.com'),
  ('PH0026', 'gia.vân8@gmail.com'),
  ('PH0027', 'phúc.bình8@gmail.com'),
  ('PH0028', 'anh.lan31@gmail.com'),
  ('PH0029', 'ngọc.thảo45@gmail.com'),
  ('PH0030', 'ngọc.tuấn50@gmail.com'),
  ('PH0031', 'ngọc.tuấn44@gmail.com'),
  ('PH0032', 'tấn.tuấn88@gmail.com'),
  ('PH0033', 'phúc.quang43@gmail.com'),
  ('PH0034', 'gia.dũng67@gmail.com'),
  ('PH0035', 'quang.thảo84@gmail.com'),
  ('PH0036', 'minh.bình36@gmail.com'),
  ('PH0037', 'ngọc.công83@gmail.com'),
  ('PH0038', 'minh.công62@gmail.com'),
  ('PH0039', 'hữu.nga59@gmail.com'),
  ('PH0040', 'tuấn.thảo46@gmail.com'),
  ('PH0041', 'thị.bình7@gmail.com'),
  ('PH0042', 'phúc.long6@gmail.com'),
  ('PH0043', 'tấn.công82@gmail.com'),
  ('PH0044', 'phúc.minh14@gmail.com'),
  ('PH0045', 'quang.hà67@gmail.com'),
  ('PH0046', 'minh.quang49@gmail.com'),
  ('PH0047', 'gia.vân58@gmail.com'),
  ('PH0048', 'văn.huệ63@gmail.com'),
  ('PH0049', 'tuấn.hùng71@gmail.com'),
  ('PH0050', 'tấn.dũng5@gmail.com'),
  ('PH0051', 'gia.minh78@gmail.com'),
  ('PH0052', 'hữu.hoa20@gmail.com'),
  ('PH0053', 'quang.lan85@gmail.com'),
  ('PH0054', 'tuấn.hoa52@gmail.com'),
  ('PH0055', 'văn.quang68@gmail.com'),
  ('PH0056', 'tấn.huệ83@gmail.com'),
  ('PH0057', 'gia.công62@gmail.com'),
  ('PH0058', 'tuấn.huệ56@gmail.com'),
  ('PH0059', 'văn.lan14@gmail.com'),
  ('PH0060', 'anh.quang67@gmail.com'),
  ('PH0061', 'minh.dũng55@gmail.com'),
  ('PH0062', 'quang.dũng55@gmail.com'),
  ('PH0063', 'tấn.hoa11@gmail.com'),
  ('PH0064', 'phúc.vân74@gmail.com'),
  ('PH0065', 'quang.hà50@gmail.com'),
  ('PH0066', 'quang.minh46@gmail.com'),
  ('PH0067', 'minh.vân95@gmail.com'),
  ('PH0068', 'hữu.phúc26@gmail.com'),
  ('PH0069', 'anh.long26@gmail.com'),
  ('PH0070', 'anh.tuấn53@gmail.com'),
  ('PH0071', 'anh.phúc61@gmail.com'),
  ('PH0072', 'minh.huệ93@gmail.com'),
  ('PH0073', 'phúc.hà4@gmail.com'),
  ('PH0074', 'gia.phúc69@gmail.com'),
  ('PH0075', 'gia.nga48@gmail.com'),
  ('PH0076', 'quang.lan33@gmail.com'),
  ('PH0077', 'phúc.bình83@gmail.com'),
  ('PH0078', 'tấn.lan9@gmail.com'),
  ('PH0079', 'hữu.thảo45@gmail.com'),
  ('PH0080', 'văn.hùng42@gmail.com'),
  ('PH0081', 'phúc.vân91@gmail.com'),
  ('PH0082', 'hữu.quang70@gmail.com'),
  ('PH0083', 'văn.dũng32@gmail.com'),
  ('PH0084', 'phúc.công31@gmail.com'),
  ('PH0085', 'gia.hoa75@gmail.com'),
  ('PH0086', 'anh.dũng76@gmail.com'),
  ('PH0087', 'ngọc.hà21@gmail.com'),
  ('PH0088', 'tuấn.hà21@gmail.com'),
  ('PH0089', 'tấn.tuấn52@gmail.com'),
  ('PH0090', 'văn.dũng19@gmail.com'),
  ('PH0091', 'văn.minh60@gmail.com'),
  ('PH0092', 'tấn.huệ43@gmail.com'),
  ('PH0093', 'gia.hà6@gmail.com'),
  ('PH0094', 'anh.dũng88@gmail.com'),
  ('PH0095', 'hữu.huệ70@gmail.com'),
  ('PH0096', 'tuấn.hà55@gmail.com'),
  ('PH0097', 'hữu.hoa71@gmail.com'),
  ('PH0098', 'ngọc.huệ78@gmail.com'),
  ('PH0099', 'quang.công1@gmail.com'),
  ('PH0100', 'thị.vân1@gmail.com'),
  ('PH0101', 'minh.hà66@gmail.com'),
  ('PH0102', 'văn.dũng27@gmail.com'),
  ('PH0103', 'anh.thảo60@gmail.com'),
  ('PH0104', 'minh.thảo62@gmail.com'),
  ('PH0105', 'văn.vân56@gmail.com'),
  ('PH0106', 'tuấn.bình72@gmail.com'),
  ('PH0107', 'ngọc.tuấn29@gmail.com'),
  ('PH0108', 'anh.phúc41@gmail.com'),
  ('PH0109', 'văn.nga82@gmail.com'),
  ('PH0110', 'hữu.vân95@gmail.com'),
  ('PH0111', 'hữu.minh22@gmail.com'),
  ('PH0112', 'tuấn.lan17@gmail.com'),
  ('PH0113', 'anh.hùng48@gmail.com'),
  ('PH0114', 'tuấn.quang55@gmail.com'),
  ('PH0115', 'gia.minh31@gmail.com'),
  ('PH0116', 'tấn.nga70@gmail.com'),
  ('PH0117', 'thị.thảo25@gmail.com'),
  ('PH0118', 'quang.tuấn69@gmail.com'),
  ('PH0119', 'minh.lan61@gmail.com'),
  ('PH0120', 'thị.huệ93@gmail.com'),
  ('PH0121', 'ngọc.bình82@gmail.com'),
  ('PH0122', 'tấn.vân98@gmail.com'),
  ('PH0123', 'anh.dũng72@gmail.com'),
  ('PH0124', 'văn.dũng62@gmail.com'),
  ('PH0125', 'hữu.nga61@gmail.com'),
  ('PH0126', 'gia.quang96@gmail.com'),
  ('PH0127', 'hữu.bình16@gmail.com'),
  ('PH0128', 'văn.huệ38@gmail.com'),
  ('PH0129', 'hữu.vân41@gmail.com'),
  ('PH0130', 'minh.hùng89@gmail.com'),
  ('PH0131', 'ngọc.huệ84@gmail.com'),
  ('PH0132', 'văn.vân50@gmail.com'),
  ('PH0133', 'anh.hoa1@gmail.com'),
  ('PH0134', 'tuấn.hà8@gmail.com'),
  ('PH0135', 'tấn.lan57@gmail.com'),
  ('PH0136', 'phúc.phúc19@gmail.com'),
  ('PH0137', 'quang.bình7@gmail.com'),
  ('PH0138', 'hữu.minh92@gmail.com'),
  ('PH0139', 'ngọc.nga19@gmail.com'),
  ('PH0140', 'minh.bình38@gmail.com'),
  ('PH0141', 'văn.long63@gmail.com'),
  ('PH0142', 'văn.hùng87@gmail.com'),
  ('PH0143', 'hữu.công45@gmail.com'),
  ('PH0144', 'anh.nga62@gmail.com'),
  ('PH0145', 'văn.hùng58@gmail.com'),
  ('PH0146', 'tấn.lan13@gmail.com'),
  ('PH0147', 'thị.công92@gmail.com'),
  ('PH0148', 'tấn.dũng16@gmail.com'),
  ('PH0149', 'thị.hùng75@gmail.com'),
  ('PH0150', 'phúc.bình61@gmail.com'),
  ('PH0151', 'anh.minh49@gmail.com'),
  ('PH0152', 'ngọc.thảo91@gmail.com'),
  ('PH0153', 'minh.hoa56@gmail.com'),
  ('PH0154', 'minh.vân99@gmail.com'),
  ('PH0155', 'ngọc.vân52@gmail.com'),
  ('PH0156', 'anh.hùng53@gmail.com'),
  ('PH0157', 'minh.dũng6@gmail.com'),
  ('PH0158', 'hữu.minh79@gmail.com'),
  ('PH0159', 'phúc.bình68@gmail.com'),
  ('PH0160', 'tấn.dũng25@gmail.com'),
  ('PH0161', 'quang.nga35@gmail.com'),
  ('PH0162', 'anh.hoa3@gmail.com'),
  ('PH0163', 'văn.nga92@gmail.com'),
  ('PH0164', 'anh.bình20@gmail.com'),
  ('PH0165', 'gia.minh37@gmail.com'),
  ('PH0166', 'tấn.thảo87@gmail.com'),
  ('PH0167', 'phúc.thảo88@gmail.com'),
  ('PH0168', 'quang.long26@gmail.com'),
  ('PH0169', 'văn.hùng80@gmail.com'),
  ('PH0170', 'quang.quang89@gmail.com'),
  ('PH0171', 'minh.lan17@gmail.com'),
  ('PH0172', 'gia.nga75@gmail.com'),
  ('PH0173', 'quang.huệ98@gmail.com'),
  ('PH0174', 'hữu.quang32@gmail.com'),
  ('PH0175', 'tấn.vân91@gmail.com'),
  ('PH0176', 'gia.thảo59@gmail.com'),
  ('PH0177', 'ngọc.hùng47@gmail.com'),
  ('PH0178', 'gia.quang62@gmail.com'),
  ('PH0179', 'anh.vân54@gmail.com'),
  ('PH0180', 'gia.quang98@gmail.com'),
  ('PH0181', 'tuấn.vân43@gmail.com'),
  ('PH0182', 'anh.hà82@gmail.com'),
  ('PH0183', 'anh.hùng15@gmail.com'),
  ('PH0184', 'ngọc.công43@gmail.com'),
  ('PH0185', 'thị.lan96@gmail.com'),
  ('PH0186', 'tấn.tuấn6@gmail.com'),
  ('PH0187', 'thị.nga51@gmail.com'),
  ('PH0188', 'anh.lan54@gmail.com'),
  ('PH0189', 'tấn.dũng4@gmail.com'),
  ('PH0190', 'tuấn.công5@gmail.com'),
  ('PH0191', 'phúc.quang52@gmail.com'),
  ('PH0192', 'hữu.hà72@gmail.com'),
  ('PH0193', 'tấn.thảo92@gmail.com'),
  ('PH0194', 'văn.công86@gmail.com'),
  ('PH0195', 'ngọc.quang60@gmail.com'),
  ('PH0196', 'gia.hùng77@gmail.com'),
  ('PH0197', 'văn.quang72@gmail.com'),
  ('PH0198', 'hữu.bình29@gmail.com'),
  ('PH0199', 'văn.công37@gmail.com'),
  ('PH0200', 'thị.phúc65@gmail.com'),
  ('PH0201', 'anh.hà46@gmail.com'),
  ('PH0202', 'tấn.công12@gmail.com'),
  ('PH0203', 'hữu.bình24@gmail.com'),
  ('PH0204', 'phúc.minh37@gmail.com'),
  ('PH0205', 'thị.huệ52@gmail.com'),
  ('PH0206', 'thị.bình73@gmail.com'),
  ('PH0207', 'tấn.công33@gmail.com'),
  ('PH0208', 'văn.công32@gmail.com'),
  ('PH0209', 'gia.minh53@gmail.com'),
  ('PH0210', 'hữu.long50@gmail.com'),
  ('PH0211', 'ngọc.minh87@gmail.com'),
  ('PH0212', 'phúc.bình20@gmail.com'),
  ('PH0213', 'phúc.bình27@gmail.com'),
  ('PH0214', 'quang.thảo64@gmail.com'),
  ('PH0215', 'tấn.nga85@gmail.com'),
  ('PH0216', 'ngọc.tuấn55@gmail.com'),
  ('PH0217', 'tấn.minh19@gmail.com'),
  ('PH0218', 'quang.huệ19@gmail.com'),
  ('PH0219', 'thị.bình51@gmail.com'),
  ('PH0220', 'văn.dũng43@gmail.com'),
  ('PH0221', 'quang.công76@gmail.com'),
  ('PH0222', 'tấn.huệ93@gmail.com'),
  ('PH0223', 'gia.minh86@gmail.com'),
  ('PH0224', 'tuấn.dũng38@gmail.com'),
  ('PH0225', 'anh.minh6@gmail.com'),
  ('PH0226', 'quang.công89@gmail.com'),
  ('PH0227', 'hữu.lan19@gmail.com'),
  ('PH0228', 'tấn.hùng70@gmail.com'),
  ('PH0229', 'thị.vân86@gmail.com'),
  ('PH0230', 'anh.long12@gmail.com'),
  ('PH0231', 'anh.công86@gmail.com'),
  ('PH0232', 'phúc.quang3@gmail.com'),
  ('PH0233', 'minh.hùng12@gmail.com'),
  ('PH0234', 'ngọc.vân4@gmail.com'),
  ('PH0235', 'phúc.hùng99@gmail.com'),
  ('PH0236', 'tuấn.hà36@gmail.com'),
  ('PH0237', 'tuấn.minh19@gmail.com'),
  ('PH0238', 'minh.tuấn15@gmail.com'),
  ('PH0239', 'thị.quang84@gmail.com'),
  ('PH0240', 'minh.dũng94@gmail.com'),
  ('PH0241', 'minh.phúc83@gmail.com'),
  ('PH0242', 'ngọc.thảo31@gmail.com'),
  ('PH0243', 'tuấn.công54@gmail.com'),
  ('PH0244', 'thị.tuấn28@gmail.com'),
  ('PH0245', 'tuấn.quang77@gmail.com'),
  ('PH0246', 'hữu.phúc2@gmail.com'),
  ('PH0247', 'hữu.hoa8@gmail.com'),
  ('PH0248', 'ngọc.phúc93@gmail.com'),
  ('PH0249', 'minh.long76@gmail.com'),
  ('PH0250', 'tuấn.lan68@gmail.com'),
  ('PH0251', 'quang.thảo76@gmail.com'),
  ('PH0252', 'tấn.long9@gmail.com'),
  ('PH0253', 'anh.hà57@gmail.com'),
  ('PH0254', 'tấn.hà15@gmail.com'),
  ('PH0255', 'quang.huệ40@gmail.com'),
  ('PH0256', 'phúc.tuấn6@gmail.com'),
  ('PH0257', 'ngọc.hùng68@gmail.com'),
  ('PH0258', 'ngọc.vân30@gmail.com'),
  ('PH0259', 'hữu.lan90@gmail.com'),
  ('PH0260', 'tấn.hoa9@gmail.com'),
  ('PH0261', 'ngọc.hà70@gmail.com'),
  ('PH0262', 'tấn.hà97@gmail.com'),
  ('PH0263', 'thị.huệ80@gmail.com'),
  ('PH0264', 'tuấn.hùng80@gmail.com'),
  ('PH0265', 'văn.minh7@gmail.com'),
  ('PH0266', 'minh.bình91@gmail.com'),
  ('PH0267', 'tấn.nga82@gmail.com'),
  ('PH0268', 'văn.phúc54@gmail.com'),
  ('PH0269', 'ngọc.tuấn12@gmail.com'),
  ('PH0270', 'minh.hà99@gmail.com'),
  ('PH0271', 'ngọc.hùng51@gmail.com'),
  ('PH0272', 'tấn.công69@gmail.com'),
  ('PH0273', 'văn.minh4@gmail.com'),
  ('PH0274', 'văn.hà11@gmail.com'),
  ('PH0275', 'tuấn.hoa18@gmail.com'),
  ('PH0276', 'tuấn.hà55@gmail.com'),
  ('PH0277', 'văn.quang9@gmail.com'),
  ('PH0278', 'gia.bình98@gmail.com'),
  ('PH0279', 'thị.hà39@gmail.com'),
  ('PH0280', 'tuấn.long90@gmail.com'),
  ('PH0281', 'anh.hùng99@gmail.com'),
  ('PH0282', 'gia.dũng1@gmail.com'),
  ('PH0283', 'tuấn.vân92@gmail.com'),
  ('PH0284', 'tấn.dũng10@gmail.com'),
  ('PH0285', 'hữu.thảo5@gmail.com'),
  ('PH0286', 'gia.công88@gmail.com'),
  ('PH0287', 'minh.thảo28@gmail.com'),
  ('PH0288', 'quang.huệ2@gmail.com'),
  ('PH0289', 'gia.long56@gmail.com'),
  ('PH0290', 'thị.dũng26@gmail.com'),
  ('PH0291', 'tấn.phúc58@gmail.com'),
  ('HS6A01', 'ngọc.em65@gmail.com'),
  ('HS6A02', 'tấn.linh18@gmail.com'),
  ('HS6A03', 'tấn.an72@gmail.com'),
  ('HS6A04', 'quang.hoa16@gmail.com'),
  ('HS6A05', 'anh.hoài18@gmail.com'),
  ('HS6A06', 'văn.khánh55@gmail.com'),
  ('HS6A07', 'văn.lan30@gmail.com'),
  ('HS6A08', 'tấn.hạnh53@gmail.com'),
  ('HS6A09', 'văn.việt83@gmail.com'),
  ('HS6A10', 'anh.hà97@gmail.com'),
  ('HS6A11', 'tuấn.cường52@gmail.com'),
  ('HS6A12', 'gia.lan55@gmail.com'),
  ('HS6A13', 'ngọc.vân89@gmail.com'),
  ('HS6A14', 'tấn.thảo66@gmail.com'),
  ('HS6A15', 'gia.em62@gmail.com'),
  ('HS6A16', 'minh.trang17@gmail.com'),
  ('HS6A17', 'hữu.nam68@gmail.com'),
  ('HS6A18', 'hữu.tú28@gmail.com'),
  ('HS6A19', 'tấn.mai31@gmail.com'),
  ('HS6A20', 'tuấn.nga70@gmail.com'),
  ('HS6B01', 'gia.an86@gmail.com'),
  ('HS6B02', 'tuấn.huy46@gmail.com'),
  ('HS6B03', 'phúc.tuấn12@gmail.com'),
  ('HS6B04', 'văn.khánh51@gmail.com'),
  ('HS6B05', 'văn.trang21@gmail.com'),
  ('HS6B06', 'gia.nga52@gmail.com'),
  ('HS6B07', 'phúc.tuấn76@gmail.com'),
  ('HS6B08', 'tuấn.khánh24@gmail.com'),
  ('HS6B09', 'anh.an56@gmail.com'),
  ('HS6B10', 'tuấn.bảo57@gmail.com'),
  ('HS6B11', 'ngọc.hoài89@gmail.com'),
  ('HS6B12', 'tấn.minh2@gmail.com'),
  ('HS6B13', 'tuấn.linh90@gmail.com'),
  ('HS6B14', 'tuấn.quỳnh58@gmail.com'),
  ('HS6B15', 'văn.hoa51@gmail.com'),
  ('HS6B16', 'hữu.hoài51@gmail.com'),
  ('HS6B17', 'văn.bảo22@gmail.com'),
  ('HS6B18', 'gia.minh71@gmail.com'),
  ('HS6B19', 'quang.hoài78@gmail.com'),
  ('HS6B20', 'tuấn.thảo78@gmail.com'),
  ('HS7A01', 'tấn.trang60@gmail.com'),
  ('HS7A02', 'tấn.minh75@gmail.com'),
  ('HS7A03', 'văn.phương31@gmail.com'),
  ('HS7A04', 'tấn.phương73@gmail.com'),
  ('HS7A05', 'phúc.khang14@gmail.com'),
  ('HS7A06', 'minh.lan42@gmail.com'),
  ('HS7A07', 'thị.mai80@gmail.com'),
  ('HS7A08', 'minh.em62@gmail.com'),
  ('HS7A09', 'gia.vân20@gmail.com'),
  ('HS7A10', 'tuấn.vân42@gmail.com'),
  ('HS7A11', 'văn.duy64@gmail.com'),
  ('HS7A12', 'anh.hạnh38@gmail.com'),
  ('HS7A13', 'văn.quỳnh71@gmail.com'),
  ('HS7A14', 'tuấn.hoài72@gmail.com'),
  ('HS7A15', 'thị.duy95@gmail.com'),
  ('HS7A16', 'tấn.nga4@gmail.com'),
  ('HS7A17', 'thị.khánh4@gmail.com'),
  ('HS7A18', 'quang.phương91@gmail.com'),
  ('HS7A19', 'quang.an16@gmail.com'),
  ('HS7A20', 'minh.hà14@gmail.com'),
  ('HS7B01', 'ngọc.hạnh43@gmail.com'),
  ('HS7B02', 'tuấn.hạnh71@gmail.com'),
  ('HS7B03', 'anh.quỳnh25@gmail.com'),
  ('HS7B04', 'văn.hoài9@gmail.com'),
  ('HS7B05', 'anh.trang76@gmail.com'),
  ('HS7B06', 'tấn.hạnh51@gmail.com'),
  ('HS7B07', 'phúc.sơn12@gmail.com'),
  ('HS7B08', 'anh.phương69@gmail.com'),
  ('HS7B09', 'tuấn.linh11@gmail.com'),
  ('HS7B10', 'ngọc.linh15@gmail.com'),
  ('HS7B11', 'tấn.huy68@gmail.com'),
  ('HS7B12', 'tấn.phương6@gmail.com'),
  ('HS7B13', 'ngọc.nam84@gmail.com'),
  ('HS7B14', 'tuấn.quỳnh6@gmail.com'),
  ('HS7B15', 'ngọc.tú92@gmail.com'),
  ('HS7B16', 'tấn.việt24@gmail.com'),
  ('HS7B17', 'quang.minh35@gmail.com'),
  ('HS7B18', 'văn.tuấn91@gmail.com'),
  ('HS7B19', 'thị.nga24@gmail.com'),
  ('HS7B20', 'tuấn.nam58@gmail.com'),
  ('HS8A01', 'quang.vân63@gmail.com'),
  ('HS8A02', 'gia.hoài82@gmail.com'),
  ('HS8A03', 'minh.mai7@gmail.com'),
  ('HS8A04', 'phúc.cường30@gmail.com'),
  ('HS8A05', 'ngọc.cường3@gmail.com'),
  ('HS8A06', 'thị.hạnh76@gmail.com'),
  ('HS8A07', 'quang.minh3@gmail.com'),
  ('HS8A08', 'phúc.trang14@gmail.com'),
  ('HS8A09', 'gia.an44@gmail.com'),
  ('HS8A10', 'hữu.vân2@gmail.com'),
  ('HS8A11', 'tấn.ngọc83@gmail.com'),
  ('HS8A12', 'gia.hà51@gmail.com'),
  ('HS8A13', 'anh.khang5@gmail.com'),
  ('HS8A14', 'gia.an36@gmail.com'),
  ('HS8A15', 'tuấn.bảo74@gmail.com'),
  ('HS8A16', 'ngọc.em52@gmail.com'),
  ('HS8A17', 'anh.hà83@gmail.com'),
  ('HS8A18', 'thị.huy45@gmail.com'),
  ('HS8A19', 'tấn.thảo24@gmail.com'),
  ('HS8A20', 'tuấn.phương30@gmail.com'),
  ('HS8B01', 'anh.cường53@gmail.com'),
  ('HS8B02', 'văn.linh27@gmail.com'),
  ('HS8B03', 'phúc.quỳnh82@gmail.com'),
  ('HS8B04', 'minh.khang3@gmail.com'),
  ('HS8B05', 'tấn.phương22@gmail.com'),
  ('HS8B06', 'hữu.minh2@gmail.com'),
  ('HS8B07', 'minh.nga82@gmail.com'),
  ('HS8B08', 'gia.nga3@gmail.com'),
  ('HS8B09', 'thị.cường34@gmail.com'),
  ('HS8B10', 'tuấn.ngọc50@gmail.com'),
  ('HS8B11', 'phúc.khang91@gmail.com'),
  ('HS8B12', 'văn.trang18@gmail.com'),
  ('HS8B13', 'ngọc.hạnh90@gmail.com'),
  ('HS8B14', 'tấn.huy58@gmail.com'),
  ('HS8B15', 'minh.an31@gmail.com'),
  ('HS8B16', 'minh.thảo95@gmail.com'),
  ('HS8B17', 'gia.minh37@gmail.com'),
  ('HS8B18', 'văn.vân90@gmail.com'),
  ('HS8B19', 'tuấn.bảo64@gmail.com'),
  ('HS8B20', 'văn.nga83@gmail.com'),
  ('HS9A01', 'minh.việt40@gmail.com'),
  ('HS9A02', 'tấn.trang85@gmail.com'),
  ('HS9A03', 'văn.hà48@gmail.com'),
  ('HS9A04', 'quang.mai87@gmail.com'),
  ('HS9A05', 'minh.thảo33@gmail.com'),
  ('HS9A06', 'tấn.sơn93@gmail.com'),
  ('HS9A07', 'hữu.hoài70@gmail.com'),
  ('HS9A08', 'tấn.trang27@gmail.com'),
  ('HS9A09', 'quang.hoài83@gmail.com'),
  ('HS9A10', 'quang.trang33@gmail.com'),
  ('HS9A11', 'tấn.ngọc29@gmail.com'),
  ('HS9A12', 'gia.nam43@gmail.com'),
  ('HS9A13', 'tuấn.vân36@gmail.com'),
  ('HS9A14', 'anh.sơn84@gmail.com'),
  ('HS9A15', 'minh.sơn71@gmail.com'),
  ('HS9A16', 'anh.duy85@gmail.com'),
  ('HS9A17', 'thị.hạnh46@gmail.com'),
  ('HS9A18', 'thị.hạnh26@gmail.com'),
  ('HS9A19', 'văn.an96@gmail.com'),
  ('HS9A20', 'thị.nga65@gmail.com'),
  ('HS9B01', 'tuấn.vân38@gmail.com'),
  ('HS9B02', 'quang.vân95@gmail.com'),
  ('HS9B03', 'quang.hạnh85@gmail.com'),
  ('HS9B04', 'anh.tú84@gmail.com'),
  ('HS9B05', 'tấn.ngọc55@gmail.com'),
  ('HS9B06', 'anh.khang21@gmail.com'),
  ('HS9B07', 'ngọc.ngọc64@gmail.com'),
  ('HS9B08', 'quang.lan56@gmail.com'),
  ('HS9B09', 'tấn.khang39@gmail.com'),
  ('HS9B10', 'hữu.linh41@gmail.com'),
  ('HS9B11', 'anh.phương20@gmail.com'),
  ('HS9B12', 'tuấn.việt85@gmail.com'),
  ('HS9B13', 'phúc.bảo61@gmail.com'),
  ('HS9B14', 'ngọc.trang68@gmail.com'),
  ('HS9B15', 'gia.hà1@gmail.com'),
  ('HS9B16', 'minh.khánh78@gmail.com'),
  ('HS9B17', 'tấn.sơn32@gmail.com'),
  ('HS9B18', 'tấn.sơn99@gmail.com'),
  ('HS9B19', 'tuấn.hoài53@gmail.com'),
  ('HS9B20', 'minh.sơn72@gmail.com'),
  ('HS10A01', 'minh.quỳnh85@gmail.com'),
  ('HS10A02', 'gia.duy33@gmail.com'),
  ('HS10A03', 'minh.an32@gmail.com'),
  ('HS10A04', 'thị.phương77@gmail.com'),
  ('HS10A05', 'ngọc.quỳnh69@gmail.com'),
  ('HS10A06', 'tuấn.vân46@gmail.com'),
  ('HS10A07', 'gia.bảo98@gmail.com'),
  ('HS10A08', 'anh.trang41@gmail.com'),
  ('HS10A09', 'anh.nam47@gmail.com'),
  ('HS10A10', 'minh.trang77@gmail.com'),
  ('HS10A11', 'tuấn.trang69@gmail.com'),
  ('HS10A12', 'thị.hoài52@gmail.com'),
  ('HS10A13', 'minh.ngọc22@gmail.com'),
  ('HS10A14', 'thị.phương7@gmail.com'),
  ('HS10A15', 'tuấn.vân26@gmail.com'),
  ('HS10A16', 'thị.bảo23@gmail.com'),
  ('HS10A17', 'hữu.lan98@gmail.com'),
  ('HS10A18', 'quang.ngọc73@gmail.com'),
  ('HS10A19', 'tấn.linh90@gmail.com'),
  ('HS10A20', 'gia.hoa58@gmail.com'),
  ('HS10B01', 'anh.bảo95@gmail.com'),
  ('HS10B02', 'văn.sơn19@gmail.com'),
  ('HS10B03', 'tấn.hạnh41@gmail.com'),
  ('HS10B04', 'anh.tuấn82@gmail.com'),
  ('HS10B05', 'minh.tú86@gmail.com'),
  ('HS10B06', 'anh.tú88@gmail.com'),
  ('HS10B07', 'hữu.trang31@gmail.com'),
  ('HS10B08', 'anh.nam4@gmail.com'),
  ('HS10B09', 'thị.trang54@gmail.com'),
  ('HS10B10', 'gia.việt43@gmail.com'),
  ('HS10B11', 'văn.cường45@gmail.com'),
  ('HS10B12', 'tuấn.ngọc46@gmail.com'),
  ('HS10B13', 'gia.nam87@gmail.com'),
  ('HS10B14', 'tuấn.tuấn89@gmail.com'),
  ('HS10B15', 'anh.vân1@gmail.com'),
  ('HS10B16', 'quang.khang44@gmail.com'),
  ('HS10B17', 'văn.cường85@gmail.com'),
  ('HS10B18', 'hữu.nga72@gmail.com'),
  ('HS10B19', 'tuấn.tuấn40@gmail.com'),
  ('HS10B20', 'văn.ngọc44@gmail.com'),
  ('HS11A01', 'văn.khánh9@gmail.com'),
  ('HS11A02', 'quang.việt60@gmail.com'),
  ('HS11A03', 'thị.hà34@gmail.com'),
  ('HS11A04', 'hữu.ngọc29@gmail.com'),
  ('HS11A05', 'thị.cường80@gmail.com'),
  ('HS11A06', 'hữu.khánh25@gmail.com'),
  ('HS11A07', 'hữu.hà93@gmail.com'),
  ('HS11A08', 'tuấn.linh15@gmail.com'),
  ('HS11A09', 'văn.khánh31@gmail.com'),
  ('HS11A10', 'gia.nam46@gmail.com'),
  ('HS11A11', 'thị.an4@gmail.com'),
  ('HS11A12', 'minh.khang22@gmail.com'),
  ('HS11A13', 'hữu.lan46@gmail.com'),
  ('HS11A14', 'anh.cường59@gmail.com'),
  ('HS11A15', 'anh.ngọc20@gmail.com'),
  ('HS11A16', 'văn.lan56@gmail.com'),
  ('HS11A17', 'văn.linh24@gmail.com'),
  ('HS11A18', 'văn.lan45@gmail.com'),
  ('HS11A19', 'văn.nam89@gmail.com'),
  ('HS11A20', 'anh.trang68@gmail.com'),
  ('HS11B01', 'ngọc.hà64@gmail.com'),
  ('HS11B02', 'gia.mai68@gmail.com'),
  ('HS11B03', 'tấn.khang71@gmail.com'),
  ('HS11B04', 'gia.quỳnh45@gmail.com'),
  ('HS11B05', 'văn.huy44@gmail.com'),
  ('HS11B06', 'văn.quỳnh34@gmail.com'),
  ('HS11B07', 'gia.tú97@gmail.com'),
  ('HS11B08', 'hữu.bảo6@gmail.com'),
  ('HS11B09', 'tuấn.hà81@gmail.com'),
  ('HS11B10', 'phúc.phương75@gmail.com'),
  ('HS11B11', 'anh.sơn42@gmail.com'),
  ('HS11B12', 'anh.duy11@gmail.com'),
  ('HS11B13', 'tấn.việt86@gmail.com'),
  ('HS11B14', 'anh.huy45@gmail.com'),
  ('HS11B15', 'minh.nga41@gmail.com'),
  ('HS11B16', 'phúc.cường89@gmail.com'),
  ('HS11B17', 'minh.hà90@gmail.com'),
  ('HS11B18', 'hữu.cường98@gmail.com'),
  ('HS11B19', 'thị.sơn18@gmail.com'),
  ('HS11B20', 'hữu.vân24@gmail.com'),
  ('HS12A01', 'anh.sơn14@gmail.com'),
  ('HS12A02', 'ngọc.nga59@gmail.com'),
  ('HS12A03', 'tấn.mai32@gmail.com'),
  ('HS12A04', 'hữu.vân33@gmail.com'),
  ('HS12A05', 'anh.nga13@gmail.com'),
  ('HS12A06', 'minh.mai12@gmail.com'),
  ('HS12A07', 'anh.an41@gmail.com'),
  ('HS12A08', 'quang.cường48@gmail.com'),
  ('HS12A09', 'anh.tú93@gmail.com'),
  ('HS12A10', 'hữu.tuấn98@gmail.com'),
  ('HS12A11', 'thị.hoài33@gmail.com'),
  ('HS12A12', 'quang.duy23@gmail.com'),
  ('HS12A13', 'quang.quỳnh4@gmail.com'),
  ('HS12A14', 'tấn.nga33@gmail.com'),
  ('HS12A15', 'thị.phương16@gmail.com'),
  ('HS12A16', 'tuấn.cường84@gmail.com'),
  ('HS12A17', 'phúc.nga51@gmail.com'),
  ('HS12A18', 'anh.hoài2@gmail.com'),
  ('HS12A19', 'tuấn.quỳnh80@gmail.com'),
  ('HS12A20', 'anh.vân55@gmail.com'),
  ('HS12B01', 'tuấn.hà30@gmail.com'),
  ('HS12B02', 'ngọc.bảo78@gmail.com'),
  ('HS12B03', 'phúc.minh31@gmail.com'),
  ('HS12B04', 'thị.việt31@gmail.com'),
  ('HS12B05', 'quang.lan77@gmail.com'),
  ('HS12B06', 'gia.khánh10@gmail.com'),
  ('HS12B07', 'quang.phương96@gmail.com'),
  ('HS12B08', 'tuấn.huy8@gmail.com'),
  ('HS12B09', 'gia.khánh43@gmail.com'),
  ('HS12B10', 'minh.quỳnh92@gmail.com'),
  ('HS12B11', 'phúc.tú93@gmail.com'),
  ('HS12B12', 'tuấn.tú76@gmail.com'),
  ('HS12B13', 'anh.khánh19@gmail.com'),
  ('HS12B14', 'anh.khánh87@gmail.com'),
  ('HS12B15', 'quang.khang57@gmail.com'),
  ('HS12B16', 'gia.nam87@gmail.com'),
  ('HS12B17', 'ngọc.phương23@gmail.com'),
  ('HS12B18', 'gia.hà36@gmail.com'),
  ('HS12B19', 'tuấn.khánh68@gmail.com'),
  ('HS12B20', 'hữu.thảo68@gmail.com'),
  ('NV001', 'phúc.thủy40@gmail.com'),
  ('NV002', 'ngọc.tùng45@gmail.com'),
  ('NV003', 'quang.minh85@gmail.com'),
  ('NV004', 'thị.lan84@gmail.com'),
  ('NV005', 'hữu.hải8@gmail.com'),
  ('NV006', 'ngọc.thu48@gmail.com'),
  ('NV007', 'gia.vy32@gmail.com'),
  ('NV008', 'thị.vy39@gmail.com'),
  ('NV009', 'hữu.hải6@gmail.com'),
  ('NV010', 'ngọc.chi71@gmail.com');
INSERT INTO Con_Nguoi_Sdt (ID_con_nguoi, So_dien_thoai) VALUES
  ('GV001', '0930340520'),
  ('GV002', '0916578058'),
  ('GV003', '0979523757'),
  ('GV004', '0977562491'),
  ('GV005', '0926978567'),
  ('GV006', '0943974167'),
  ('GV007', '0982898620'),
  ('GV008', '0937459975'),
  ('GV009', '0938523451'),
  ('GV010', '0970580360'),
  ('GV011', '0987343932'),
  ('GV012', '0913079083'),
  ('GV013', '0932331898'),
  ('GV014', '0982512113'),
  ('GV015', '0964421487'),
  ('GV016', '0995649359'),
  ('GV017', '0937762332'),
  ('GV018', '0911171326'),
  ('GV019', '0995914779'),
  ('GV020', '0943983200'),
  ('PH0001', '0948391676'),
  ('PH0002', '0990449296'),
  ('PH0003', '0913224827'),
  ('PH0004', '0959723863'),
  ('PH0005', '0947571801'),
  ('PH0006', '0916979130'),
  ('PH0007', '0935205716'),
  ('PH0008', '0945104776'),
  ('PH0009', '0959605688'),
  ('PH0010', '0922560324'),
  ('PH0011', '0938876806'),
  ('PH0012', '0916699946'),
  ('PH0013', '0910122731'),
  ('PH0014', '0924533256'),
  ('PH0015', '0949161178'),
  ('PH0016', '0924726965'),
  ('PH0017', '0956302514'),
  ('PH0018', '0996205603'),
  ('PH0019', '0982597478'),
  ('PH0020', '0939089965'),
  ('PH0021', '0978393472'),
  ('PH0022', '0995754703'),
  ('PH0023', '0914794568'),
  ('PH0024', '0944263221'),
  ('PH0025', '0919145290'),
  ('PH0026', '0947828666'),
  ('PH0027', '0946499069'),
  ('PH0028', '0918573074'),
  ('PH0029', '0964447687'),
  ('PH0030', '0978312956'),
  ('PH0031', '0920180118'),
  ('PH0032', '0938665803'),
  ('PH0033', '0935626483'),
  ('PH0034', '0995135030'),
  ('PH0035', '0923828160'),
  ('PH0036', '0979129054'),
  ('PH0037', '0939157658'),
  ('PH0038', '0951646995'),
  ('PH0039', '0952911928'),
  ('PH0040', '0977872004'),
  ('PH0041', '0936452300'),
  ('PH0042', '0993814327'),
  ('PH0043', '0911613599'),
  ('PH0044', '0964132141'),
  ('PH0045', '0952649180'),
  ('PH0046', '0947826882'),
  ('PH0047', '0924762588'),
  ('PH0048', '0970505750'),
  ('PH0049', '0945200483'),
  ('PH0050', '0922242063'),
  ('PH0051', '0914993136'),
  ('PH0052', '0972087735'),
  ('PH0053', '0923785164'),
  ('PH0054', '0991377462'),
  ('PH0055', '0984994765'),
  ('PH0056', '0937408056'),
  ('PH0057', '0923801703'),
  ('PH0058', '0922537120'),
  ('PH0059', '0959098675'),
  ('PH0060', '0962245891'),
  ('PH0061', '0979438761'),
  ('PH0062', '0925142813'),
  ('PH0063', '0986336362'),
  ('PH0064', '0973085393'),
  ('PH0065', '0968859940'),
  ('PH0066', '0987731187'),
  ('PH0067', '0979969884'),
  ('PH0068', '0999119979'),
  ('PH0069', '0931452202'),
  ('PH0070', '0918814465'),
  ('PH0071', '0915594788'),
  ('PH0072', '0953063432'),
  ('PH0073', '0954672955'),
  ('PH0074', '0937833987'),
  ('PH0075', '0935446515'),
  ('PH0076', '0957853595'),
  ('PH0077', '0982359263'),
  ('PH0078', '0988928406'),
  ('PH0079', '0966637467'),
  ('PH0080', '0969019781'),
  ('PH0081', '0930126105'),
  ('PH0082', '0959609223'),
  ('PH0083', '0958955383'),
  ('PH0084', '0943214205'),
  ('PH0085', '0998064760'),
  ('PH0086', '0978340964'),
  ('PH0087', '0947888143'),
  ('PH0088', '0962062562'),
  ('PH0089', '0998510975'),
  ('PH0090', '0922651946'),
  ('PH0091', '0974689969'),
  ('PH0092', '0985102612'),
  ('PH0093', '0918930288'),
  ('PH0094', '0954325522'),
  ('PH0095', '0945928024'),
  ('PH0096', '0967412571'),
  ('PH0097', '0975079143'),
  ('PH0098', '0937919635'),
  ('PH0099', '0937164831'),
  ('PH0100', '0930350750'),
  ('PH0101', '0955764539'),
  ('PH0102', '0931151411'),
  ('PH0103', '0933994037'),
  ('PH0104', '0961572981'),
  ('PH0105', '0989527623'),
  ('PH0106', '0996885711'),
  ('PH0107', '0944231730'),
  ('PH0108', '0919345898'),
  ('PH0109', '0959791464'),
  ('PH0110', '0918218152'),
  ('PH0111', '0952940975'),
  ('PH0112', '0979505854'),
  ('PH0113', '0950241725'),
  ('PH0114', '0924293562'),
  ('PH0115', '0910592997'),
  ('PH0116', '0972695212'),
  ('PH0117', '0911027311'),
  ('PH0118', '0985739453'),
  ('PH0119', '0926785489'),
  ('PH0120', '0911070085'),
  ('PH0121', '0971294548'),
  ('PH0122', '0940032596'),
  ('PH0123', '0932403250'),
  ('PH0124', '0973768965'),
  ('PH0125', '0971187250'),
  ('PH0126', '0925563032'),
  ('PH0127', '0977278338'),
  ('PH0128', '0928818473'),
  ('PH0129', '0927216331'),
  ('PH0130', '0974522685'),
  ('PH0131', '0977639602'),
  ('PH0132', '0936631419'),
  ('PH0133', '0990871433'),
  ('PH0134', '0911156974'),
  ('PH0135', '0921132580'),
  ('PH0136', '0919822504'),
  ('PH0137', '0928999328'),
  ('PH0138', '0947400852'),
  ('PH0139', '0935966045'),
  ('PH0140', '0948959030'),
  ('PH0141', '0939072409'),
  ('PH0142', '0916956379'),
  ('PH0143', '0998402082'),
  ('PH0144', '0998881010'),
  ('PH0145', '0973035498'),
  ('PH0146', '0993086620'),
  ('PH0147', '0967336898'),
  ('PH0148', '0987795790'),
  ('PH0149', '0994677537'),
  ('PH0150', '0924540669'),
  ('PH0151', '0958957873'),
  ('PH0152', '0991861257'),
  ('PH0153', '0956958354'),
  ('PH0154', '0963520789'),
  ('PH0155', '0971103822'),
  ('PH0156', '0949727861'),
  ('PH0157', '0991504474'),
  ('PH0158', '0960684327'),
  ('PH0159', '0941477910'),
  ('PH0160', '0948597269'),
  ('PH0161', '0912157922'),
  ('PH0162', '0992542998'),
  ('PH0163', '0959210325'),
  ('PH0164', '0931673059'),
  ('PH0165', '0928577030'),
  ('PH0166', '0960984196'),
  ('PH0167', '0958926292'),
  ('PH0168', '0971591580'),
  ('PH0169', '0936882569'),
  ('PH0170', '0934467753'),
  ('PH0171', '0921843840'),
  ('PH0172', '0920192332'),
  ('PH0173', '0944678200'),
  ('PH0174', '0993720583'),
  ('PH0175', '0911783108'),
  ('PH0176', '0912852287'),
  ('PH0177', '0948186811'),
  ('PH0178', '0942648014'),
  ('PH0179', '0916720126'),
  ('PH0180', '0925303191'),
  ('PH0181', '0976148102'),
  ('PH0182', '0988751425'),
  ('PH0183', '0921088535'),
  ('PH0184', '0914985096'),
  ('PH0185', '0922909427'),
  ('PH0186', '0919293611'),
  ('PH0187', '0930319496'),
  ('PH0188', '0911196331'),
  ('PH0189', '0977634912'),
  ('PH0190', '0928059037'),
  ('PH0191', '0956794884'),
  ('PH0192', '0986748461'),
  ('PH0193', '0938042768'),
  ('PH0194', '0945118629'),
  ('PH0195', '0955132604'),
  ('PH0196', '0971164938'),
  ('PH0197', '0937287550'),
  ('PH0198', '0952767741'),
  ('PH0199', '0978128931'),
  ('PH0200', '0937785216'),
  ('PH0201', '0976034666'),
  ('PH0202', '0990547146'),
  ('PH0203', '0924468262'),
  ('PH0204', '0986565177'),
  ('PH0205', '0973349917'),
  ('PH0206', '0922252693'),
  ('PH0207', '0961593818'),
  ('PH0208', '0977827904'),
  ('PH0209', '0995036366'),
  ('PH0210', '0948068331'),
  ('PH0211', '0942220998'),
  ('PH0212', '0913079725'),
  ('PH0213', '0922296926'),
  ('PH0214', '0928617215'),
  ('PH0215', '0964716293'),
  ('PH0216', '0958971640'),
  ('PH0217', '0979584869'),
  ('PH0218', '0951658222'),
  ('PH0219', '0982306586'),
  ('PH0220', '0945415982'),
  ('PH0221', '0932340031'),
  ('PH0222', '0976848478'),
  ('PH0223', '0927251768'),
  ('PH0224', '0910350808'),
  ('PH0225', '0914614759'),
  ('PH0226', '0998292310'),
  ('PH0227', '0912790536'),
  ('PH0228', '0962495636'),
  ('PH0229', '0916661158'),
  ('PH0230', '0950828255'),
  ('PH0231', '0960598783'),
  ('PH0232', '0952899951'),
  ('PH0233', '0989084880'),
  ('PH0234', '0985091911'),
  ('PH0235', '0955354912'),
  ('PH0236', '0937980569'),
  ('PH0237', '0976505859'),
  ('PH0238', '0963773579'),
  ('PH0239', '0937235221'),
  ('PH0240', '0917653101'),
  ('PH0241', '0936594902'),
  ('PH0242', '0952985676'),
  ('PH0243', '0997973637'),
  ('PH0244', '0961189221'),
  ('PH0245', '0936947218'),
  ('PH0246', '0922000294'),
  ('PH0247', '0917632213'),
  ('PH0248', '0915062191'),
  ('PH0249', '0917035055'),
  ('PH0250', '0989884868'),
  ('PH0251', '0941513804'),
  ('PH0252', '0984228356'),
  ('PH0253', '0979932957'),
  ('PH0254', '0910476674'),
  ('PH0255', '0981362827'),
  ('PH0256', '0933285456'),
  ('PH0257', '0996395574'),
  ('PH0258', '0955086729'),
  ('PH0259', '0947403668'),
  ('PH0260', '0954976751'),
  ('PH0261', '0990548980'),
  ('PH0262', '0934120341'),
  ('PH0263', '0916787706'),
  ('PH0264', '0940885530'),
  ('PH0265', '0945233778'),
  ('PH0266', '0939611798'),
  ('PH0267', '0969523081'),
  ('PH0268', '0967001939'),
  ('PH0269', '0942539947'),
  ('PH0270', '0966033776'),
  ('PH0271', '0932869853'),
  ('PH0272', '0996261359'),
  ('PH0273', '0978698664'),
  ('PH0274', '0928834844'),
  ('PH0275', '0995253681'),
  ('PH0276', '0979781516'),
  ('PH0277', '0956813817'),
  ('PH0278', '0986783086'),
  ('PH0279', '0971587674'),
  ('PH0280', '0944418071'),
  ('PH0281', '0971471521'),
  ('PH0282', '0956638324'),
  ('PH0283', '0939566552'),
  ('PH0284', '0921848331'),
  ('PH0285', '0956822059'),
  ('PH0286', '0983615758'),
  ('PH0287', '0942817159'),
  ('PH0288', '0992258413'),
  ('PH0289', '0976732339'),
  ('PH0290', '0991156129'),
  ('PH0291', '0993045054'),
  ('HS6A01', '0948952120'),
  ('HS6A02', '0922705652'),
  ('HS6A03', '0988454227'),
  ('HS6A04', '0951396067'),
  ('HS6A05', '0999558923'),
  ('HS6A06', '0991390183'),
  ('HS6A07', '0973668973'),
  ('HS6A08', '0957778592'),
  ('HS6A09', '0913863004'),
  ('HS6A10', '0923937948'),
  ('HS6A11', '0975205893'),
  ('HS6A12', '0974281729'),
  ('HS6A13', '0923192745'),
  ('HS6A14', '0976469934'),
  ('HS6A15', '0963435899'),
  ('HS6A16', '0998342383'),
  ('HS6A17', '0982838996'),
  ('HS6A18', '0964917470'),
  ('HS6A19', '0968041409'),
  ('HS6A20', '0980593774'),
  ('HS6B01', '0999492116'),
  ('HS6B02', '0913298373'),
  ('HS6B03', '0997877765'),
  ('HS6B04', '0995883279'),
  ('HS6B05', '0971725422'),
  ('HS6B06', '0933071700'),
  ('HS6B07', '0931329251'),
  ('HS6B08', '0967057864'),
  ('HS6B09', '0968382207'),
  ('HS6B10', '0979084983'),
  ('HS6B11', '0979105851'),
  ('HS6B12', '0986487458'),
  ('HS6B13', '0936134370'),
  ('HS6B14', '0996380028'),
  ('HS6B15', '0921492429'),
  ('HS6B16', '0953602595'),
  ('HS6B17', '0935133787'),
  ('HS6B18', '0996009920'),
  ('HS6B19', '0982179030'),
  ('HS6B20', '0910090698'),
  ('HS7A01', '0949115599'),
  ('HS7A02', '0988347188'),
  ('HS7A03', '0952680043'),
  ('HS7A04', '0981868311'),
  ('HS7A05', '0928197113'),
  ('HS7A06', '0955821717'),
  ('HS7A07', '0973971013'),
  ('HS7A08', '0972391538'),
  ('HS7A09', '0968228228'),
  ('HS7A10', '0990968403'),
  ('HS7A11', '0961027154'),
  ('HS7A12', '0913347059'),
  ('HS7A13', '0935227694'),
  ('HS7A14', '0959574325'),
  ('HS7A15', '0981430821'),
  ('HS7A16', '0952558801'),
  ('HS7A17', '0919722710'),
  ('HS7A18', '0949045119'),
  ('HS7A19', '0969165422'),
  ('HS7A20', '0962013608'),
  ('HS7B01', '0974806485'),
  ('HS7B02', '0988210326'),
  ('HS7B03', '0986726526'),
  ('HS7B04', '0928666346'),
  ('HS7B05', '0957309011'),
  ('HS7B06', '0957099533'),
  ('HS7B07', '0981723698'),
  ('HS7B08', '0969243865'),
  ('HS7B09', '0997011630'),
  ('HS7B10', '0951388702'),
  ('HS7B11', '0967516393'),
  ('HS7B12', '0917527260'),
  ('HS7B13', '0958460784'),
  ('HS7B14', '0910585564'),
  ('HS7B15', '0990996246'),
  ('HS7B16', '0945150315'),
  ('HS7B17', '0989774433'),
  ('HS7B18', '0995711029'),
  ('HS7B19', '0980176141'),
  ('HS7B20', '0985320054'),
  ('HS8A01', '0956919936'),
  ('HS8A02', '0972150261'),
  ('HS8A03', '0994081951'),
  ('HS8A04', '0996243003'),
  ('HS8A05', '0928964413'),
  ('HS8A06', '0936330424'),
  ('HS8A07', '0926574707'),
  ('HS8A08', '0930122658'),
  ('HS8A09', '0995043049'),
  ('HS8A10', '0918564145'),
  ('HS8A11', '0978071981'),
  ('HS8A12', '0993961787'),
  ('HS8A13', '0976224048'),
  ('HS8A14', '0932939871'),
  ('HS8A15', '0913081333'),
  ('HS8A16', '0998794105'),
  ('HS8A17', '0990628178'),
  ('HS8A18', '0930029964'),
  ('HS8A19', '0931750109'),
  ('HS8A20', '0935371524'),
  ('HS8B01', '0991165232'),
  ('HS8B02', '0925980798'),
  ('HS8B03', '0985268425'),
  ('HS8B04', '0961598902'),
  ('HS8B05', '0915616707'),
  ('HS8B06', '0976904158'),
  ('HS8B07', '0936248368'),
  ('HS8B08', '0928267234'),
  ('HS8B09', '0933187599'),
  ('HS8B10', '0997403693'),
  ('HS8B11', '0966837790'),
  ('HS8B12', '0944837871'),
  ('HS8B13', '0987070198'),
  ('HS8B14', '0958785465'),
  ('HS8B15', '0973025092'),
  ('HS8B16', '0995235819'),
  ('HS8B17', '0913339687'),
  ('HS8B18', '0953839745'),
  ('HS8B19', '0922350942'),
  ('HS8B20', '0947190316'),
  ('HS9A01', '0962482924'),
  ('HS9A02', '0990203348'),
  ('HS9A03', '0964761738'),
  ('HS9A04', '0976577067'),
  ('HS9A05', '0916670580'),
  ('HS9A06', '0961060371'),
  ('HS9A07', '0976162202'),
  ('HS9A08', '0958571652'),
  ('HS9A09', '0950792644'),
  ('HS9A10', '0960019954'),
  ('HS9A11', '0944143101'),
  ('HS9A12', '0918802465'),
  ('HS9A13', '0961112422'),
  ('HS9A14', '0967597843'),
  ('HS9A15', '0982002332'),
  ('HS9A16', '0966214824'),
  ('HS9A17', '0979003124'),
  ('HS9A18', '0999423512'),
  ('HS9A19', '0945925787'),
  ('HS9A20', '0936615260'),
  ('HS9B01', '0985371889'),
  ('HS9B02', '0940687661'),
  ('HS9B03', '0957402173'),
  ('HS9B04', '0983421474'),
  ('HS9B05', '0994554626'),
  ('HS9B06', '0965900464'),
  ('HS9B07', '0938968791'),
  ('HS9B08', '0962564632'),
  ('HS9B09', '0979469109'),
  ('HS9B10', '0942257563'),
  ('HS9B11', '0913932382'),
  ('HS9B12', '0971837216'),
  ('HS9B13', '0958978544'),
  ('HS9B14', '0973216489'),
  ('HS9B15', '0978168182'),
  ('HS9B16', '0949020810'),
  ('HS9B17', '0931349759'),
  ('HS9B18', '0997301166'),
  ('HS9B19', '0991884091'),
  ('HS9B20', '0939318931'),
  ('HS10A01', '0997084206'),
  ('HS10A02', '0950368134'),
  ('HS10A03', '0967797316'),
  ('HS10A04', '0955260429'),
  ('HS10A05', '0914251180'),
  ('HS10A06', '0913191589'),
  ('HS10A07', '0951017149'),
  ('HS10A08', '0917995804'),
  ('HS10A09', '0914279007'),
  ('HS10A10', '0933470447'),
  ('HS10A11', '0946123349'),
  ('HS10A12', '0972207378'),
  ('HS10A13', '0911099317'),
  ('HS10A14', '0971456370'),
  ('HS10A15', '0947629829'),
  ('HS10A16', '0991001528'),
  ('HS10A17', '0936326944'),
  ('HS10A18', '0916130851'),
  ('HS10A19', '0972738810'),
  ('HS10A20', '0940504538'),
  ('HS10B01', '0975769687'),
  ('HS10B02', '0989227448'),
  ('HS10B03', '0946190613'),
  ('HS10B04', '0956353381'),
  ('HS10B05', '0994407627'),
  ('HS10B06', '0910642524'),
  ('HS10B07', '0985460982'),
  ('HS10B08', '0918514187'),
  ('HS10B09', '0928482756'),
  ('HS10B10', '0985040406'),
  ('HS10B11', '0924755720'),
  ('HS10B12', '0915160879'),
  ('HS10B13', '0927804687'),
  ('HS10B14', '0995365934'),
  ('HS10B15', '0950251543'),
  ('HS10B16', '0913108433'),
  ('HS10B17', '0934829127'),
  ('HS10B18', '0922645091'),
  ('HS10B19', '0938147836'),
  ('HS10B20', '0940464181'),
  ('HS11A01', '0928692391'),
  ('HS11A02', '0990077658'),
  ('HS11A03', '0941211039'),
  ('HS11A04', '0975964097'),
  ('HS11A05', '0954373957'),
  ('HS11A06', '0920558822'),
  ('HS11A07', '0923498326'),
  ('HS11A08', '0929090624'),
  ('HS11A09', '0998156936'),
  ('HS11A10', '0987323431'),
  ('HS11A11', '0946879169'),
  ('HS11A12', '0963835402'),
  ('HS11A13', '0934783380'),
  ('HS11A14', '0945459306'),
  ('HS11A15', '0984002375'),
  ('HS11A16', '0961043561'),
  ('HS11A17', '0999635689'),
  ('HS11A18', '0924899442'),
  ('HS11A19', '0916860211'),
  ('HS11A20', '0958785107'),
  ('HS11B01', '0939990206'),
  ('HS11B02', '0935828705'),
  ('HS11B03', '0956989269'),
  ('HS11B04', '0949266149'),
  ('HS11B05', '0920770572'),
  ('HS11B06', '0994814966'),
  ('HS11B07', '0967900035'),
  ('HS11B08', '0991017646'),
  ('HS11B09', '0920847701'),
  ('HS11B10', '0941158687'),
  ('HS11B11', '0922585191'),
  ('HS11B12', '0973973063'),
  ('HS11B13', '0950860764'),
  ('HS11B14', '0957980037'),
  ('HS11B15', '0939517099'),
  ('HS11B16', '0970902028'),
  ('HS11B17', '0914194388'),
  ('HS11B18', '0966086773'),
  ('HS11B19', '0973606627'),
  ('HS11B20', '0982989783'),
  ('HS12A01', '0965798756'),
  ('HS12A02', '0936816211'),
  ('HS12A03', '0969359381'),
  ('HS12A04', '0961710231'),
  ('HS12A05', '0928843795'),
  ('HS12A06', '0999630699'),
  ('HS12A07', '0973837669'),
  ('HS12A08', '0966798044'),
  ('HS12A09', '0932385662'),
  ('HS12A10', '0967096487'),
  ('HS12A11', '0923623588'),
  ('HS12A12', '0966950588'),
  ('HS12A13', '0978947038'),
  ('HS12A14', '0980560818'),
  ('HS12A15', '0978607270'),
  ('HS12A16', '0969334361'),
  ('HS12A17', '0931445813'),
  ('HS12A18', '0989075105'),
  ('HS12A19', '0917947134'),
  ('HS12A20', '0986640998'),
  ('HS12B01', '0921252313'),
  ('HS12B02', '0967913253'),
  ('HS12B03', '0912708193'),
  ('HS12B04', '0993009162'),
  ('HS12B05', '0955100797'),
  ('HS12B06', '0968495655'),
  ('HS12B07', '0976313197'),
  ('HS12B08', '0951710127'),
  ('HS12B09', '0914360211'),
  ('HS12B10', '0954282473'),
  ('HS12B11', '0992617088'),
  ('HS12B12', '0982457828'),
  ('HS12B13', '0926782946'),
  ('HS12B14', '0966206761'),
  ('HS12B15', '0940543125'),
  ('HS12B16', '0923416165'),
  ('HS12B17', '0938898827'),
  ('HS12B18', '0940756225'),
  ('HS12B19', '0984632228'),
  ('HS12B20', '0915164470'),
  ('NV001', '0977388280'),
  ('NV002', '0922140196'),
  ('NV003', '0949158335'),
  ('NV004', '0930435137'),
  ('NV005', '0929495081'),
  ('NV006', '0991578435'),
  ('NV007', '0963786125'),
  ('NV008', '0959159629'),
  ('NV009', '0929428383'),
  ('NV010', '0933582622');
INSERT INTO Nhan_Vien_Hanh_Chinh (ID_nhan_vien, Ma_phong_ban, Chuc_vu, Trinh_do_hoc_van, Loai_cong_viec, Trang_thai, Ngay_vao_lam, Chuyen_mon) VALUES
  ('NV001', 'PB0102', 'Trưởng phòng', 'Thạc sĩ', 'Kế toán', 'Nghỉ phép', '2011-03-23', 'Tin học'),
  ('NV002', 'PB0201', 'Phó phòng', 'Cử nhân', 'Y tế', 'Nghỉ phép', '2011-04-26', 'Quản trị'),
  ('NV003', 'PB0401', 'Phó phòng', 'Thạc sĩ', 'Tạp vụ', 'Nghỉ phép', '2018-07-06', 'Quản trị'),
  ('NV004', 'PB0601', 'Trưởng phòng', 'Thạc sĩ', 'Kế toán', 'Nghỉ phép', '2018-03-19', 'Tin học'),
  ('NV005', 'PB0201', 'Phó phòng', 'Thạc sĩ', 'Thư viện', 'Đang làm việc', '2019-04-24', 'Kế toán'),
  ('NV006', 'PB0301', 'Trưởng phòng', 'Cử nhân', 'Thư ký', 'Tạm nghỉ', '2003-05-14', 'Kế toán'),
  ('NV007', 'PB0602', 'Nhân viên', 'Cử nhân', 'Y tế', 'Nghỉ phép', '2015-12-19', 'Tin học'),
  ('NV008', 'PB0202', 'Trưởng phòng', 'Cử nhân', 'Thủ quỹ', 'Nghỉ phép', '2014-09-22', 'Quản trị'),
  ('NV009', 'PB0602', 'Nhân viên', 'Thạc sĩ', 'Bảo vệ', 'Đang làm việc', '2022-07-16', 'Tin học'),
  ('NV010', 'PB0202', 'Nhân viên', 'Cử nhân', 'Tạp vụ', 'Nghỉ phép', '2006-01-04', 'Hành chính');
INSERT INTO GiaoVien_PhuCap_LuongCoBan (Chuc_vu, Trinh_do_hoc_van, Phu_cap, Luong_co_ban) VALUES
  ('Giáo viên chủ nhiệm', 'Thạc sĩ', 1000000, 5000000),
  ('Giáo viên chủ nhiệm', 'Cử nhân', 1000000, 7000000),
  ('Giáo viên', 'Cử nhân', 1000000, 7000000),
  ('Giáo viên', 'Thạc sĩ', 1000000, 7000000);

INSERT INTO congno_loai_phi (Loai_phi, So_tien, Han_nop) VALUES
  ('Học phí', 500000, '2025-09-04'),
  ('Phí dịch vụ', 1500000, '2025-11-10'),
  ('Phí hoạt động', 1500000, '2025-09-24'),
  ('Phí bảo hiểm', 1000000, '2025-11-07');

INSERT INTO Cong_No (Ma_cong_no, Loai_phi, Ghi_chu, Trang_thai, Ma_thanh_toan, ID_hoc_sinh) VALUES
  ('CN0001', 'Phí dịch vụ', 'Trễ hạn', 'Đã nộp đủ', 'TT8141', 'HS6A02'),
  ('CN0002', 'Phí hoạt động', 'Đã thanh toán 1 phần', 'Nợ', 'TT4686', 'HS6A02'),
  ('CN0003', 'Phí dịch vụ', 'Đã thanh toán 1 phần', 'Nợ', 'TT8924', 'HS6A05'),
  ('CN0004', 'Phí hoạt động', 'Nộp đúng hạn', 'Đang xử lý', 'TT2756', 'HS6A05'),
  ('CN0005', 'Học phí', 'Trễ hạn', 'Đã nộp đủ', 'TT2879', 'HS6A06'),
  ('CN0006', 'Phí bảo hiểm', 'Nộp đúng hạn', 'Nợ', 'TT6566', 'HS6A07'),
  ('CN0007', 'Phí hoạt động', 'Nộp đúng hạn', 'Nợ', 'TT4500', 'HS6A07'),
  ('CN0008', 'Học phí', 'Nộp đúng hạn', 'Đang xử lý', 'TT2366', 'HS6A09'),
  ('CN0009', 'Phí dịch vụ', 'Đã thanh toán 1 phần', 'Đã nộp đủ', 'TT9248', 'HS6A09'),
  ('CN0010', 'Phí dịch vụ', 'Đã thanh toán 1 phần', 'Đã nộp đủ', 'TT3567', 'HS6A10'),
  ('CN0011', 'Phí dịch vụ', 'Đã thanh toán 1 phần', 'Đã nộp đủ', 'TT6279', 'HS6A12'),
  ('CN0012', 'Phí bảo hiểm', 'Trễ hạn', 'Đã nộp đủ', 'TT8544', 'HS6A12'),
  ('CN0013', 'Phí bảo hiểm', 'Nộp đúng hạn', 'Đã nộp đủ', 'TT6881', 'HS6A13'),
  ('CN0014', 'Phí bảo hiểm', 'Nộp đúng hạn', 'Nợ', 'TT5784', 'HS6A15'),
  ('CN0015', 'Phí dịch vụ', 'Trễ hạn', 'Đang xử lý', 'TT2326', 'HS6A15'),
  ('CN0016', 'Phí dịch vụ', 'Nộp đúng hạn', 'Nợ', 'TT5491', 'HS6A16'),
  ('CN0017', 'Học phí', 'Nộp đúng hạn', 'Đã nộp đủ', 'TT1096', 'HS6A17'),
  ('CN0018', 'Phí bảo hiểm', 'Đã thanh toán 1 phần', 'Đã nộp đủ', 'TT9099', 'HS6A19'),
  ('CN0019', 'Phí hoạt động', 'Đã thanh toán 1 phần', 'Đang xử lý', 'TT1560', 'HS6A19'),
  ('CN0020', 'Phí hoạt động', 'Trễ hạn', 'Đã nộp đủ', 'TT3786', 'HS6B01'),
  ('CN0021', 'Phí bảo hiểm', 'Đã thanh toán 1 phần', 'Nợ', 'TT9241', 'HS6B01'),
  ('CN0022', 'Phí bảo hiểm', 'Trễ hạn', 'Đã nộp đủ', 'TT4895', 'HS6B02'),
  ('CN0023', 'Học phí', 'Nộp đúng hạn', 'Đang xử lý', 'TT4370', 'HS6B03'),
  ('CN0024', 'Phí dịch vụ', 'Trễ hạn', 'Nợ', 'TT8524', 'HS6B03'),
  ('CN0025', 'Phí hoạt động', 'Đã thanh toán 1 phần', 'Đã nộp đủ', 'TT9789', 'HS6B04'),
  ('CN0026', 'Phí dịch vụ', 'Đã thanh toán 1 phần', 'Đang xử lý', 'TT3395', 'HS6B04'),
  ('CN0027', 'Học phí', 'Nộp đúng hạn', 'Đã nộp đủ', 'TT4990', 'HS6B06'),
  ('CN0028', 'Phí dịch vụ', 'Nộp đúng hạn', 'Đã nộp đủ', 'TT1794', 'HS6B07'),
  ('CN0029', 'Phí bảo hiểm', 'Trễ hạn', 'Đã nộp đủ', 'TT4992', 'HS6B07'),
  ('CN0030', 'Phí bảo hiểm', 'Nộp đúng hạn', 'Đã nộp đủ', 'TT9937', 'HS6B09'),
  ('CN0031', 'Phí dịch vụ', 'Nộp đúng hạn', 'Đã nộp đủ', 'TT2614', 'HS6B10'),
  ('CN0032', 'Phí dịch vụ', 'Nộp đúng hạn', 'Đã nộp đủ', 'TT1516', 'HS6B12'),
  ('CN0033', 'Phí bảo hiểm', 'Đã thanh toán 1 phần', 'Đang xử lý', 'TT4227', 'HS6B12'),
  ('CN0034', 'Học phí', 'Trễ hạn', 'Đang xử lý', 'TT2991', 'HS6B13'),
  ('CN0035', 'Phí hoạt động', 'Đã thanh toán 1 phần', 'Đang xử lý', 'TT7735', 'HS6B13'),
  ('CN0036', 'Học phí', 'Nộp đúng hạn', 'Đang xử lý', 'TT2408', 'HS6B15'),
  ('CN0037', 'Phí bảo hiểm', 'Đã thanh toán 1 phần', 'Nợ', 'TT1206', 'HS6B16'),
  ('CN0038', 'Học phí', 'Trễ hạn', 'Đang xử lý', 'TT9360', 'HS6B16'),
  ('CN0039', 'Phí hoạt động', 'Trễ hạn', 'Nợ', 'TT8899', 'HS6B17'),
  ('CN0040', 'Phí bảo hiểm', 'Nộp đúng hạn', 'Đã nộp đủ', 'TT1700', 'HS6B17'),
  ('CN0041', 'Phí dịch vụ', 'Nộp đúng hạn', 'Nợ', 'TT2633', 'HS6B19'),
  ('CN0042', 'Học phí', 'Trễ hạn', 'Đã nộp đủ', 'TT8105', 'HS7A01'),
  ('CN0043', 'Phí hoạt động', 'Nộp đúng hạn', 'Đang xử lý', 'TT9734', 'HS7A03'),
  ('CN0044', 'Phí hoạt động', 'Nộp đúng hạn', 'Đã nộp đủ', 'TT8516', 'HS7A04'),
  ('CN0045', 'Học phí', 'Nộp đúng hạn', 'Đang xử lý', 'TT7083', 'HS7A04'),
  ('CN0046', 'Học phí', 'Trễ hạn', 'Đang xử lý', 'TT5979', 'HS7A07'),
  ('CN0047', 'Phí hoạt động', 'Trễ hạn', 'Nợ', 'TT6953', 'HS7A07'),
  ('CN0048', 'Phí bảo hiểm', 'Nộp đúng hạn', 'Đang xử lý', 'TT7478', 'HS7A08'),
  ('CN0049', 'Phí hoạt động', 'Trễ hạn', 'Đã nộp đủ', 'TT4048', 'HS7A09'),
  ('CN0050', 'Phí bảo hiểm', 'Trễ hạn', 'Đã nộp đủ', 'TT4871', 'HS7A10'),
  ('CN0051', 'Phí bảo hiểm', 'Đã thanh toán 1 phần', 'Đang xử lý', 'TT2905', 'HS7A11'),
  ('CN0052', 'Phí bảo hiểm', 'Trễ hạn', 'Đã nộp đủ', 'TT6806', 'HS7A12'),
  ('CN0053', 'Học phí', 'Trễ hạn', 'Đã nộp đủ', 'TT3203', 'HS7A12'),
  ('CN0054', 'Phí bảo hiểm', 'Trễ hạn', 'Đang xử lý', 'TT4584', 'HS7A13'),
  ('CN0055', 'Phí dịch vụ', 'Nộp đúng hạn', 'Nợ', 'TT6954', 'HS7A13'),
  ('CN0056', 'Phí dịch vụ', 'Trễ hạn', 'Đã nộp đủ', 'TT4204', 'HS7A14'),
  ('CN0057', 'Phí bảo hiểm', 'Trễ hạn', 'Đã nộp đủ', 'TT3717', 'HS7A15'),
  ('CN0058', 'Phí hoạt động', 'Đã thanh toán 1 phần', 'Đã nộp đủ', 'TT4562', 'HS7A15'),
  ('CN0059', 'Phí hoạt động', 'Trễ hạn', 'Đã nộp đủ', 'TT5946', 'HS7A16'),
  ('CN0060', 'Phí bảo hiểm', 'Trễ hạn', 'Nợ', 'TT7246', 'HS7A16'),
  ('CN0061', 'Phí bảo hiểm', 'Nộp đúng hạn', 'Đang xử lý', 'TT4578', 'HS7A18'),
  ('CN0062', 'Học phí', 'Nộp đúng hạn', 'Nợ', 'TT7817', 'HS7A20'),
  ('CN0063', 'Phí hoạt động', 'Đã thanh toán 1 phần', 'Đang xử lý', 'TT2675', 'HS7B02'),
  ('CN0064', 'Học phí', 'Trễ hạn', 'Đã nộp đủ', 'TT5841', 'HS7B02'),
  ('CN0065', 'Phí dịch vụ', 'Đã thanh toán 1 phần', 'Nợ', 'TT9714', 'HS7B03'),
  ('CN0066', 'Học phí', 'Đã thanh toán 1 phần', 'Nợ', 'TT4394', 'HS7B03'),
  ('CN0067', 'Phí hoạt động', 'Trễ hạn', 'Đã nộp đủ', 'TT5100', 'HS7B04'),
  ('CN0068', 'Phí hoạt động', 'Trễ hạn', 'Đang xử lý', 'TT7348', 'HS7B05'),
  ('CN0069', 'Phí bảo hiểm', 'Nộp đúng hạn', 'Nợ', 'TT4790', 'HS7B06'),
  ('CN0070', 'Học phí', 'Nộp đúng hạn', 'Đã nộp đủ', 'TT5559', 'HS7B06'),
  ('CN0071', 'Phí dịch vụ', 'Đã thanh toán 1 phần', 'Đang xử lý', 'TT4732', 'HS7B07'),
  ('CN0072', 'Phí bảo hiểm', 'Trễ hạn', 'Đang xử lý', 'TT4719', 'HS7B07'),
  ('CN0073', 'Học phí', 'Đã thanh toán 1 phần', 'Đã nộp đủ', 'TT3375', 'HS7B08'),
  ('CN0074', 'Phí dịch vụ', 'Đã thanh toán 1 phần', 'Đang xử lý', 'TT2861', 'HS7B08'),
  ('CN0075', 'Phí dịch vụ', 'Nộp đúng hạn', 'Nợ', 'TT6403', 'HS7B09'),
  ('CN0076', 'Phí bảo hiểm', 'Đã thanh toán 1 phần', 'Đã nộp đủ', 'TT5590', 'HS7B09'),
  ('CN0077', 'Học phí', 'Trễ hạn', 'Đang xử lý', 'TT3378', 'HS7B12'),
  ('CN0078', 'Học phí', 'Đã thanh toán 1 phần', 'Nợ', 'TT3790', 'HS7B13'),
  ('CN0079', 'Phí bảo hiểm', 'Nộp đúng hạn', 'Đang xử lý', 'TT3570', 'HS7B13'),
  ('CN0080', 'Phí bảo hiểm', 'Nộp đúng hạn', 'Đang xử lý', 'TT4155', 'HS7B14'),
  ('CN0081', 'Học phí', 'Đã thanh toán 1 phần', 'Đang xử lý', 'TT7561', 'HS7B17'),
  ('CN0082', 'Phí dịch vụ', 'Đã thanh toán 1 phần', 'Đã nộp đủ', 'TT8871', 'HS7B17'),
  ('CN0083', 'Phí bảo hiểm', 'Đã thanh toán 1 phần', 'Đang xử lý', 'TT9530', 'HS7B18'),
  ('CN0084', 'Phí hoạt động', 'Trễ hạn', 'Nợ', 'TT8353', 'HS7B19'),
  ('CN0085', 'Phí bảo hiểm', 'Đã thanh toán 1 phần', 'Đang xử lý', 'TT1931', 'HS7B19'),
  ('CN0086', 'Phí dịch vụ', 'Nộp đúng hạn', 'Đã nộp đủ', 'TT9033', 'HS7B20'),
  ('CN0087', 'Phí bảo hiểm', 'Trễ hạn', 'Nợ', 'TT6831', 'HS8A03'),
  ('CN0088', 'Học phí', 'Đã thanh toán 1 phần', 'Đang xử lý', 'TT2671', 'HS8A04'),
  ('CN0089', 'Phí hoạt động', 'Nộp đúng hạn', 'Nợ', 'TT2261', 'HS8A04'),
  ('CN0090', 'Phí dịch vụ', 'Đã thanh toán 1 phần', 'Đang xử lý', 'TT6134', 'HS8A05'),
  ('CN0091', 'Phí dịch vụ', 'Nộp đúng hạn', 'Nợ', 'TT4278', 'HS8A06'),
  ('CN0092', 'Phí bảo hiểm', 'Trễ hạn', 'Nợ', 'TT3916', 'HS8A09'),
  ('CN0093', 'Phí dịch vụ', 'Đã thanh toán 1 phần', 'Nợ', 'TT2693', 'HS8A09'),
  ('CN0094', 'Phí hoạt động', 'Đã thanh toán 1 phần', 'Nợ', 'TT4570', 'HS8A10'),
  ('CN0095', 'Học phí', 'Nộp đúng hạn', 'Đang xử lý', 'TT4461', 'HS8A11'),
  ('CN0096', 'Học phí', 'Đã thanh toán 1 phần', 'Đã nộp đủ', 'TT1775', 'HS8A12'),
  ('CN0097', 'Phí dịch vụ', 'Nộp đúng hạn', 'Đã nộp đủ', 'TT1212', 'HS8A12'),
  ('CN0098', 'Học phí', 'Trễ hạn', 'Nợ', 'TT6702', 'HS8A13'),
  ('CN0099', 'Phí dịch vụ', 'Trễ hạn', 'Đã nộp đủ', 'TT4186', 'HS8A15'),
  ('CN0100', 'Học phí', 'Trễ hạn', 'Đã nộp đủ', 'TT4966', 'HS8A15'),
  ('CN0101', 'Phí hoạt động', 'Trễ hạn', 'Đang xử lý', 'TT1600', 'HS8A17'),
  ('CN0102', 'Học phí', 'Nộp đúng hạn', 'Nợ', 'TT3676', 'HS8A19'),
  ('CN0103', 'Phí hoạt động', 'Trễ hạn', 'Nợ', 'TT9452', 'HS8A20'),
  ('CN0104', 'Phí bảo hiểm', 'Trễ hạn', 'Đang xử lý', 'TT4684', 'HS8A20'),
  ('CN0105', 'Phí bảo hiểm', 'Nộp đúng hạn', 'Đang xử lý', 'TT9981', 'HS8B01'),
  ('CN0106', 'Phí hoạt động', 'Đã thanh toán 1 phần', 'Đã nộp đủ', 'TT3525', 'HS8B04'),
  ('CN0107', 'Phí hoạt động', 'Nộp đúng hạn', 'Nợ', 'TT5461', 'HS8B06'),
  ('CN0108', 'Phí dịch vụ', 'Đã thanh toán 1 phần', 'Đã nộp đủ', 'TT5162', 'HS8B08'),
  ('CN0109', 'Phí bảo hiểm', 'Trễ hạn', 'Nợ', 'TT3940', 'HS8B08'),
  ('CN0110', 'Phí dịch vụ', 'Nộp đúng hạn', 'Nợ', 'TT1611', 'HS8B10'),
  ('CN0111', 'Phí hoạt động', 'Nộp đúng hạn', 'Đang xử lý', 'TT9880', 'HS8B10'),
  ('CN0112', 'Phí dịch vụ', 'Đã thanh toán 1 phần', 'Đang xử lý', 'TT5278', 'HS8B11'),
  ('CN0113', 'Phí hoạt động', 'Nộp đúng hạn', 'Đã nộp đủ', 'TT5123', 'HS8B12'),
  ('CN0114', 'Phí dịch vụ', 'Nộp đúng hạn', 'Nợ', 'TT7383', 'HS8B13'),
  ('CN0115', 'Phí dịch vụ', 'Trễ hạn', 'Đang xử lý', 'TT7552', 'HS8B16'),
  ('CN0116', 'Học phí', 'Đã thanh toán 1 phần', 'Đang xử lý', 'TT6532', 'HS8B16'),
  ('CN0117', 'Học phí', 'Đã thanh toán 1 phần', 'Nợ', 'TT6011', 'HS8B17'),
  ('CN0118', 'Phí hoạt động', 'Trễ hạn', 'Đang xử lý', 'TT9820', 'HS8B17'),
  ('CN0119', 'Phí dịch vụ', 'Đã thanh toán 1 phần', 'Nợ', 'TT1526', 'HS8B18'),
  ('CN0120', 'Phí dịch vụ', 'Nộp đúng hạn', 'Nợ', 'TT8920', 'HS8B19'),
  ('CN0121', 'Phí hoạt động', 'Đã thanh toán 1 phần', 'Đã nộp đủ', 'TT6384', 'HS8B19'),
  ('CN0122', 'Học phí', 'Trễ hạn', 'Đang xử lý', 'TT2054', 'HS8B20'),
  ('CN0123', 'Phí dịch vụ', 'Nộp đúng hạn', 'Đã nộp đủ', 'TT4535', 'HS8B20'),
  ('CN0124', 'Phí bảo hiểm', 'Trễ hạn', 'Nợ', 'TT1471', 'HS9A01'),
  ('CN0125', 'Học phí', 'Trễ hạn', 'Đang xử lý', 'TT3229', 'HS9A01'),
  ('CN0126', 'Phí dịch vụ', 'Đã thanh toán 1 phần', 'Nợ', 'TT1183', 'HS9A03'),
  ('CN0127', 'Phí dịch vụ', 'Nộp đúng hạn', 'Đang xử lý', 'TT3812', 'HS9A04'),
  ('CN0128', 'Phí bảo hiểm', 'Đã thanh toán 1 phần', 'Đã nộp đủ', 'TT5429', 'HS9A04'),
  ('CN0129', 'Phí dịch vụ', 'Trễ hạn', 'Đang xử lý', 'TT5024', 'HS9A06'),
  ('CN0130', 'Học phí', 'Nộp đúng hạn', 'Đang xử lý', 'TT4845', 'HS9A06'),
  ('CN0131', 'Phí hoạt động', 'Trễ hạn', 'Đã nộp đủ', 'TT2542', 'HS9A07'),
  ('CN0132', 'Học phí', 'Trễ hạn', 'Nợ', 'TT5398', 'HS9A08'),
  ('CN0133', 'Phí hoạt động', 'Nộp đúng hạn', 'Nợ', 'TT5435', 'HS9A08'),
  ('CN0134', 'Học phí', 'Đã thanh toán 1 phần', 'Nợ', 'TT5008', 'HS9A10'),
  ('CN0135', 'Phí bảo hiểm', 'Trễ hạn', 'Đã nộp đủ', 'TT6040', 'HS9A10'),
  ('CN0136', 'Phí bảo hiểm', 'Trễ hạn', 'Đang xử lý', 'TT2488', 'HS9A11'),
  ('CN0137', 'Phí bảo hiểm', 'Nộp đúng hạn', 'Nợ', 'TT7824', 'HS9A13'),
  ('CN0138', 'Phí hoạt động', 'Trễ hạn', 'Đã nộp đủ', 'TT5669', 'HS9A13'),
  ('CN0139', 'Phí bảo hiểm', 'Trễ hạn', 'Đã nộp đủ', 'TT9833', 'HS9A15'),
  ('CN0140', 'Học phí', 'Trễ hạn', 'Đã nộp đủ', 'TT6241', 'HS9A16'),
  ('CN0141', 'Phí bảo hiểm', 'Trễ hạn', 'Đang xử lý', 'TT3199', 'HS9A16'),
  ('CN0142', 'Phí hoạt động', 'Nộp đúng hạn', 'Đang xử lý', 'TT1914', 'HS9A17'),
  ('CN0143', 'Phí dịch vụ', 'Nộp đúng hạn', 'Đang xử lý', 'TT2156', 'HS9A18'),
  ('CN0144', 'Phí bảo hiểm', 'Nộp đúng hạn', 'Đang xử lý', 'TT4270', 'HS9A18'),
  ('CN0145', 'Phí bảo hiểm', 'Trễ hạn', 'Đang xử lý', 'TT5377', 'HS9A19'),
  ('CN0146', 'Phí dịch vụ', 'Đã thanh toán 1 phần', 'Đã nộp đủ', 'TT4962', 'HS9B01'),
  ('CN0147', 'Học phí', 'Trễ hạn', 'Nợ', 'TT7252', 'HS9B01'),
  ('CN0148', 'Phí bảo hiểm', 'Đã thanh toán 1 phần', 'Đã nộp đủ', 'TT3750', 'HS9B02'),
  ('CN0149', 'Phí hoạt động', 'Nộp đúng hạn', 'Đang xử lý', 'TT7286', 'HS9B03'),
  ('CN0150', 'Học phí', 'Nộp đúng hạn', 'Đang xử lý', 'TT5096', 'HS9B03'),
  ('CN0151', 'Phí dịch vụ', 'Đã thanh toán 1 phần', 'Đã nộp đủ', 'TT4776', 'HS9B06'),
  ('CN0152', 'Phí hoạt động', 'Trễ hạn', 'Đã nộp đủ', 'TT5594', 'HS9B06'),
  ('CN0153', 'Phí dịch vụ', 'Nộp đúng hạn', 'Nợ', 'TT7957', 'HS9B07'),
  ('CN0154', 'Phí bảo hiểm', 'Đã thanh toán 1 phần', 'Đã nộp đủ', 'TT9394', 'HS9B07'),
  ('CN0155', 'Phí dịch vụ', 'Trễ hạn', 'Đã nộp đủ', 'TT4302', 'HS9B08'),
  ('CN0156', 'Phí bảo hiểm', 'Trễ hạn', 'Đang xử lý', 'TT9476', 'HS9B08'),
  ('CN0157', 'Phí dịch vụ', 'Trễ hạn', 'Đã nộp đủ', 'TT8743', 'HS9B09'),
  ('CN0158', 'Học phí', 'Trễ hạn', 'Đã nộp đủ', 'TT9631', 'HS9B09'),
  ('CN0159', 'Phí bảo hiểm', 'Đã thanh toán 1 phần', 'Nợ', 'TT1610', 'HS9B10'),
  ('CN0160', 'Phí bảo hiểm', 'Trễ hạn', 'Đã nộp đủ', 'TT5657', 'HS9B11'),
  ('CN0161', 'Phí dịch vụ', 'Nộp đúng hạn', 'Đang xử lý', 'TT3893', 'HS9B11'),
  ('CN0162', 'Phí dịch vụ', 'Đã thanh toán 1 phần', 'Nợ', 'TT6628', 'HS9B12'),
  ('CN0163', 'Phí hoạt động', 'Nộp đúng hạn', 'Nợ', 'TT1355', 'HS9B14'),
  ('CN0164', 'Phí hoạt động', 'Đã thanh toán 1 phần', 'Đang xử lý', 'TT9569', 'HS9B15'),
  ('CN0165', 'Học phí', 'Đã thanh toán 1 phần', 'Nợ', 'TT5456', 'HS9B15'),
  ('CN0166', 'Học phí', 'Nộp đúng hạn', 'Đang xử lý', 'TT7994', 'HS9B16'),
  ('CN0167', 'Phí bảo hiểm', 'Trễ hạn', 'Đã nộp đủ', 'TT6287', 'HS9B17'),
  ('CN0168', 'Phí dịch vụ', 'Đã thanh toán 1 phần', 'Đã nộp đủ', 'TT8705', 'HS9B17'),
  ('CN0169', 'Phí hoạt động', 'Nộp đúng hạn', 'Nợ', 'TT8502', 'HS9B18'),
  ('CN0170', 'Phí dịch vụ', 'Nộp đúng hạn', 'Đang xử lý', 'TT6574', 'HS9B20'),
  ('CN0171', 'Học phí', 'Trễ hạn', 'Đã nộp đủ', 'TT9333', 'HS9B20'),
  ('CN0172', 'Phí dịch vụ', 'Trễ hạn', 'Nợ', 'TT7585', 'HS10A01'),
  ('CN0173', 'Phí bảo hiểm', 'Trễ hạn', 'Nợ', 'TT8372', 'HS10A02'),
  ('CN0174', 'Phí hoạt động', 'Đã thanh toán 1 phần', 'Đang xử lý', 'TT5230', 'HS10A02'),
  ('CN0175', 'Học phí', 'Trễ hạn', 'Đang xử lý', 'TT2744', 'HS10A03'),
  ('CN0176', 'Học phí', 'Trễ hạn', 'Đang xử lý', 'TT1843', 'HS10A04'),
  ('CN0177', 'Phí bảo hiểm', 'Nộp đúng hạn', 'Đã nộp đủ', 'TT1431', 'HS10A06'),
  ('CN0178', 'Phí hoạt động', 'Trễ hạn', 'Đã nộp đủ', 'TT6516', 'HS10A08'),
  ('CN0179', 'Phí bảo hiểm', 'Trễ hạn', 'Nợ', 'TT6873', 'HS10A08'),
  ('CN0180', 'Phí bảo hiểm', 'Đã thanh toán 1 phần', 'Nợ', 'TT1000', 'HS10A09'),
  ('CN0181', 'Phí hoạt động', 'Đã thanh toán 1 phần', 'Đang xử lý', 'TT9276', 'HS10A10'),
  ('CN0182', 'Học phí', 'Trễ hạn', 'Đã nộp đủ', 'TT2571', 'HS10A10'),
  ('CN0183', 'Phí bảo hiểm', 'Đã thanh toán 1 phần', 'Nợ', 'TT5272', 'HS10A11'),
  ('CN0184', 'Phí dịch vụ', 'Trễ hạn', 'Đang xử lý', 'TT4399', 'HS10A12'),
  ('CN0185', 'Học phí', 'Trễ hạn', 'Đang xử lý', 'TT8126', 'HS10A12'),
  ('CN0186', 'Phí hoạt động', 'Trễ hạn', 'Nợ', 'TT1272', 'HS10A13'),
  ('CN0187', 'Học phí', 'Đã thanh toán 1 phần', 'Nợ', 'TT7700', 'HS10A13'),
  ('CN0188', 'Phí dịch vụ', 'Trễ hạn', 'Nợ', 'TT6093', 'HS10A14'),
  ('CN0189', 'Phí hoạt động', 'Đã thanh toán 1 phần', 'Nợ', 'TT2181', 'HS10A17'),
  ('CN0190', 'Học phí', 'Trễ hạn', 'Đang xử lý', 'TT9799', 'HS10A17'),
  ('CN0191', 'Phí dịch vụ', 'Trễ hạn', 'Đã nộp đủ', 'TT5926', 'HS10A18'),
  ('CN0192', 'Phí bảo hiểm', 'Nộp đúng hạn', 'Đã nộp đủ', 'TT6413', 'HS10A18'),
  ('CN0193', 'Phí dịch vụ', 'Trễ hạn', 'Đang xử lý', 'TT9036', 'HS10A20'),
  ('CN0194', 'Phí hoạt động', 'Trễ hạn', 'Đang xử lý', 'TT3825', 'HS10A20'),
  ('CN0195', 'Phí hoạt động', 'Đã thanh toán 1 phần', 'Đã nộp đủ', 'TT7738', 'HS10B01'),
  ('CN0196', 'Phí hoạt động', 'Nộp đúng hạn', 'Đang xử lý', 'TT7671', 'HS10B03'),
  ('CN0197', 'Phí bảo hiểm', 'Đã thanh toán 1 phần', 'Đã nộp đủ', 'TT7313', 'HS10B03'),
  ('CN0198', 'Phí hoạt động', 'Nộp đúng hạn', 'Đã nộp đủ', 'TT2385', 'HS10B05'),
  ('CN0199', 'Phí bảo hiểm', 'Đã thanh toán 1 phần', 'Nợ', 'TT2377', 'HS10B09'),
  ('CN0200', 'Phí dịch vụ', 'Trễ hạn', 'Đang xử lý', 'TT9252', 'HS10B10'),
  ('CN0201', 'Học phí', 'Trễ hạn', 'Đã nộp đủ', 'TT9023', 'HS10B10'),
  ('CN0202', 'Phí hoạt động', 'Đã thanh toán 1 phần', 'Nợ', 'TT8779', 'HS10B11'),
  ('CN0203', 'Phí hoạt động', 'Trễ hạn', 'Đã nộp đủ', 'TT1845', 'HS10B14'),
  ('CN0204', 'Phí bảo hiểm', 'Trễ hạn', 'Nợ', 'TT5608', 'HS10B16'),
  ('CN0205', 'Học phí', 'Nộp đúng hạn', 'Đang xử lý', 'TT5229', 'HS10B16'),
  ('CN0206', 'Phí bảo hiểm', 'Đã thanh toán 1 phần', 'Đang xử lý', 'TT5007', 'HS10B17'),
  ('CN0207', 'Học phí', 'Nộp đúng hạn', 'Đã nộp đủ', 'TT4642', 'HS10B20'),
  ('CN0208', 'Phí hoạt động', 'Trễ hạn', 'Nợ', 'TT7908', 'HS10B20'),
  ('CN0209', 'Học phí', 'Trễ hạn', 'Đã nộp đủ', 'TT3032', 'HS11A02'),
  ('CN0210', 'Phí hoạt động', 'Trễ hạn', 'Nợ', 'TT8552', 'HS11A03'),
  ('CN0211', 'Phí bảo hiểm', 'Nộp đúng hạn', 'Đang xử lý', 'TT7774', 'HS11A04'),
  ('CN0212', 'Phí dịch vụ', 'Trễ hạn', 'Nợ', 'TT9817', 'HS11A06'),
  ('CN0213', 'Học phí', 'Đã thanh toán 1 phần', 'Đang xử lý', 'TT9001', 'HS11A07'),
  ('CN0214', 'Phí hoạt động', 'Trễ hạn', 'Nợ', 'TT5466', 'HS11A08'),
  ('CN0215', 'Phí hoạt động', 'Nộp đúng hạn', 'Nợ', 'TT9231', 'HS11A09'),
  ('CN0216', 'Phí bảo hiểm', 'Đã thanh toán 1 phần', 'Nợ', 'TT3266', 'HS11A09'),
  ('CN0217', 'Phí hoạt động', 'Trễ hạn', 'Đang xử lý', 'TT8531', 'HS11A10'),
  ('CN0218', 'Học phí', 'Trễ hạn', 'Đã nộp đủ', 'TT4932', 'HS11A10'),
  ('CN0219', 'Phí bảo hiểm', 'Trễ hạn', 'Nợ', 'TT8787', 'HS11A11'),
  ('CN0220', 'Học phí', 'Trễ hạn', 'Đã nộp đủ', 'TT1369', 'HS11A12'),
  ('CN0221', 'Phí bảo hiểm', 'Trễ hạn', 'Nợ', 'TT2319', 'HS11A13'),
  ('CN0222', 'Phí bảo hiểm', 'Trễ hạn', 'Đã nộp đủ', 'TT5883', 'HS11A14'),
  ('CN0223', 'Phí bảo hiểm', 'Nộp đúng hạn', 'Đang xử lý', 'TT4407', 'HS11A17'),
  ('CN0224', 'Học phí', 'Đã thanh toán 1 phần', 'Đang xử lý', 'TT1762', 'HS11A19'),
  ('CN0225', 'Phí bảo hiểm', 'Đã thanh toán 1 phần', 'Nợ', 'TT1548', 'HS11A19'),
  ('CN0226', 'Phí hoạt động', 'Trễ hạn', 'Nợ', 'TT9294', 'HS11A20'),
  ('CN0227', 'Phí hoạt động', 'Trễ hạn', 'Nợ', 'TT5000', 'HS11B03'),
  ('CN0228', 'Phí bảo hiểm', 'Đã thanh toán 1 phần', 'Nợ', 'TT7924', 'HS11B03'),
  ('CN0229', 'Phí dịch vụ', 'Trễ hạn', 'Đã nộp đủ', 'TT4281', 'HS11B04'),
  ('CN0230', 'Phí dịch vụ', 'Trễ hạn', 'Đã nộp đủ', 'TT1220', 'HS11B05'),
  ('CN0231', 'Phí bảo hiểm', 'Nộp đúng hạn', 'Nợ', 'TT8641', 'HS11B05'),
  ('CN0232', 'Học phí', 'Nộp đúng hạn', 'Đang xử lý', 'TT5022', 'HS11B07'),
  ('CN0233', 'Phí bảo hiểm', 'Trễ hạn', 'Đang xử lý', 'TT6925', 'HS11B07'),
  ('CN0234', 'Học phí', 'Nộp đúng hạn', 'Đang xử lý', 'TT9222', 'HS11B08'),
  ('CN0235', 'Phí bảo hiểm', 'Nộp đúng hạn', 'Đã nộp đủ', 'TT9972', 'HS11B09'),
  ('CN0236', 'Phí dịch vụ', 'Nộp đúng hạn', 'Đang xử lý', 'TT6214', 'HS11B09'),
  ('CN0237', 'Phí dịch vụ', 'Trễ hạn', 'Nợ', 'TT7582', 'HS11B10'),
  ('CN0238', 'Phí hoạt động', 'Trễ hạn', 'Đã nộp đủ', 'TT6111', 'HS11B10'),
  ('CN0239', 'Phí hoạt động', 'Trễ hạn', 'Nợ', 'TT2523', 'HS11B11'),
  ('CN0240', 'Phí dịch vụ', 'Đã thanh toán 1 phần', 'Đang xử lý', 'TT7690', 'HS11B11'),
  ('CN0241', 'Phí bảo hiểm', 'Nộp đúng hạn', 'Nợ', 'TT8562', 'HS11B12'),
  ('CN0242', 'Phí hoạt động', 'Đã thanh toán 1 phần', 'Đang xử lý', 'TT7743', 'HS11B12'),
  ('CN0243', 'Phí bảo hiểm', 'Đã thanh toán 1 phần', 'Đã nộp đủ', 'TT1259', 'HS11B13'),
  ('CN0244', 'Phí hoạt động', 'Nộp đúng hạn', 'Nợ', 'TT7621', 'HS11B14'),
  ('CN0245', 'Phí bảo hiểm', 'Trễ hạn', 'Đang xử lý', 'TT7142', 'HS11B14'),
  ('CN0246', 'Học phí', 'Đã thanh toán 1 phần', 'Đã nộp đủ', 'TT4812', 'HS11B16'),
  ('CN0247', 'Phí dịch vụ', 'Đã thanh toán 1 phần', 'Đã nộp đủ', 'TT1059', 'HS11B16'),
  ('CN0248', 'Phí dịch vụ', 'Đã thanh toán 1 phần', 'Đã nộp đủ', 'TT9132', 'HS11B17'),
  ('CN0249', 'Phí hoạt động', 'Trễ hạn', 'Nợ', 'TT1284', 'HS11B17'),
  ('CN0250', 'Phí hoạt động', 'Trễ hạn', 'Đang xử lý', 'TT4964', 'HS11B18'),
  ('CN0251', 'Phí bảo hiểm', 'Nộp đúng hạn', 'Đã nộp đủ', 'TT5151', 'HS11B19'),
  ('CN0252', 'Học phí', 'Nộp đúng hạn', 'Nợ', 'TT2101', 'HS11B19'),
  ('CN0253', 'Phí bảo hiểm', 'Nộp đúng hạn', 'Nợ', 'TT8938', 'HS12A02'),
  ('CN0254', 'Phí dịch vụ', 'Trễ hạn', 'Nợ', 'TT4991', 'HS12A02'),
  ('CN0255', 'Học phí', 'Trễ hạn', 'Đang xử lý', 'TT9197', 'HS12A04'),
  ('CN0256', 'Phí dịch vụ', 'Trễ hạn', 'Đã nộp đủ', 'TT5279', 'HS12A04'),
  ('CN0257', 'Phí hoạt động', 'Trễ hạn', 'Đã nộp đủ', 'TT1043', 'HS12A05'),
  ('CN0258', 'Phí hoạt động', 'Trễ hạn', 'Đã nộp đủ', 'TT1273', 'HS12A07'),
  ('CN0259', 'Phí dịch vụ', 'Nộp đúng hạn', 'Đang xử lý', 'TT8878', 'HS12A08'),
  ('CN0260', 'Phí hoạt động', 'Đã thanh toán 1 phần', 'Đã nộp đủ', 'TT6854', 'HS12A08'),
  ('CN0261', 'Phí bảo hiểm', 'Trễ hạn', 'Nợ', 'TT8849', 'HS12A10'),
  ('CN0262', 'Phí dịch vụ', 'Trễ hạn', 'Đã nộp đủ', 'TT4338', 'HS12A10'),
  ('CN0263', 'Học phí', 'Đã thanh toán 1 phần', 'Đang xử lý', 'TT4078', 'HS12A13'),
  ('CN0264', 'Phí hoạt động', 'Nộp đúng hạn', 'Nợ', 'TT7855', 'HS12A16'),
  ('CN0265', 'Học phí', 'Trễ hạn', 'Đã nộp đủ', 'TT9638', 'HS12A17'),
  ('CN0266', 'Phí hoạt động', 'Nộp đúng hạn', 'Đang xử lý', 'TT2948', 'HS12A18'),
  ('CN0267', 'Phí bảo hiểm', 'Trễ hạn', 'Đang xử lý', 'TT6371', 'HS12A18'),
  ('CN0268', 'Học phí', 'Đã thanh toán 1 phần', 'Đang xử lý', 'TT5973', 'HS12A19'),
  ('CN0269', 'Học phí', 'Đã thanh toán 1 phần', 'Nợ', 'TT6411', 'HS12A20'),
  ('CN0270', 'Phí bảo hiểm', 'Trễ hạn', 'Đang xử lý', 'TT2812', 'HS12A20'),
  ('CN0271', 'Phí bảo hiểm', 'Trễ hạn', 'Đang xử lý', 'TT3913', 'HS12B01'),
  ('CN0272', 'Phí dịch vụ', 'Đã thanh toán 1 phần', 'Đã nộp đủ', 'TT6096', 'HS12B03'),
  ('CN0273', 'Học phí', 'Đã thanh toán 1 phần', 'Đang xử lý', 'TT2502', 'HS12B03'),
  ('CN0274', 'Học phí', 'Nộp đúng hạn', 'Đã nộp đủ', 'TT9730', 'HS12B04'),
  ('CN0275', 'Phí hoạt động', 'Nộp đúng hạn', 'Nợ', 'TT7310', 'HS12B04'),
  ('CN0276', 'Phí dịch vụ', 'Đã thanh toán 1 phần', 'Đang xử lý', 'TT3835', 'HS12B06'),
  ('CN0277', 'Phí dịch vụ', 'Nộp đúng hạn', 'Đang xử lý', 'TT7061', 'HS12B07'),
  ('CN0278', 'Phí bảo hiểm', 'Nộp đúng hạn', 'Đã nộp đủ', 'TT2664', 'HS12B08'),
  ('CN0279', 'Phí hoạt động', 'Nộp đúng hạn', 'Đã nộp đủ', 'TT9437', 'HS12B08'),
  ('CN0280', 'Phí dịch vụ', 'Trễ hạn', 'Đã nộp đủ', 'TT5836', 'HS12B09'),
  ('CN0281', 'Phí bảo hiểm', 'Nộp đúng hạn', 'Đã nộp đủ', 'TT5087', 'HS12B12'),
  ('CN0282', 'Phí hoạt động', 'Trễ hạn', 'Đã nộp đủ', 'TT1884', 'HS12B14'),
  ('CN0283', 'Phí dịch vụ', 'Nộp đúng hạn', 'Đã nộp đủ', 'TT1964', 'HS12B16'),
  ('CN0284', 'Phí hoạt động', 'Nộp đúng hạn', 'Nợ', 'TT8224', 'HS12B17'),
  ('CN0285', 'Học phí', 'Đã thanh toán 1 phần', 'Đã nộp đủ', 'TT1777', 'HS12B18'),
  ('CN0286', 'Phí hoạt động', 'Đã thanh toán 1 phần', 'Đang xử lý', 'TT7672', 'HS12B18'),
  ('CN0287', 'Phí hoạt động', 'Đã thanh toán 1 phần', 'Nợ', 'TT6239', 'HS12B19'),
  ('CN0288', 'Phí bảo hiểm', 'Đã thanh toán 1 phần', 'Đang xử lý', 'TT8080', 'HS12B20');

INSERT INTO Thanh_Toan (Ma_thanh_toan, Ma_bien_lai, Phuong_thuc_thanh_toan, Ngay_thanh_toan, So_tien_thanh_toan, Trang_thai, Ghi_chu, ID_nhan_vien_thanh_toan) VALUES
  ('TT8080', 'BL00001', 'Tiền mặt', '2024-06-10', 1000000, 'Hoàn tiền', 'Thanh toán bán trú', 'NV003'),
  ('TT6239', 'BL00002', 'Ví điện tử', '2024-03-14', 1500000, 'Hoàn tiền', 'Thanh toán học phí', 'NV006'),
  ('TT7672', 'BL00003', 'Tiền mặt', '2024-07-10', 1500000, 'Hợp lệ', 'Thanh toán bán trú', 'NV002'),
  ('TT1777', 'BL00004', 'Tiền mặt', '2024-02-23', 1500000, 'Hủy', 'Thanh toán bán trú', 'NV007'),
  ('TT8224', 'BL00005', 'Ví điện tử', '2024-01-02', 1500000, 'Hoàn tiền', 'Thanh toán bán trú', 'NV003'),
  ('TT1964', 'BL00006', 'Tiền mặt', '2024-03-26', 1500000, 'Hợp lệ', 'Thanh toán học phí', 'NV009'),
  ('TT1884', 'BL00007', 'Tiền mặt', '2024-09-05', 1000000, 'Hoàn tiền', '', 'NV008'),
  ('TT5087', 'BL00008', 'Chuyển khoản', '2024-03-21', 500000, 'Hoàn tiền', 'Thanh toán bán trú', 'NV007'),
  ('TT5836', 'BL00009', 'Tiền mặt', '2024-09-07', 1500000, 'Hủy', 'Thanh toán học phí', 'NV010'),
  ('TT9437', 'BL00010', 'Ví điện tử', '2024-12-01', 1000000, 'Hủy', 'Thanh toán bán trú', 'NV004'),
  ('TT2664', 'BL00011', 'Tiền mặt', '2024-08-05', 1000000, 'Hoàn tiền', 'Thanh toán bán trú', 'NV008'),
  ('TT7061', 'BL00012', 'Tiền mặt', '2024-03-05', 1000000, 'Hợp lệ', 'Thanh toán bán trú', 'NV008'),
  ('TT3835', 'BL00013', 'Chuyển khoản', '2024-10-16', 1500000, 'Hợp lệ', 'Thanh toán học phí', 'NV004'),
  ('TT7310', 'BL00014', 'Ví điện tử', '2024-02-05', 1500000, 'Hủy', '', 'NV005'),
  ('TT9730', 'BL00015', 'Chuyển khoản', '2024-12-26', 1000000, 'Hủy', 'Thanh toán bán trú', 'NV009'),
  ('TT2502', 'BL00016', 'Ví điện tử', '2024-12-05', 1500000, 'Hoàn tiền', 'Thanh toán học phí', 'NV001'),
  ('TT6096', 'BL00017', 'Chuyển khoản', '2024-05-18', 1000000, 'Hợp lệ', '', 'NV005'),
  ('TT3913', 'BL00018', 'Tiền mặt', '2024-06-28', 500000, 'Hủy', 'Thanh toán học phí', 'NV008'),
  ('TT2812', 'BL00019', 'Chuyển khoản', '2024-01-23', 1500000, 'Hợp lệ', 'Thanh toán học phí', 'NV002'),
  ('TT6411', 'BL00020', 'Ví điện tử', '2024-07-13', 1500000, 'Hủy', '', 'NV001'),
  ('TT5973', 'BL00021', 'Tiền mặt', '2024-06-21', 500000, 'Hủy', '', 'NV004'),
  ('TT6371', 'BL00022', 'Ví điện tử', '2024-09-17', 1500000, 'Hủy', 'Thanh toán bán trú', 'NV007'),
  ('TT2948', 'BL00023', 'Chuyển khoản', '2024-12-20', 1500000, 'Hợp lệ', '', 'NV004'),
  ('TT9638', 'BL00024', 'Chuyển khoản', '2024-07-21', 1000000, 'Hợp lệ', 'Thanh toán bán trú', 'NV001'),
  ('TT7855', 'BL00025', 'Tiền mặt', '2024-12-28', 1000000, 'Hoàn tiền', 'Thanh toán học phí', 'NV001'),
  ('TT4078', 'BL00026', 'Chuyển khoản', '2024-10-09', 1500000, 'Hủy', '', 'NV010'),
  ('TT4338', 'BL00027', 'Ví điện tử', '2024-04-17', 1000000, 'Hợp lệ', 'Thanh toán học phí', 'NV002'),
  ('TT8849', 'BL00028', 'Ví điện tử', '2024-09-19', 500000, 'Hoàn tiền', '', 'NV009'),
  ('TT6854', 'BL00029', 'Tiền mặt', '2024-05-03', 1500000, 'Hoàn tiền', '', 'NV005'),
  ('TT8878', 'BL00030', 'Chuyển khoản', '2024-06-08', 500000, 'Hủy', '', 'NV009'),
  ('TT1273', 'BL00031', 'Tiền mặt', '2024-02-24', 500000, 'Hủy', '', 'NV001'),
  ('TT1043', 'BL00032', 'Ví điện tử', '2024-12-08', 1000000, 'Hoàn tiền', 'Thanh toán bán trú', 'NV007'),
  ('TT5278', 'BL00033', 'Chuyển khoản', '2024-09-09', 1500000, 'Hoàn tiền', 'Thanh toán học phí', 'NV009'),
  ('TT9197', 'BL00034', 'Ví điện tử', '2024-06-13', 1500000, 'Hoàn tiền', '', 'NV010'),
  ('TT4991', 'BL00035', 'Tiền mặt', '2024-11-22', 1500000, 'Hoàn tiền', '', 'NV003'),
  ('TT8938', 'BL00036', 'Ví điện tử', '2024-12-18', 1000000, 'Hợp lệ', 'Thanh toán bán trú', 'NV004'),
  ('TT2101', 'BL00037', 'Tiền mặt', '2024-06-07', 1000000, 'Hủy', 'Thanh toán bán trú', 'NV009'),
  ('TT5151', 'BL00038', 'Chuyển khoản', '2024-09-24', 500000, 'Hoàn tiền', 'Thanh toán học phí', 'NV008'),
  ('TT4964', 'BL00039', 'Chuyển khoản', '2024-09-01', 1500000, 'Hủy', 'Thanh toán học phí', 'NV006'),
  ('TT1284', 'BL00040', 'Ví điện tử', '2024-08-09', 1500000, 'Hủy', 'Thanh toán bán trú', 'NV006'),
  ('TT9132', 'BL00041', 'Ví điện tử', '2024-06-05', 1000000, 'Hợp lệ', 'Thanh toán học phí', 'NV004'),
  ('TT1059', 'BL00042', 'Tiền mặt', '2024-06-12', 1500000, 'Hoàn tiền', 'Thanh toán học phí', 'NV010'),
  ('TT4812', 'BL00043', 'Ví điện tử', '2024-09-23', 1500000, 'Hủy', 'Thanh toán học phí', 'NV009'),
  ('TT7142', 'BL00044', 'Ví điện tử', '2024-05-03', 1500000, 'Hợp lệ', 'Thanh toán bán trú', 'NV005'),
  ('TT7621', 'BL00045', 'Ví điện tử', '2024-11-06', 500000, 'Hủy', 'Thanh toán học phí', 'NV002'),
  ('TT1259', 'BL00046', 'Ví điện tử', '2024-10-20', 500000, 'Hủy', 'Thanh toán học phí', 'NV006'),
  ('TT7743', 'BL00047', 'Tiền mặt', '2024-10-14', 500000, 'Hủy', '', 'NV006'),
  ('TT8562', 'BL00048', 'Ví điện tử', '2024-05-04', 1500000, 'Hủy', 'Thanh toán học phí', 'NV009'),
  ('TT7690', 'BL00049', 'Ví điện tử', '2024-04-24', 1000000, 'Hợp lệ', 'Thanh toán bán trú', 'NV004'),
  ('TT2523', 'BL00050', 'Chuyển khoản', '2024-01-27', 1000000, 'Hủy', '', 'NV001'),
  ('TT6111', 'BL00051', 'Tiền mặt', '2024-10-16', 1500000, 'Hoàn tiền', '', 'NV003'),
  ('TT7582', 'BL00052', 'Chuyển khoản', '2024-03-17', 500000, 'Hoàn tiền', 'Thanh toán bán trú', 'NV004'),
  ('TT6214', 'BL00053', 'Chuyển khoản', '2024-08-13', 500000, 'Hoàn tiền', '', 'NV010'),
  ('TT9972', 'BL00054', 'Ví điện tử', '2024-07-21', 1500000, 'Hợp lệ', '', 'NV009'),
  ('TT9222', 'BL00055', 'Tiền mặt', '2024-01-26', 1000000, 'Hợp lệ', 'Thanh toán học phí', 'NV009'),
  ('TT6925', 'BL00056', 'Tiền mặt', '2024-06-28', 1000000, 'Hủy', 'Thanh toán bán trú', 'NV004'),
  ('TT5022', 'BL00057', 'Chuyển khoản', '2024-07-24', 500000, 'Hợp lệ', 'Thanh toán học phí', 'NV006'),
  ('TT8641', 'BL00058', 'Chuyển khoản', '2024-07-01', 500000, 'Hợp lệ', 'Thanh toán bán trú', 'NV003'),
  ('TT1220', 'BL00059', 'Chuyển khoản', '2024-10-14', 500000, 'Hủy', 'Thanh toán bán trú', 'NV007'),
  ('TT4281', 'BL00060', 'Ví điện tử', '2024-08-05', 1000000, 'Hoàn tiền', 'Thanh toán học phí', 'NV004'),
  ('TT7924', 'BL00061', 'Chuyển khoản', '2024-10-19', 1000000, 'Hợp lệ', 'Thanh toán bán trú', 'NV003'),
  ('TT5000', 'BL00062', 'Ví điện tử', '2024-07-15', 1500000, 'Hoàn tiền', 'Thanh toán bán trú', 'NV003'),
  ('TT9294', 'BL00063', 'Ví điện tử', '2024-12-02', 1000000, 'Hợp lệ', 'Thanh toán học phí', 'NV006'),
  ('TT1548', 'BL00064', 'Ví điện tử', '2024-09-08', 1000000, 'Hoàn tiền', 'Thanh toán học phí', 'NV008'),
  ('TT1762', 'BL00065', 'Chuyển khoản', '2024-09-05', 1000000, 'Hợp lệ', 'Thanh toán học phí', 'NV003'),
  ('TT4407', 'BL00066', 'Chuyển khoản', '2024-04-20', 500000, 'Hủy', 'Thanh toán học phí', 'NV009'),
  ('TT5883', 'BL00067', 'Chuyển khoản', '2024-12-13', 1000000, 'Hủy', 'Thanh toán bán trú', 'NV010'),
  ('TT2319', 'BL00068', 'Tiền mặt', '2024-06-03', 1500000, 'Hoàn tiền', 'Thanh toán bán trú', 'NV010'),
  ('TT1369', 'BL00069', 'Tiền mặt', '2024-08-16', 500000, 'Hủy', '', 'NV003'),
  ('TT8787', 'BL00070', 'Ví điện tử', '2024-05-04', 500000, 'Hoàn tiền', '', 'NV006'),
  ('TT4932', 'BL00071', 'Tiền mặt', '2024-07-09', 1500000, 'Hoàn tiền', '', 'NV009'),
  ('TT8531', 'BL00072', 'Ví điện tử', '2024-09-25', 1500000, 'Hủy', 'Thanh toán bán trú', 'NV010'),
  ('TT3266', 'BL00073', 'Chuyển khoản', '2024-08-15', 500000, 'Hủy', 'Thanh toán học phí', 'NV006'),
  ('TT9231', 'BL00074', 'Ví điện tử', '2024-08-01', 500000, 'Hủy', 'Thanh toán học phí', 'NV010'),
  ('TT5466', 'BL00075', 'Chuyển khoản', '2024-11-27', 500000, 'Hợp lệ', 'Thanh toán học phí', 'NV009'),
  ('TT9001', 'BL00076', 'Chuyển khoản', '2024-02-11', 500000, 'Hoàn tiền', '', 'NV003'),
  ('TT9817', 'BL00077', 'Ví điện tử', '2024-10-09', 1500000, 'Hợp lệ', 'Thanh toán học phí', 'NV007'),
  ('TT7774', 'BL00078', 'Ví điện tử', '2024-05-28', 1000000, 'Hủy', '', 'NV006'),
  ('TT8552', 'BL00079', 'Ví điện tử', '2024-08-04', 1000000, 'Hoàn tiền', '', 'NV002'),
  ('TT3032', 'BL00080', 'Tiền mặt', '2024-11-09', 500000, 'Hủy', '', 'NV005'),
  ('TT7908', 'BL00081', 'Ví điện tử', '2024-04-22', 1000000, 'Hoàn tiền', 'Thanh toán học phí', 'NV009'),
  ('TT4642', 'BL00082', 'Chuyển khoản', '2024-03-12', 500000, 'Hủy', 'Thanh toán bán trú', 'NV006'),
  ('TT5007', 'BL00083', 'Chuyển khoản', '2024-02-08', 500000, 'Hủy', 'Thanh toán bán trú', 'NV008'),
  ('TT5229', 'BL00084', 'Chuyển khoản', '2024-07-18', 500000, 'Hoàn tiền', 'Thanh toán học phí', 'NV008'),
  ('TT5608', 'BL00085', 'Tiền mặt', '2024-03-08', 1000000, 'Hoàn tiền', 'Thanh toán học phí', 'NV006'),
  ('TT1845', 'BL00086', 'Chuyển khoản', '2024-11-24', 1500000, 'Hủy', 'Thanh toán học phí', 'NV010'),
  ('TT8779', 'BL00087', 'Chuyển khoản', '2024-06-17', 1000000, 'Hoàn tiền', 'Thanh toán học phí', 'NV007'),
  ('TT9023', 'BL00088', 'Tiền mặt', '2024-09-25', 500000, 'Hoàn tiền', 'Thanh toán bán trú', 'NV002'),
  ('TT9252', 'BL00089', 'Tiền mặt', '2024-03-08', 1000000, 'Hoàn tiền', 'Thanh toán bán trú', 'NV005'),
  ('TT2377', 'BL00090', 'Chuyển khoản', '2024-05-01', 500000, 'Hợp lệ', 'Thanh toán học phí', 'NV007'),
  ('TT2385', 'BL00091', 'Ví điện tử', '2024-11-23', 1000000, 'Hủy', 'Thanh toán bán trú', 'NV008'),
  ('TT7313', 'BL00092', 'Ví điện tử', '2024-12-26', 1500000, 'Hợp lệ', 'Thanh toán học phí', 'NV002'),
  ('TT7671', 'BL00093', 'Ví điện tử', '2024-12-11', 1500000, 'Hủy', '', 'NV009'),
  ('TT7738', 'BL00094', 'Ví điện tử', '2024-08-10', 500000, 'Hoàn tiền', 'Thanh toán học phí', 'NV001'),
  ('TT3825', 'BL00095', 'Tiền mặt', '2024-01-07', 1500000, 'Hủy', '', 'NV001'),
  ('TT9036', 'BL00096', 'Tiền mặt', '2024-06-20', 1500000, 'Hợp lệ', 'Thanh toán bán trú', 'NV001'),
  ('TT6413', 'BL00097', 'Tiền mặt', '2024-12-02', 500000, 'Hủy', 'Thanh toán bán trú', 'NV005'),
  ('TT5926', 'BL00098', 'Ví điện tử', '2024-08-18', 500000, 'Hoàn tiền', 'Thanh toán bán trú', 'NV003'),
  ('TT9799', 'BL00099', 'Ví điện tử', '2024-06-22', 1000000, 'Hủy', 'Thanh toán bán trú', 'NV003'),
  ('TT2181', 'BL00100', 'Tiền mặt', '2024-10-26', 1000000, 'Hoàn tiền', 'Thanh toán bán trú', 'NV010'),
  ('TT6093', 'BL00101', 'Chuyển khoản', '2024-07-22', 1000000, 'Hủy', '', 'NV007'),
  ('TT7700', 'BL00102', 'Chuyển khoản', '2024-06-22', 500000, 'Hoàn tiền', 'Thanh toán bán trú', 'NV010'),
  ('TT1272', 'BL00103', 'Chuyển khoản', '2024-08-02', 500000, 'Hợp lệ', '', 'NV009'),
  ('TT8126', 'BL00104', 'Ví điện tử', '2024-05-25', 1000000, 'Hợp lệ', '', 'NV006'),
  ('TT4399', 'BL00105', 'Tiền mặt', '2024-10-01', 1000000, 'Hủy', '', 'NV001'),
  ('TT5272', 'BL00106', 'Ví điện tử', '2024-05-06', 500000, 'Hoàn tiền', 'Thanh toán học phí', 'NV010'),
  ('TT2571', 'BL00107', 'Tiền mặt', '2024-07-28', 1500000, 'Hợp lệ', 'Thanh toán học phí', 'NV008'),
  ('TT9276', 'BL00108', 'Ví điện tử', '2024-08-25', 1000000, 'Hoàn tiền', 'Thanh toán học phí', 'NV009'),
  ('TT1000', 'BL00109', 'Tiền mặt', '2024-12-25', 1500000, 'Hợp lệ', 'Thanh toán bán trú', 'NV001'),
  ('TT6873', 'BL00110', 'Chuyển khoản', '2024-06-25', 1500000, 'Hủy', 'Thanh toán học phí', 'NV009'),
  ('TT6516', 'BL00111', 'Tiền mặt', '2024-01-17', 1000000, 'Hủy', '', 'NV007'),
  ('TT1431', 'BL00112', 'Tiền mặt', '2024-10-09', 1500000, 'Hợp lệ', '', 'NV009'),
  ('TT1843', 'BL00113', 'Ví điện tử', '2024-07-19', 1000000, 'Hợp lệ', '', 'NV003'),
  ('TT2744', 'BL00114', 'Tiền mặt', '2024-02-09', 1500000, 'Hoàn tiền', '', 'NV006'),
  ('TT5230', 'BL00115', 'Tiền mặt', '2024-02-04', 1500000, 'Hủy', 'Thanh toán bán trú', 'NV009'),
  ('TT8372', 'BL00116', 'Ví điện tử', '2024-06-26', 1500000, 'Hủy', 'Thanh toán học phí', 'NV006'),
  ('TT7585', 'BL00117', 'Chuyển khoản', '2024-11-21', 500000, 'Hủy', 'Thanh toán học phí', 'NV004'),
  ('TT9333', 'BL00118', 'Tiền mặt', '2024-11-27', 500000, 'Hủy', 'Thanh toán học phí', 'NV002'),
  ('TT6574', 'BL00119', 'Tiền mặt', '2024-12-18', 1500000, 'Hoàn tiền', 'Thanh toán học phí', 'NV002'),
  ('TT8502', 'BL00120', 'Tiền mặt', '2024-08-07', 1500000, 'Hợp lệ', 'Thanh toán bán trú', 'NV006'),
  ('TT8705', 'BL00121', 'Tiền mặt', '2024-04-18', 1500000, 'Hoàn tiền', 'Thanh toán bán trú', 'NV002'),
  ('TT6287', 'BL00122', 'Ví điện tử', '2024-08-27', 1500000, 'Hủy', 'Thanh toán bán trú', 'NV005'),
  ('TT7994', 'BL00123', 'Tiền mặt', '2024-08-03', 500000, 'Hủy', 'Thanh toán bán trú', 'NV003'),
  ('TT5456', 'BL00124', 'Tiền mặt', '2024-02-09', 1500000, 'Hoàn tiền', '', 'NV004'),
  ('TT9569', 'BL00125', 'Tiền mặt', '2024-05-02', 1000000, 'Hợp lệ', '', 'NV008'),
  ('TT1355', 'BL00126', 'Tiền mặt', '2024-07-01', 1000000, 'Hợp lệ', 'Thanh toán bán trú', 'NV008'),
  ('TT6628', 'BL00127', 'Chuyển khoản', '2024-08-16', 1000000, 'Hoàn tiền', 'Thanh toán bán trú', 'NV001'),
  ('TT3893', 'BL00128', 'Chuyển khoản', '2024-07-04', 1500000, 'Hợp lệ', 'Thanh toán học phí', 'NV007'),
  ('TT5657', 'BL00129', 'Tiền mặt', '2024-01-16', 500000, 'Hoàn tiền', 'Thanh toán học phí', 'NV002'),
  ('TT1610', 'BL00130', 'Ví điện tử', '2024-03-04', 500000, 'Hợp lệ', '', 'NV005'),
  ('TT9631', 'BL00131', 'Ví điện tử', '2024-09-02', 1500000, 'Hủy', '', 'NV009'),
  ('TT8743', 'BL00132', 'Chuyển khoản', '2024-01-08', 1500000, 'Hợp lệ', 'Thanh toán học phí', 'NV005'),
  ('TT9476', 'BL00133', 'Ví điện tử', '2024-07-09', 1500000, 'Hủy', 'Thanh toán học phí', 'NV005'),
  ('TT4302', 'BL00134', 'Tiền mặt', '2024-07-02', 500000, 'Hoàn tiền', 'Thanh toán bán trú', 'NV004'),
  ('TT9394', 'BL00135', 'Ví điện tử', '2024-07-26', 500000, 'Hoàn tiền', '', 'NV010'),
  ('TT7957', 'BL00136', 'Ví điện tử', '2024-11-01', 1000000, 'Hủy', '', 'NV006'),
  ('TT5594', 'BL00137', 'Ví điện tử', '2024-12-20', 500000, 'Hoàn tiền', '', 'NV002'),
  ('TT4776', 'BL00138', 'Ví điện tử', '2024-12-28', 500000, 'Hoàn tiền', 'Thanh toán bán trú', 'NV002'),
  ('TT5096', 'BL00139', 'Tiền mặt', '2024-09-05', 1500000, 'Hủy', 'Thanh toán học phí', 'NV001'),
  ('TT7286', 'BL00140', 'Chuyển khoản', '2024-03-04', 500000, 'Hợp lệ', '', 'NV010'),
  ('TT3750', 'BL00141', 'Tiền mặt', '2024-12-05', 500000, 'Hợp lệ', 'Thanh toán học phí', 'NV001'),
  ('TT7252', 'BL00142', 'Tiền mặt', '2024-02-14', 1500000, 'Hoàn tiền', '', 'NV009'),
  ('TT4962', 'BL00143', 'Ví điện tử', '2024-06-26', 500000, 'Hoàn tiền', '', 'NV003'),
  ('TT5377', 'BL00144', 'Ví điện tử', '2024-04-25', 500000, 'Hoàn tiền', '', 'NV009'),
  ('TT4270', 'BL00145', 'Chuyển khoản', '2024-11-27', 1500000, 'Hoàn tiền', '', 'NV001'),
  ('TT2156', 'BL00146', 'Chuyển khoản', '2024-08-08', 500000, 'Hợp lệ', 'Thanh toán học phí', 'NV005'),
  ('TT1914', 'BL00147', 'Chuyển khoản', '2024-07-19', 1000000, 'Hoàn tiền', 'Thanh toán bán trú', 'NV006'),
  ('TT3199', 'BL00148', 'Tiền mặt', '2024-03-24', 1000000, 'Hủy', '', 'NV002'),
  ('TT6241', 'BL00149', 'Tiền mặt', '2024-04-03', 1500000, 'Hủy', 'Thanh toán học phí', 'NV009'),
  ('TT9833', 'BL00150', 'Ví điện tử', '2024-10-19', 1000000, 'Hợp lệ', 'Thanh toán học phí', 'NV010'),
  ('TT5669', 'BL00151', 'Chuyển khoản', '2024-08-16', 1000000, 'Hủy', 'Thanh toán bán trú', 'NV001'),
  ('TT7824', 'BL00152', 'Tiền mặt', '2024-06-14', 1500000, 'Hủy', '', 'NV010'),
  ('TT2488', 'BL00153', 'Chuyển khoản', '2024-03-09', 1500000, 'Hủy', '', 'NV006'),
  ('TT6040', 'BL00154', 'Tiền mặt', '2024-05-18', 1000000, 'Hoàn tiền', 'Thanh toán bán trú', 'NV009'),
  ('TT5008', 'BL00155', 'Ví điện tử', '2024-04-08', 500000, 'Hủy', 'Thanh toán bán trú', 'NV005'),
  ('TT5435', 'BL00156', 'Tiền mặt', '2024-07-15', 500000, 'Hoàn tiền', 'Thanh toán học phí', 'NV001'),
  ('TT5398', 'BL00157', 'Tiền mặt', '2024-05-08', 500000, 'Hủy', 'Thanh toán bán trú', 'NV010'),
  ('TT2542', 'BL00158', 'Ví điện tử', '2024-11-21', 1500000, 'Hợp lệ', '', 'NV008'),
  ('TT4845', 'BL00159', 'Tiền mặt', '2024-04-08', 1000000, 'Hủy', 'Thanh toán bán trú', 'NV007'),
  ('TT5024', 'BL00160', 'Ví điện tử', '2024-06-25', 500000, 'Hủy', 'Thanh toán học phí', 'NV002'),
  ('TT5429', 'BL00161', 'Tiền mặt', '2024-09-09', 1500000, 'Hợp lệ', 'Thanh toán bán trú', 'NV005'),
  ('TT3812', 'BL00162', 'Ví điện tử', '2024-12-26', 1000000, 'Hợp lệ', 'Thanh toán bán trú', 'NV002'),
  ('TT1183', 'BL00163', 'Chuyển khoản', '2024-01-28', 500000, 'Hủy', '', 'NV008'),
  ('TT3229', 'BL00164', 'Tiền mặt', '2024-10-25', 1500000, 'Hủy', 'Thanh toán bán trú', 'NV005'),
  ('TT1471', 'BL00165', 'Chuyển khoản', '2024-02-04', 1000000, 'Hợp lệ', 'Thanh toán học phí', 'NV010'),
  ('TT4535', 'BL00166', 'Chuyển khoản', '2024-05-15', 500000, 'Hủy', 'Thanh toán bán trú', 'NV006'),
  ('TT2054', 'BL00167', 'Chuyển khoản', '2024-08-05', 1500000, 'Hoàn tiền', 'Thanh toán học phí', 'NV003'),
  ('TT6384', 'BL00168', 'Tiền mặt', '2024-11-19', 1000000, 'Hủy', 'Thanh toán bán trú', 'NV006'),
  ('TT8920', 'BL00169', 'Chuyển khoản', '2024-04-19', 1000000, 'Hoàn tiền', 'Thanh toán bán trú', 'NV005'),
  ('TT1526', 'BL00170', 'Ví điện tử', '2024-09-28', 500000, 'Hoàn tiền', 'Thanh toán học phí', 'NV001'),
  ('TT9820', 'BL00171', 'Chuyển khoản', '2024-12-19', 1500000, 'Hoàn tiền', '', 'NV007'),
  ('TT6011', 'BL00172', 'Tiền mặt', '2024-09-05', 500000, 'Hoàn tiền', 'Thanh toán học phí', 'NV001'),
  ('TT6532', 'BL00173', 'Ví điện tử', '2024-08-15', 500000, 'Hoàn tiền', 'Thanh toán học phí', 'NV008'),
  ('TT7552', 'BL00174', 'Tiền mặt', '2024-10-19', 500000, 'Hợp lệ', 'Thanh toán học phí', 'NV004'),
  ('TT7383', 'BL00175', 'Chuyển khoản', '2024-10-06', 1500000, 'Hủy', '', 'NV002'),
  ('TT5123', 'BL00176', 'Tiền mặt', '2024-04-12', 1000000, 'Hợp lệ', 'Thanh toán bán trú', 'NV010'),
  ('TT5279', 'BL00177', 'Chuyển khoản', '2024-03-22', 1000000, 'Hủy', 'Thanh toán bán trú', 'NV003'),
  ('TT9880', 'BL00178', 'Chuyển khoản', '2024-03-08', 1000000, 'Hoàn tiền', '', 'NV001'),
  ('TT1611', 'BL00179', 'Tiền mặt', '2024-10-19', 1000000, 'Hủy', 'Thanh toán học phí', 'NV007'),
  ('TT3940', 'BL00180', 'Tiền mặt', '2024-12-01', 500000, 'Hoàn tiền', 'Thanh toán học phí', 'NV004'),
  ('TT5162', 'BL00181', 'Ví điện tử', '2024-07-20', 500000, 'Hoàn tiền', '', 'NV004'),
  ('TT5461', 'BL00182', 'Chuyển khoản', '2024-09-13', 500000, 'Hợp lệ', 'Thanh toán bán trú', 'NV005'),
  ('TT3525', 'BL00183', 'Tiền mặt', '2024-09-11', 1000000, 'Hủy', 'Thanh toán bán trú', 'NV001'),
  ('TT9981', 'BL00184', 'Tiền mặt', '2024-05-09', 1500000, 'Hoàn tiền', 'Thanh toán học phí', 'NV005'),
  ('TT4684', 'BL00185', 'Ví điện tử', '2024-06-08', 1000000, 'Hợp lệ', 'Thanh toán bán trú', 'NV009'),
  ('TT9452', 'BL00186', 'Tiền mặt', '2024-03-12', 500000, 'Hủy', '', 'NV009'),
  ('TT3676', 'BL00187', 'Tiền mặt', '2024-04-15', 500000, 'Hủy', '', 'NV006'),
  ('TT1600', 'BL00188', 'Chuyển khoản', '2024-08-18', 500000, 'Hoàn tiền', 'Thanh toán bán trú', 'NV008'),
  ('TT4966', 'BL00189', 'Ví điện tử', '2024-01-22', 1000000, 'Hợp lệ', '', 'NV010'),
  ('TT4186', 'BL00190', 'Tiền mặt', '2024-02-08', 1000000, 'Hủy', '', 'NV002'),
  ('TT6702', 'BL00191', 'Ví điện tử', '2024-09-13', 500000, 'Hợp lệ', 'Thanh toán bán trú', 'NV010'),
  ('TT1212', 'BL00192', 'Ví điện tử', '2024-09-26', 500000, 'Hoàn tiền', 'Thanh toán bán trú', 'NV008'),
  ('TT1775', 'BL00193', 'Tiền mặt', '2024-04-27', 1500000, 'Hợp lệ', 'Thanh toán học phí', 'NV003'),
  ('TT4461', 'BL00194', 'Chuyển khoản', '2024-07-06', 1500000, 'Hợp lệ', 'Thanh toán học phí', 'NV010'),
  ('TT4570', 'BL00195', 'Chuyển khoản', '2024-05-04', 500000, 'Hợp lệ', '', 'NV004'),
  ('TT2693', 'BL00196', 'Tiền mặt', '2024-08-01', 1000000, 'Hủy', '', 'NV001'),
  ('TT3916', 'BL00197', 'Tiền mặt', '2024-05-11', 1500000, 'Hợp lệ', '', 'NV001'),
  ('TT4278', 'BL00198', 'Tiền mặt', '2024-12-23', 1500000, 'Hợp lệ', '', 'NV008'),
  ('TT6134', 'BL00199', 'Chuyển khoản', '2024-06-09', 1000000, 'Hủy', 'Thanh toán học phí', 'NV009'),
  ('TT2261', 'BL00200', 'Chuyển khoản', '2024-11-28', 1500000, 'Hợp lệ', '', 'NV005'),
  ('TT2671', 'BL00201', 'Chuyển khoản', '2024-03-28', 500000, 'Hủy', 'Thanh toán bán trú', 'NV001'),
  ('TT6831', 'BL00202', 'Tiền mặt', '2024-03-13', 1500000, 'Hoàn tiền', 'Thanh toán bán trú', 'NV008'),
  ('TT9033', 'BL00203', 'Chuyển khoản', '2024-03-27', 1000000, 'Hợp lệ', 'Thanh toán bán trú', 'NV007'),
  ('TT1931', 'BL00204', 'Tiền mặt', '2024-09-25', 500000, 'Hủy', 'Thanh toán bán trú', 'NV009'),
  ('TT8353', 'BL00205', 'Tiền mặt', '2024-01-19', 500000, 'Hoàn tiền', 'Thanh toán học phí', 'NV003'),
  ('TT9530', 'BL00206', 'Tiền mặt', '2024-07-18', 1500000, 'Hoàn tiền', '', 'NV007'),
  ('TT8871', 'BL00207', 'Tiền mặt', '2024-05-11', 500000, 'Hoàn tiền', '', 'NV004'),
  ('TT7561', 'BL00208', 'Tiền mặt', '2024-08-03', 500000, 'Hoàn tiền', 'Thanh toán bán trú', 'NV009'),
  ('TT4155', 'BL00209', 'Chuyển khoản', '2024-10-21', 500000, 'Hợp lệ', '', 'NV006'),
  ('TT3570', 'BL00210', 'Tiền mặt', '2024-10-14', 500000, 'Hoàn tiền', 'Thanh toán học phí', 'NV003'),
  ('TT3790', 'BL00211', 'Tiền mặt', '2024-06-03', 1500000, 'Hợp lệ', '', 'NV002'),
  ('TT3378', 'BL00212', 'Ví điện tử', '2024-09-24', 1500000, 'Hủy', '', 'NV004'),
  ('TT5590', 'BL00213', 'Tiền mặt', '2024-10-15', 1000000, 'Hủy', 'Thanh toán bán trú', 'NV004'),
  ('TT6403', 'BL00214', 'Chuyển khoản', '2024-09-06', 1500000, 'Hợp lệ', 'Thanh toán học phí', 'NV009'),
  ('TT2861', 'BL00215', 'Ví điện tử', '2024-06-26', 1000000, 'Hợp lệ', 'Thanh toán học phí', 'NV004'),
  ('TT3375', 'BL00216', 'Ví điện tử', '2024-02-10', 1500000, 'Hợp lệ', '', 'NV008'),
  ('TT4719', 'BL00217', 'Chuyển khoản', '2024-05-23', 1000000, 'Hủy', '', 'NV005'),
  ('TT4732', 'BL00218', 'Ví điện tử', '2024-04-19', 500000, 'Hợp lệ', 'Thanh toán học phí', 'NV003'),
  ('TT5559', 'BL00219', 'Chuyển khoản', '2024-09-18', 1000000, 'Hoàn tiền', '', 'NV003'),
  ('TT4790', 'BL00220', 'Chuyển khoản', '2024-12-15', 1000000, 'Hoàn tiền', 'Thanh toán học phí', 'NV008'),
  ('TT7348', 'BL00221', 'Chuyển khoản', '2024-05-10', 1000000, 'Hoàn tiền', 'Thanh toán học phí', 'NV004'),
  ('TT5100', 'BL00222', 'Ví điện tử', '2024-05-20', 500000, 'Hoàn tiền', 'Thanh toán học phí', 'NV003'),
  ('TT4394', 'BL00223', 'Ví điện tử', '2024-06-16', 1000000, 'Hủy', 'Thanh toán học phí', 'NV005'),
  ('TT9714', 'BL00224', 'Tiền mặt', '2024-03-20', 1500000, 'Hợp lệ', '', 'NV005'),
  ('TT5841', 'BL00225', 'Ví điện tử', '2024-11-10', 1000000, 'Hủy', 'Thanh toán học phí', 'NV010'),
  ('TT2675', 'BL00226', 'Chuyển khoản', '2024-11-01', 1500000, 'Hợp lệ', 'Thanh toán bán trú', 'NV005'),
  ('TT7817', 'BL00227', 'Tiền mặt', '2024-07-23', 500000, 'Hủy', '', 'NV008'),
  ('TT4578', 'BL00228', 'Chuyển khoản', '2024-05-06', 500000, 'Hủy', 'Thanh toán bán trú', 'NV003'),
  ('TT7246', 'BL00229', 'Tiền mặt', '2024-05-20', 1000000, 'Hợp lệ', '', 'NV007'),
  ('TT5946', 'BL00230', 'Ví điện tử', '2024-01-20', 1000000, 'Hoàn tiền', 'Thanh toán học phí', 'NV001'),
  ('TT4562', 'BL00231', 'Tiền mặt', '2024-03-15', 1000000, 'Hợp lệ', 'Thanh toán bán trú', 'NV002'),
  ('TT3717', 'BL00232', 'Chuyển khoản', '2024-03-13', 500000, 'Hợp lệ', 'Thanh toán học phí', 'NV008'),
  ('TT4204', 'BL00233', 'Chuyển khoản', '2024-10-26', 1000000, 'Hợp lệ', 'Thanh toán bán trú', 'NV002'),
  ('TT6954', 'BL00234', 'Ví điện tử', '2024-03-20', 1000000, 'Hợp lệ', 'Thanh toán học phí', 'NV010'),
  ('TT4584', 'BL00235', 'Ví điện tử', '2024-08-26', 500000, 'Hợp lệ', '', 'NV010'),
  ('TT3203', 'BL00236', 'Ví điện tử', '2024-11-25', 500000, 'Hoàn tiền', 'Thanh toán học phí', 'NV007'),
  ('TT6806', 'BL00237', 'Ví điện tử', '2024-08-26', 1000000, 'Hủy', '', 'NV010'),
  ('TT2905', 'BL00238', 'Tiền mặt', '2024-03-14', 1000000, 'Hoàn tiền', 'Thanh toán học phí', 'NV008'),
  ('TT4871', 'BL00239', 'Ví điện tử', '2024-07-11', 1000000, 'Hợp lệ', 'Thanh toán bán trú', 'NV004'),
  ('TT4048', 'BL00240', 'Tiền mặt', '2024-10-02', 1500000, 'Hoàn tiền', '', 'NV007'),
  ('TT7478', 'BL00241', 'Chuyển khoản', '2024-07-03', 1500000, 'Hủy', 'Thanh toán học phí', 'NV003'),
  ('TT6953', 'BL00242', 'Chuyển khoản', '2024-04-27', 1500000, 'Hoàn tiền', 'Thanh toán học phí', 'NV006'),
  ('TT5979', 'BL00243', 'Chuyển khoản', '2024-12-10', 1000000, 'Hoàn tiền', '', 'NV002'),
  ('TT7083', 'BL00244', 'Chuyển khoản', '2024-10-05', 1500000, 'Hoàn tiền', 'Thanh toán bán trú', 'NV001'),
  ('TT8516', 'BL00245', 'Ví điện tử', '2024-08-12', 500000, 'Hoàn tiền', '', 'NV010'),
  ('TT9734', 'BL00246', 'Tiền mặt', '2024-04-22', 1500000, 'Hủy', 'Thanh toán bán trú', 'NV001'),
  ('TT8105', 'BL00247', 'Chuyển khoản', '2024-04-24', 1500000, 'Hoàn tiền', '', 'NV006'),
  ('TT2633', 'BL00248', 'Tiền mặt', '2024-09-23', 1000000, 'Hủy', 'Thanh toán học phí', 'NV004'),
  ('TT1700', 'BL00249', 'Tiền mặt', '2024-04-08', 1000000, 'Hủy', '', 'NV005'),
  ('TT8899', 'BL00250', 'Chuyển khoản', '2024-11-27', 1500000, 'Hợp lệ', '', 'NV003'),
  ('TT9360', 'BL00251', 'Tiền mặt', '2024-05-04', 1000000, 'Hợp lệ', 'Thanh toán học phí', 'NV008'),
  ('TT1206', 'BL00252', 'Chuyển khoản', '2024-11-19', 1500000, 'Hủy', '', 'NV008'),
  ('TT2408', 'BL00253', 'Tiền mặt', '2024-04-08', 500000, 'Hợp lệ', 'Thanh toán học phí', 'NV002'),
  ('TT7735', 'BL00254', 'Chuyển khoản', '2024-03-08', 1000000, 'Hủy', '', 'NV001'),
  ('TT2991', 'BL00255', 'Chuyển khoản', '2024-06-12', 500000, 'Hoàn tiền', 'Thanh toán học phí', 'NV001'),
  ('TT4227', 'BL00256', 'Ví điện tử', '2024-11-23', 1000000, 'Hủy', '', 'NV003'),
  ('TT1516', 'BL00257', 'Ví điện tử', '2024-06-13', 500000, 'Hợp lệ', '', 'NV010'),
  ('TT2614', 'BL00258', 'Ví điện tử', '2024-06-27', 500000, 'Hợp lệ', '', 'NV006'),
  ('TT9937', 'BL00259', 'Tiền mặt', '2024-08-25', 1500000, 'Hợp lệ', 'Thanh toán bán trú', 'NV002'),
  ('TT4992', 'BL00260', 'Tiền mặt', '2024-01-12', 1500000, 'Hoàn tiền', '', 'NV005'),
  ('TT1794', 'BL00261', 'Ví điện tử', '2024-02-20', 1500000, 'Hủy', '', 'NV006'),
  ('TT4990', 'BL00262', 'Ví điện tử', '2024-06-12', 500000, 'Hợp lệ', 'Thanh toán học phí', 'NV007'),
  ('TT3395', 'BL00263', 'Tiền mặt', '2024-09-21', 1500000, 'Hợp lệ', 'Thanh toán học phí', 'NV007'),
  ('TT9789', 'BL00264', 'Tiền mặt', '2024-07-04', 1500000, 'Hủy', '', 'NV002'),
  ('TT8524', 'BL00265', 'Ví điện tử', '2024-12-14', 1000000, 'Hủy', '', 'NV001'),
  ('TT4370', 'BL00266', 'Tiền mặt', '2024-07-03', 500000, 'Hợp lệ', 'Thanh toán học phí', 'NV003'),
  ('TT4895', 'BL00267', 'Tiền mặt', '2024-10-18', 1500000, 'Hủy', 'Thanh toán bán trú', 'NV006'),
  ('TT9241', 'BL00268', 'Ví điện tử', '2024-10-15', 500000, 'Hợp lệ', 'Thanh toán học phí', 'NV004'),
  ('TT3786', 'BL00269', 'Ví điện tử', '2024-12-14', 1000000, 'Hoàn tiền', '', 'NV010'),
  ('TT1560', 'BL00270', 'Tiền mặt', '2024-01-03', 500000, 'Hủy', 'Thanh toán bán trú', 'NV002'),
  ('TT9099', 'BL00271', 'Tiền mặt', '2024-10-05', 500000, 'Hoàn tiền', 'Thanh toán bán trú', 'NV009'),
  ('TT1096', 'BL00272', 'Ví điện tử', '2024-09-20', 1000000, 'Hợp lệ', 'Thanh toán học phí', 'NV007'),
  ('TT5491', 'BL00273', 'Ví điện tử', '2024-07-08', 1500000, 'Hoàn tiền', '', 'NV007'),
  ('TT2326', 'BL00274', 'Ví điện tử', '2024-12-18', 1500000, 'Hủy', '', 'NV009'),
  ('TT5784', 'BL00275', 'Ví điện tử', '2024-07-20', 1000000, 'Hủy', 'Thanh toán bán trú', 'NV001'),
  ('TT6881', 'BL00276', 'Ví điện tử', '2024-06-13', 1500000, 'Hoàn tiền', '', 'NV007'),
  ('TT8544', 'BL00277', 'Chuyển khoản', '2024-09-02', 1000000, 'Hủy', '', 'NV008'),
  ('TT6279', 'BL00278', 'Tiền mặt', '2024-12-21', 1500000, 'Hợp lệ', 'Thanh toán bán trú', 'NV005'),
  ('TT3567', 'BL00279', 'Chuyển khoản', '2024-11-07', 500000, 'Hợp lệ', 'Thanh toán học phí', 'NV007'),
  ('TT9248', 'BL00280', 'Chuyển khoản', '2024-08-17', 1000000, 'Hoàn tiền', 'Thanh toán bán trú', 'NV001'),
  ('TT2366', 'BL00281', 'Ví điện tử', '2024-01-25', 500000, 'Hoàn tiền', 'Thanh toán học phí', 'NV009'),
  ('TT4500', 'BL00282', 'Ví điện tử', '2024-02-21', 500000, 'Hủy', 'Thanh toán học phí', 'NV010'),
  ('TT6566', 'BL00283', 'Ví điện tử', '2024-07-15', 1000000, 'Hủy', 'Thanh toán học phí', 'NV008'),
  ('TT2879', 'BL00284', 'Chuyển khoản', '2024-07-13', 1500000, 'Hoàn tiền', 'Thanh toán bán trú', 'NV007'),
  ('TT2756', 'BL00285', 'Chuyển khoản', '2024-02-28', 1500000, 'Hủy', 'Thanh toán học phí', 'NV002'),
  ('TT8924', 'BL00286', 'Tiền mặt', '2024-05-12', 500000, 'Hợp lệ', 'Thanh toán học phí', 'NV010'),
  ('TT4686', 'BL00287', 'Chuyển khoản', '2024-04-10', 1000000, 'Hợp lệ', 'Thanh toán bán trú', 'NV001'),
  ('TT8141', 'BL00288', 'Ví điện tử', '2024-04-19', 1000000, 'Hợp lệ', 'Thanh toán bán trú', 'NV001');

INSERT INTO NhanVienHanhChinh_BangChungChi (Loai_cong_viec, Bang_chung_chi) VALUES
  ('Kế toán', 'Ngoại ngữ B'),
  ('Y tế', 'Chứng chỉ y tế'),
  ('Tạp vụ', 'Ngoại ngữ A'),
  ('Thư viện', 'Tin học cơ bản'),
  ('Thư ký', 'Tin học cơ bản'),
  ('Thủ quỹ', 'Tin học cơ bản'),
  ('Bảo vệ', 'Quản lý hành chính');

INSERT INTO NhanVienHanhChinh_PhuCap_LuongCoBan (Chuc_vu, Trinh_do_hoc_van, Phu_cap, Luong_co_ban) VALUES
  ('Phó phòng', 'Thạc sĩ', 500000, 5000000),
  ('Phó phòng', 'Cử nhân', 500000, 7000000),
  ('Nhân viên', 'Thạc sĩ', 1500000, 5000000),
  ('Trưởng phòng', 'Thạc sĩ', 500000, 7000000),
  ('Nhân viên', 'Cử nhân', 1000000, 7000000),
  ('Trưởng phòng', 'Cử nhân', 1000000, 5000000);

  insert into monhoc_loai (Loai_mon,He_so_diem) VALUES 
('Tự chọn',0.5),
('Bắt buộc',1);

INSERT INTO hoc_ky (Ma_hoc_ky,Ten_hoc_ky,Trang_thai,Ngay_bat_dau,Ngay_ket_thuc,Ma_nam_hoc) VALUES
('HK001','Học kỳ 1','Đang diễn ra','2025-09-02','2025-12-25','NH001'),
('HK002','Học kỳ 2','Đang diễn ra','2025-01-15','2025-05-31','NH001');
INSERT INTO nam_hoc (Ma_nam_hoc,Ten_nam_hoc,Ngay_bat_dau,Ngay_ket_thuc,Trang_thai) VALUES
('NH001','Năm học 2025','2025-09-02','2026-05-31','Đang diễn ra');
-- Lớp 6A
UPDATE Hoc_Sinh
SET ID_lop_truong = 'HS6A05'
WHERE Ma_lop_hoc = '6A';

-- Lớp 6B
UPDATE Hoc_Sinh
SET ID_lop_truong = 'HS6B03'
WHERE Ma_lop_hoc = '6B';

-- Lớp 7A
UPDATE Hoc_Sinh
SET ID_lop_truong = 'HS7A07'
WHERE Ma_lop_hoc = '7A';

-- Lớp 7B
UPDATE Hoc_Sinh
SET ID_lop_truong = 'HS7B05'
WHERE Ma_lop_hoc = '7B';

-- Lớp 8A
UPDATE Hoc_Sinh
SET ID_lop_truong = 'HS8A11'
WHERE Ma_lop_hoc = '8A';

-- Lớp 8B
UPDATE Hoc_Sinh
SET ID_lop_truong = 'HS8B16'
WHERE Ma_lop_hoc = '8B';

-- Lớp 9A
UPDATE Hoc_Sinh
SET ID_lop_truong = 'HS9A04'
WHERE Ma_lop_hoc = '9A';

-- Lớp 9B
UPDATE Hoc_Sinh
SET ID_lop_truong = 'HS9B16'
WHERE Ma_lop_hoc = '9B';

-- Lớp 10A (Đã làm ở câu trước)
UPDATE Hoc_Sinh
SET ID_lop_truong = 'HS10A01'
WHERE Ma_lop_hoc = '10A';

-- Lớp 10B
UPDATE Hoc_Sinh
SET ID_lop_truong = 'HS10B10'
WHERE Ma_lop_hoc = '10B';

-- Lớp 11A
UPDATE Hoc_Sinh
SET ID_lop_truong = 'HS11A07'
WHERE Ma_lop_hoc = '11A';

-- Lớp 11B
UPDATE Hoc_Sinh
SET ID_lop_truong = 'HS11B14'
WHERE Ma_lop_hoc = '11B';

-- Lớp 12A
UPDATE Hoc_Sinh
SET ID_lop_truong = 'HS12A13'
WHERE Ma_lop_hoc = '12A';

-- Lớp 12B
UPDATE Hoc_Sinh
SET ID_lop_truong = 'HS12B07'
WHERE Ma_lop_hoc = '12B';